学年,対象の漢字,読み,文章,ぶんしょう,英語,スペイン語
1,一,いち,{運動会}の{徒競走}で[一]{位}になる。,{うんどうかい}の{ときょうそう}で[いち]{い}になる。,Won first place in the foot race at the sports day.,Obtuvo el primer lugar en la carrera a pie en la jornada deportiva.
1,一,ひと,この{世}に[一]つしかない{指輪}が{展示}される。,この{よ}に[ひと]つしかない{ゆびわ}が{てんじ}される。,A one-of-a-kind ring will be on display.,Se exhibirá un anillo único en su tipo.
1,七,しち,[七]{五三}の{写真}をアルバムに{入}れる。,[しち]{ごさん}の{しゃしん}をアルバムに{い}れる。,Put Shichi-Go-San photos in an album.,Pon fotos de Shichi-Go-San en un álbum.
1,七,なな,{雨}の{後}に[七]{色}のにじが{見}えた。,{あめ}の{あと}に[なな]{いろ}のにじが{み}えた。,"After the rain, I saw a seven-colored rainbow.","Después de la lluvia, vi un arcoíris de siete colores."
1,七,なの,{私}の{誕生日}は{四月}[七]{日}です。,{わたし}の{たんじょうび}は{しがつ}[なの]{か}です。,My birthday is April 7th.,Mi cumpleaños es el 7 de abril.
1,三,さん,{工事現場}の{周}りに[三]{角}コーンが{並}べられている。,{こうじげんば}の{まわ}りに[さん]{かく}コーンが{なら}べられている。,Triangular cones are lined up around the construction site.,Los conos triangulares están alineados alrededor del sitio de construcción.
1,三,み,{人形}のかみを[三]つ{編}みにする。,{にんぎょう}のかみを[み]つ{あ}みにする。,Braid the doll's hair.,Trenza el cabello de la muñeca.
1,三,みっ,{知}り{合}いからあめ{玉}を[三]つもらった。,{し}り{あ}いからあめ{だま}を[みっ]つもらった。,I received three candy balls from an acquaintance.,Recibí tres bolas de caramelo de un conocido.
1,上,あ,お{祭}りの{日}に{花火}が{打}ち[上]がる。,お{まつ}りの{ひ}に{はなび}が{う}ち[あ]がる。,Fireworks are set off on festival days.,Los días festivos se lanzan fuegos artificiales.
1,上,うえ,{机}の[上]に{教科書}を{置}いておく。,{つくえ}の[うえ]に{きょうかしょ}を{お}いておく。,Leave the textbook on the desk.,Deja el libro de texto sobre el escritorio.
1,上,うわ,{三学期}が{終}わる{日}に[上]ぐつを{持}って{帰}る。,{さんがっき}が{お}わる{ひ}に[うわ]ぐつを{も}って{かえ}る。,"On the day the third semester ends, I bring home the shoes.","El día que termina el tercer semestre, llevo los zapatos a casa."
1,上,かみ,{川}[上]からももが{流}れてくる。,{かわ}[かみ]からももが{なが}れてくる。,Peach is flowing from upstream.,El melocotón fluye río arriba.
1,上,じょう,{気球}が{空}から{地}[上]に{降}りてくる。,{ききゅう}が{そら}から{ち}[じょう]に{お}りてくる。,Balloons fall from the sky to the ground.,Los globos caen del cielo al suelo.
1,上,のぼ,{電車}の[上]り{線}と{下}り{線}をまちがえる。,{でんしゃ}の[のぼ]り{せん}と{くだ}り{せん}をまちがえる。,Mistaking the up and down train lines.,Confundir las líneas de tren de subida y bajada.
1,下,お,おじさんが{作業}を{済}ませて、キャタツから[下]りる。,おじさんが{さぎょう}を{す}ませて、キャタツから[お]りる。,The old man finishes his work and gets off the cat.,El anciano termina su trabajo y se baja del gato.
1,下,か,{日曜日}に、{地}[下]{鉄}に{乗}って{出}かける。,{にちようび}に、{ち}[か]{てつ}に{の}って{で}かける。,"On Sunday, I go out on the subway.",El domingo salgo en metro.
1,下,くだ,{山}を[下]っているとちゅうで、キツネに{会}った。,{やま}を[くだ]っているとちゅうで、キツネに{あ}った。,"As I was going down the mountain, I met a fox.","Mientras bajaba de la montaña, me encontré con un zorro."
1,下,げ,トイレで{流}した{水}が、[下]{水道}に{流}れていく。,トイレで{なが}した{みず}が、[げ]{すいどう}に{なが}れていく。,Water flushed from the toilet flows into the sewer.,El agua que sale del inodoro desemboca en el alcantarillado.
1,下,さ,{秘密兵器}のレバーを[下]げる。,{ひみつへいき}のレバーを[さ]げる。,Lower the secret weapon lever.,Baja la palanca del arma secreta.
1,下,した,ソファーの[下]にビー{玉}が{転}がっていった。,ソファーの[した]にビー{だま}が{ころ}がっていった。,The marbles rolled under the sofa.,Las canicas rodaron debajo del sofá.
1,下,しも,{川}[下]の{方}で、{無}くしたサンダルが{見}つかった。,{かわ}[しも]の{ほう}で、{な}くしたサンダルが{み}つかった。,I found my lost sandals downstream.,Encontré mis sandalias perdidas río abajo.
1,中,じゅう,{今日}は{一日}[中]、{風}が{強}かった。,{きょう}は{いちにち}[じゅう]、{かぜ}が{つよ}かった。,The wind was strong all day today.,El viento estuvo fuerte durante todo el día de hoy.
1,中,ちゅう,いやな{予感}が{的}[中]してしまった。,いやな{よかん}が{てき}[ちゅう]してしまった。,My unpleasant premonition came true.,Mi desagradable premonición se hizo realidad.
1,中,なか,{作品}の[中]で、{作者}の{姿}がえがかれる。,{さくひん}の[なか]で、{さくしゃ}の{すがた}がえがかれる。,The author's image can be seen in the work.,La imagen del autor se puede ver en la obra.
1,九,きゅう,[九]{州地方}の{県庁所在地}はマスターした。,[きゅう]{しゅうちほう}の{けんちょうしょざいち}はマスターした。,I have mastered the prefectural capitals of the Kyushu region.,He dominado las capitales de las prefecturas de la región de Kyushu.
1,九,く,{算数}の[九]{九}はまだ{全}て{暗記}できていない。,{さんすう}の[く]{く}はまだ{すべ}て{あんき}できていない。,I still haven't memorized all the arithmetic tables.,Todavía no he memorizado todas las tablas aritméticas.
1,九,ここの,{都道府県名}のテストで[九]つ{書}けなかった。,{とどうふけんめい}のテストで[ここの]つ{か}けなかった。,I couldn't write nine names on the prefecture name test.,No pude escribir nueve nombres en la prueba de nombres de prefectura.
1,二,に,{酸素}を{取}りこんで、[二]{酸化炭素}をはき{出}す。,{さんそ}を{と}りこんで、[に]{さんかたんそ}をはき{だ}す。,It takes in oxygen and gives out carbon dioxide.,Toma oxígeno y emite dióxido de carbono.
1,二,ふた,かれはいつも[二]{言目}には「やべえ」と{言}う。,かれはいつも[ふた]{ことめ}には「やべえ」と{い}う。,"He always says ""Oh no"" on the second word.","Siempre dice ""Oh, no"" en la segunda palabra."
1,五,いつ,{上}から[五]つ{目}のボタンをかけちがえる。,{うえ}から[いつ]つ{め}のボタンをかけちがえる。,Press the fifth button from the top.,Presione el quinto botón desde arriba.
1,五,ご,{昨日}の{晩}ごはんは[五]{目}ごはんだった。,{きのう}の{ばん}ごはんは[ご]{もく}ごはんだった。,Last night's dinner was gomoku rice.,La cena de anoche fue arroz gomoku.
1,人,じん,{小説}の{主}[人]{公}に{共感}する。,{しょうせつ}の{しゅ}[じん]{こう}に{きょうかん}する。,Empathize with the main character of the novel.,Empatizar con el personaje principal de la novela.
1,人,にん,ひな{祭}りの{日}にひな[人]{形}をかざった。,ひな{まつ}りの{ひ}にひな[にん]{ぎょう}をかざった。,I decorated Hina dolls on the Doll's Festival.,Decoré muñecas Hina en el Festival de Muñecas.
1,人,ひと,[人]があまり{来}ない{所}に{秘密基地}をつくる。,[ひと]があまり{こ}ない{ところ}に{ひみつきち}をつくる。,Build a secret base in a place where not many people visit.,Construye una base secreta en un lugar donde no visite mucha gente.
1,休,きゅう,{今月}は{連}[休]がないからゆううつだ。,{こんげつ}は{れん}[きゅう]がないからゆううつだ。,"There are no consecutive holidays this month, so I'm feeling depressed.","Este mes no hay días festivos consecutivos, así que me siento deprimido."
1,休,やす,お{昼}[休]みの{後}の{授業}はねむい。,お{ひる}[やす]みの{あと}の{じゅぎょう}はねむい。,Classes after lunch break are sleepy.,Las clases después del almuerzo tienen sueño.
1,先,さき,さいほう{針}の[先]が{指}にささる。,さいほう{はり}の[さき]が{ゆび}にささる。,The tip of the needle sticks in my finger.,La punta de la aguja se clava en mi dedo.
1,先,せん,[先]{生}といっしょに{教室}のそうじに{取}り{組}む。,[せん]{せい}といっしょに{きょうしつ}のそうじに{と}り{く}む。,Work together with the teacher to clean the classroom.,Trabajar junto con el maestro para limpiar el salón de clases.
1,入,い,いつも{乗}っている{自転車}をお{手}[入]れする。,いつも{の}っている{じてんしゃ}をお{て}[い]れする。,Take care of the bicycle you always ride.,Cuida la bicicleta que utilizas siempre.
1,入,にゅう,{今年}から{空手教室}に[入]{門}した。,{ことし}から{からてきょうしつ}に[にゅう]{もん}した。,I started a karate class this year.,Empecé una clase de karate este año.
1,入,はい,{庭}の{巣箱}に{鳥}が[入]っていった。,{にわ}の{すばこ}に{とり}が[はい]っていった。,A bird went into the birdhouse in the garden.,Un pájaro entró en la pajarera del jardín.
1,八,はち,{夏休}みは[八]{月末}までだ。,{なつやす}みは[はち]{がつまつ}までだ。,Summer vacation lasts until the end of August.,Las vacaciones de verano duran hasta finales de agosto.
1,八,や,[八]{重桜}の{写真}をとる。,[や]{えざくら}の{しゃしん}をとる。,Take a photo of double cherry blossoms.,Tome una fotografía de flores de cerezo dobles.
1,八,や,ものに[八]つ{当}たりしておこられる。,ものに[や]つ{あ}たりしておこられる。,It is caused by hitting something.,Se produce al golpear algo.
1,八,やっ,としが[八]つくらいの{子}と{遊}ぶ。,としが[やっ]つくらいの{こ}と{あそ}ぶ。,Toshiga plays with a child who is about eight years old.,Toshiga juega con un niño de unos ocho años.
1,八,よう,[八]{日}の{正午}に{待}ち{合}わせをする。,[よう]{か}の{しょうご}に{ま}ち{あ}わせをする。,We will meet at noon on the 8th.,Nos reuniremos el día 8 al mediodía.
1,六,む,とんかつを[六]つ{切}りにしてテーブルに{並}べる。,とんかつを[む]つ{ぎ}りにしてテーブルに{なら}べる。,Cut the tonkatsu into six pieces and arrange them on the table.,Corta el tonkatsu en seis trozos y colócalos sobre la mesa.
1,六,むい,{今日}で{犬}を{飼}い{始}めて[六]{日目}になった。,{きょう}で{いぬ}を{か}い{はじ}めて[むい]{かめ}になった。,Today is the sixth day since I got a dog.,Hoy es el sexto día desde que tengo un perro.
1,六,むっ,みかんを[六]つこたつの{上}に{置}く。,みかんを[むっ]つこたつの{うえ}に{お}く。,Place six mandarin oranges on the kotatsu.,Coloque seis mandarinas sobre el kotatsu.
1,六,ろく,{夏休}み{前}は、{図書室}で[六]{冊}まで{本}を{借}りられます。,{なつやす}み{まえ}は、{としょしつ}で[ろく]{さつ}まで{ほん}を{か}りられます。,"Before summer vacation, you can borrow up to six books from the library.","Antes de las vacaciones de verano, puedes pedir prestados hasta seis libros de la biblioteca."
1,円,えん,おかしの{代金}を、{五}[円]{玉}を{使}ってはらった。,おかしの{だいきん}を、{ご}[えん]{たま}を{つか}ってはらった。,I used a five-yen coin to pay for the snacks.,Usé una moneda de cinco yenes para pagar los bocadillos.
1,円,まる,コンパスとハサミを{使}って、{紙}を[円]く{切}った。,コンパスとハサミを{つか}って、{かみ}を[まる]く{き}った。,Cut the paper into a circle using a compass and scissors.,Corta el papel en un círculo con un compás y unas tijeras.
1,出,しゅつ,ホースから{水}を{一気}に{放}[出]する。,ホースから{みず}を{いっき}に{ほう}[しゅつ]する。,Release water from the hose all at once.,Libere el agua de la manguera de una vez.
1,出,だ,ポケットからハンカチを{取}り[出]す。,ポケットからハンカチを{と}り[だ]す。,I take out a handkerchief from my pocket.,Saco un pañuelo de mi bolsillo.
1,出,で,{机}のおくから{百円玉}が[出]てくる。,{つくえ}のおくから{ひゃくえんたま}が[で]てくる。,A 100 yen coin comes out from the desk.,Del escritorio sale una moneda de 100 yenes.
1,力,ちから,[力]{任}せにドアをこじ{開}ける。,[ちから]{まか}せにドアをこじ{あ}ける。,Pry open the door with all your might.,Abre la puerta con todas tus fuerzas.
1,力,りき,こんしんの[力]{作}がついに{完成}する。,こんしんの[りき]{さく}がついに{かんせい}する。,Konshin's masterpiece is finally completed.,La obra maestra de Konshin finalmente está terminada.
1,力,りょく,リンゴが{引}[力]によって{下}に{落}ちる。,リンゴが{いん}[りょく]によって{した}に{お}ちる。,The apple falls to the bottom due to gravity.,La manzana cae al fondo debido a la gravedad.
1,十,じゅう,{自動}はん{売機}に[十]{円玉}を{入}れる。,{じどう}はん{ばいき}に[じゅう]{えんたま}を{い}れる。,Put a ten yen coin into the automatic ticket machine.,Introduzca una moneda de diez yenes en la máquina expendedora de billetes.
1,十,と,みんな{個性}がちがう。[十]{人十色}だ。,みんな{こせい}がちがう。[と]{いろ}だ。,Everyone has different personalities. There are ten different people.,Cada uno tiene diferentes personalidades. Hay diez personas diferentes.
1,十,とお,{夏休}みの[十]{日目}に{遊}びにさそわれた。,{なつやす}みの[とお]{かめ}に{あそ}びにさそわれた。,"On the tenth day of summer vacation, I was invited to play.",El décimo día de las vacaciones de verano me invitaron a jugar.
1,千,せん,{私}は{二}[千]{円札}を{見}たことがない。,{わたくし}は{に}[せん]{えんさつ}を{み}たことがない。,"I've never seen a 2,000 yen bill.",Nunca he visto un billete de 2.000 yenes.
1,千,ち,きれいな[千]{代紙}でつるを{折}った。,きれいな[ち]{よがみ}でつるを{お}った。,I folded the vines out of beautiful chiyogami paper.,Doblé las enredaderas con un hermoso papel chiyogami.
1,口,く,{上田}さんは{少}し{変}わった[口]{調}で{話}す。,{うえだ}さんは{すこ}し{か}わった[く]{ちょう}で{はな}す。,Mr. Ueda speaks in a slightly unusual tone.,El señor Ueda habla en un tono ligeramente inusual.
1,口,くち,{早}[口]{言葉}にチャレンジしたら{舌}をかんだ。,{はや}[くち]{ことば}にチャレンジしたら{した}をかんだ。,I bit my tongue when I tried to use a tongue twister.,Me mordí la lengua cuando intenté usar un trabalenguas.
1,口,こう,{日本}の{中}では{東京}が{最}も{人}[口]{密度}が{高}い。,{にっぽん}の{なか}では{とうきょう}が{もっと}も{じん}[こう]{みつど}が{たか}い。,Tokyo has the highest population density in Japan.,Tokio tiene la mayor densidad de población de Japón.
1,右,う,{前}の{車}がいきなり[右]{折}する。,{まえ}の{くるま}がいきなり[う]{せつ}する。,The car in front suddenly turns right.,El coche que va delante gira de repente a la derecha.
1,右,みぎ,[右]{手}でコップを{持}って{歩}く。,[みぎ]{て}でコップを{も}って{ある}く。,Walk with a cup in your right hand.,Camine con una taza en su mano derecha.
1,右,ゆう,{横断歩道}をわたる{前}に{左}[右]を{確認}する。,{おうだんほどう}をわたる{まえ}に{さ}[ゆう]を{かくにん}する。,Check left and right before crossing the crosswalk.,Verifique a la izquierda y a la derecha antes de cruzar el cruce de peatones.
1,名,な,{新}しく{生}まれる{子}どもの[名]{前}になやむ。,{あたら}しく{う}まれる{こ}どもの[な]{まえ}になやむ。,I love the name of my new child.,Me encanta el nombre de mi nuevo hijo.
1,名,みょう,この{物語}には{個性的}な[名]{字}の{登場人物}が{多}い。,この{ものがたり}には{こせいてき}な[みょう]{じ}の{とうじょうじんぶつ}が{おお}い。,This story has many characters with unique last names.,Esta historia tiene muchos personajes con apellidos únicos.
1,名,めい,しょうぎの[名]{人}がコンピュータと{勝負}をする。,しょうぎの[めい]{じん}がコンピュータと{しょうぶ}をする。,A master swordsman competes against a computer.,Un maestro espadachín compite contra una computadora.
1,四,し,[四]{季}があるのは{日本}の{特}ちょうの{一}つだ。,[し]{き}があるのは{にっぽん}の{とく}ちょうの{ひと}つだ。,One of Japan's special features is that it has four seasons.,Una de las características especiales de Japón es que tiene cuatro estaciones.
1,四,よ,{友達}[四]{人}でババぬきをする。,{ともだち}[よ]{にん}でババぬきをする。,Four of my friends are going to have a baba-nuki session.,Cuatro de mis amigos van a tener una sesión de baba-nuki.
1,四,よっ,{夏休}み[四]{日目}から{宿題}をやらなくなった。,{なつやす}み[よっ]{かめ}から{しゅくだい}をやらなくなった。,I stopped doing my homework from the fourth day of summer vacation.,Dejé de hacer los deberes desde el cuarto día de las vacaciones de verano.
1,四,よん,[四]{連続}でじゃんけんに{負}ける。,[よん]{れんぞく}でじゃんけんに{ま}ける。,"Lose to rock, paper, scissors four times in a row.","Pierde contra piedra, papel y tijera cuatro veces seguidas."
1,土,つち,[土]{遊}びでどろだらけになって{帰}ってくる。,[つち]{あそ}びでどろだらけになって{かえ}ってくる。,They come home covered in mud from playing in the dirt.,Regresan a casa cubiertos de barro por jugar en la tierra.
1,土,と,{買}った[土]{地}に{家}を{建}てる。,{か}った[と]{ち}に{いえ}を{た}てる。,Build a house on the land you bought.,Construye una casa en el terreno que compraste.
1,土,ど,ここから{先}は[土]{足禁止}ですよ。,ここから{さき}は[ど]{そくきんし}ですよ。,No shoes are allowed from here on.,A partir de ahora no se permiten zapatos.
1,夕,ゆう,きれいな[夕]{焼}けの{写真}をとる。,きれいな[ゆう]{や}けの{しゃしん}をとる。,Take pictures of beautiful sunsets.,Toma fotografías de hermosos atardeceres.
1,大,おお,[大]{雨}でぬれて、かぜをひいてしまった。,[おお]{あめ}でぬれて、かぜをひいてしまった。,I got wet from the heavy rain and caught a cold.,Me mojé por la fuerte lluvia y me resfrié.
1,大,おお,{一番}[大]きいサイズの{服}を{買}う。,{いちばん}[おお]きいサイズの{ふく}を{か}う。,Buy clothes in your largest size.,Compra ropa en tu talla más grande.
1,大,たい,このパズル、[大]して{難}しくなかったね。,このパズル、[たい]して{むずか}しくなかったね。,This puzzle wasn't very difficult.,Este rompecabezas no fue muy difícil.
1,大,だい,{私}はキャンディーが[大]{好}きだ。,{わたくし}はキャンディーが[だい]{す}きだ。,I love candy.,Me encantan los dulces.
1,天,あま,[天]の{川}をながめながらスイカを{食}べた。,[あま]の{がわ}をながめながらスイカを{た}べた。,I ate watermelon while looking at the Milky Way.,Comí sandía mientras miraba la Vía Láctea.
1,天,てん,かれは{理科}の[天]{才}だ。,かれは{りか}の[てん]{さい}だ。,He is a science genius.,Es un genio de la ciencia.
1,女,おんな,[女]の{子}が{集}まっておしゃべりする。,[おんな]の{こ}が{あつ}まっておしゃべりする。,Girls gather and chat.,Las chicas se reúnen y charlan.
1,女,じょ,いたずら{好}きの{少}[女]に{困}らされる。,いたずら{ず}きの{しょう}[じょ]に{こま}らされる。,A mischievous girl troubles me.,Una chica traviesa me preocupa.
1,子,こ,[子]{供}あつかいされて{少}しイライラする。,[こ]{ども}あつかいされて{すこ}しイライラする。,I get a little irritated by being treated like a child.,Me irrita un poco que me traten como a un niño.
1,子,し,ぐっすりねたから{今日}は{調}[子]がいい。,ぐっすりねたから{きょう}は{ちょう}[し]がいい。,"I got a good night's sleep, so I'm feeling good today.","Dormí bien por la noche, así que hoy me siento bien."
1,子,す,かれの{様}[子]がなんだかおかしい。,かれの{よう}[す]がなんだかおかしい。,There's something strange about him.,Hay algo extraño en él.
1,字,じ,{本}の{中}で{分}からない{漢}[字]があった。,{ほん}の{なか}で{わ}からない{かん}[じ]があった。,There was a kanji in the book that I didn't understand.,Había un kanji en el libro que no entendí.
1,学,がく,{中}[学]{生}になって{部活動}を{楽}しむ。,{ちゅう}[がく]{せい}になって{ぶかつどう}を{たの}しむ。,Become a junior high school student and enjoy club activities.,Conviértete en un estudiante de secundaria y disfruta de las actividades del club.
1,学,がっ,{音楽}の{先生}が{他}の[学]{校}に{転勤}する。,{おんがく}の{せんせい}が{ほか}の[がっ]{こう}に{てんきん}する。,A music teacher is transferred to another school.,Un profesor de música es trasladado a otra escuela.
1,学,まな,{月}や{地球}の{動}きについて[学]ぶ。,{つき}や{ちきゅう}の{うご}きについて[まな]ぶ。,Learn about the movements of the moon and the earth.,Aprende sobre los movimientos de la luna y la tierra.
1,小,お,[小]{川}に{船}のおもちゃを{流}して{遊}ぶ。,[お]{がわ}に{ふね}のおもちゃを{なが}して{あそ}ぶ。,Play by floating toy boats down the stream.,Juegue con botes de juguete flotantes río abajo.
1,小,こ,{朝}からずっと[小]{降}りの{雨}が{続}いている。,{あさ}からずっと[こ]{ぶ}りの{あめ}が{つづ}いている。,It has been raining lightly since the morning.,Ha estado lloviendo ligeramente desde la mañana.
1,小,しょう,[小]{数点}を{書}き{忘}れてバツがついてしまった。,[しょう]{すうてん}を{か}き{わす}れてバツがついてしまった。,I forgot to write the decimal point and got a cross.,Olvidé escribir el punto decimal y me salió una cruz.
1,小,ちい,{氷}がとけて[小]さくなる。,{こおり}がとけて[ちい]さくなる。,The ice melts and becomes smaller.,El hielo se derrite y se hace más pequeño.
1,山,さん,この{家}からは{富士}[山]が{見}える。,この{いえ}からは{ふじ}[さん]が{み}える。,You can see Mt. Fuji from this house.,Puedes ver el monte Fuji desde esta casa.
1,山,やま,{夜}の[山]でそうなんしそうになった。,{よる}の[やま]でそうなんしそうになった。,I almost felt like that on the mountain at night.,Casi me sentí así en la montaña por la noche.
1,川,かわ,{大}きな[川]を{船}でわたる。,{おお}きな[かわ]を{ふね}でわたる。,Cross a large river by boat.,Cruzar un gran río en barco.
1,左,さ,どうすればいいか{分}からず{右往}[左]{往}する。,どうすればいいか{わ}からず{うおう}[さ]{おう}する。,I don't know what to do and am confused.,No sé qué hacer y estoy confundido.
1,左,ひだり,{視力検査}で[左]{目}をかくす。,{しりょくけんさ}で[ひだり]{め}をかくす。,I covered my left eye during the vision test.,Me cubrí el ojo izquierdo durante el examen de la vista.
1,年,とし,[年]こしそばをのんびりすする。,[とし]こしそばをのんびりすする。,Leisurely sipping on Toshikoshi soba.,Bebiendo tranquilamente Toshikoshi soba.
1,手,しゅ,{会場}に{選}[手]が{入場}してくる。,{かいじょう}に{せん}[しゅ]が{にゅうじょう}してくる。,Athletes enter the venue.,Los atletas ingresan al recinto.
1,手,て,{相}[手]の{主張}に{反論}する。,{あい}[て]の{しゅちょう}に{はんろん}する。,Refute your opponent's argument.,Refuta el argumento de su oponente.
1,手,て,{転}んで{右}の[手]の{平}をすりむく。,{ころ}んで{みぎ}の[て]の{ひら}をすりむく。,I fell and scraped my right palm.,Me caí y me raspé la palma derecha.
1,文,ぶん,ぼくは{算数}の[文]{章問題}が{苦手}だ。,ぼくは{さんすう}の[ぶん]{しょうもんだい}が{にがて}だ。,I'm not good at math word problems.,No soy bueno en problemas escritos de matemáticas.
1,文,もん,もう{決}まったことにぐちぐちと[文]{句}を{言}う。,もう{き}まったことにぐちぐちと[もん]{く}を{ゆ}う。,I keep complaining about things that have already been decided.,Sigo quejándome de cosas que ya están decididas.
1,日,ひ,[日]ごろの{感謝}を{家族}に{伝}える。,[ひ]ごろの{かんしゃ}を{かぞく}に{つた}える。,Express your daily gratitude to your family.,Expresa tu gratitud diaria a tu familia.
1,日,か,くずれた{橋}が{七}[日]{間}で{元通}りになった。,くずれた{はし}が{なな}[か]{かん}で{もととお}りになった。,The collapsed bridge was restored in seven days.,El puente derrumbado fue restaurado en siete días.
1,日,じつ,この{前}の{休}[日]は{友達}と{遊}びに{行}った。,この{まえ}の{きゅう}[じつ]は{ともだち}と{あそ}びに{い}った。,"Last holiday, I went out with my friends.",Las últimas vacaciones salí con mis amigos.
1,日,にち,{集合}する[日]{時}と{場所}を{確認}する。,{しゅうごう}する[にち]{じ}と{ばしょ}を{かくにん}する。,"Confirm the date, time and location of the meeting.","Confirmar la fecha, hora y lugar de la reunión."
1,日,ひ,はち{植}えを[日]{当}たりの{良}い{場所}に{移}す。,はち{う}えを[ひ]{あ}たりの{よ}い{ばしょ}に{うつ}す。,Move the bee plant to a sunny location.,Mueva la planta de abejas a un lugar soleado.
1,早,そう,{急}に{具合}が{悪}くなって[早]{退}する。,{きゅう}に{ぐあい}が{わる}くなって[そう]{たい}する。,I suddenly become unwell and have to leave work early.,De repente me siento mal y tengo que salir temprano del trabajo.
1,早,はや,{朝}[早]くから{野球}の{練習}をする。,{あさ}[はや]くから{やきゅう}の{れんしゅう}をする。,We practice baseball early in the morning.,Practicamos béisbol temprano en la mañana.
1,月,がつ,お{正}[月]はだらだらして{過}ごした。,お{しょう}[がつ]はだらだらして{す}ごした。,I spent New Year's day lazing around.,Pasé el día de Año Nuevo holgazaneando.
1,月,げつ,{今日}は{満}[月]の{日}だ。,{きょう}は{まん}[げつ]の{ひ}だ。,Today is a full moon day.,Hoy es un día de luna llena.
1,月,つき,[月]を{望遠鏡}で{見}る。,[つき]を{ぼうえんきょう}で{み}る。,Look at the moon through a telescope.,Mira la luna a través de un telescopio.
1,木,き,くりの[木]をゆらしていがぐりを{落}とす。,くりの[き]をゆらしていがぐりを{お}とす。,Shake the chestnut tree to remove the burrs.,Agite el castaño para quitar las rebabas.
1,木,こ,[木]かげにね{転}がって{休}む。,[こ]かげにね{ころ}がって{やす}む。,I roll over and rest in the shade of a tree.,Me doy la vuelta y descanso a la sombra de un árbol.
1,木,もく,おぼうさんが[木]{魚}をたたきながらおきょうを{唱}える。,おぼうさんが[もく]{ぎょ}をたたきながらおきょうを{とな}える。,Obou chants Okyo while hitting the mokgyo.,Obou canta Okyo mientras golpea el mokgyo.
1,本,ほん,{習字}のお{手}[本]を{見}ながら{書}く。,{しゅうじ}のお{て}[ほん]を{み}ながら{か}く。,Write while looking at calligraphy models.,Escribe mientras miras modelos de caligrafía.
1,本,もと,{雑草}を{根}[本]から{引}っこぬく。,{ざっそう}を{ね}[もと]から{ひ}っこぬく。,Pull out weeds from the root.,Arranca las malas hierbas desde la raíz.
1,村,そん,{山}おくにある{農}[村]をおとずれる。,{やま}おくにある{のう}[そん]をおとずれる。,Visit a rural village in the mountains.,Visita a un pueblo rural en la montaña.
1,村,むら,この[村]は{毎年}、{春}にお{祭}りをする。,この[むら]は{まいとし}、{はる}にお{まつ}りをする。,This village holds a festival every spring.,Este pueblo celebra un festival cada primavera.
1,林,はやし,[林]の{中}の{遊歩道}をのんびり{歩}く。,[はやし]の{なか}の{ゆうほどう}をのんびり{ある}く。,Take a leisurely walk along the promenade in the forest.,Dé un paseo tranquilo por el paseo marítimo en el bosque.
1,林,りん,ボランティアの{植}[林]{活動}に{参加}する。,ボランティアの{しょく}[りん]{かつどう}に{さんか}する。,Participate in volunteer tree planting activities.,Participar en actividades voluntarias de plantación de árboles.
1,校,こう,{入学式}に{向}けて[校]{内}をかざり{付}ける。,{にゅうがくしき}に{む}けて[こう]{ない}をかざり{つ}ける。,Decorating the school grounds for the entrance ceremony.,Decoración del recinto escolar para la ceremonia de ingreso.
1,森,しん,[森]{林}の{中}を{散歩}する。,[しん]{りん}の{なか}を{さんぽ}する。,Take a walk in the forest.,Da un paseo por el bosque.
1,森,もり,[森]に{入}って{虫}を{集}める。,[もり]に{はい}って{むし}を{あつ}める。,Go into the forest and collect insects.,Ve al bosque y recolecta insectos.
1,正,しょう,ぼくの{家}の[正]{面}にはコンビニがある。,ぼくの{いえ}の[しょう]{めん}にはコンビニがある。,There is a convenience store in front of my house.,Hay una tienda de conveniencia frente a mi casa.
1,正,せい,{国会}で{法律}が{改}[正]される。,{こっかい}で{ほうりつ}が{かい}[せい]される。,The law is amended by the Diet.,La ley es modificada por la Dieta.
1,正,ただ,パズルに[正]しいピースをはめこむ。,パズルに[ただ]しいピースをはめこむ。,Fit the correct pieces into the puzzle.,Coloca las piezas correctas en el rompecabezas.
1,正,まさ,{昨日見}た{夢}が[正]{夢}になる。,{きのうみ}た{ゆめ}が[まさ]{ゆめ}になる。,The dream I saw yesterday becomes a true dream.,El sueño que vi ayer se convierte en un sueño verdadero.
1,気,き,{田中}くんはいつも{元}[気]だ。,{たなか}くんはいつも{げん}[き]だ。,Tanaka-kun is always cheerful.,Tanaka-kun siempre está alegre.
1,気,け,{山}を{登}っているとあちこちから{動物}の[気]{配}がする。,{やま}を{のぼ}っているとあちこちから{どうぶつ}の[け]{はい}がする。,"As I was climbing the mountain, I could feel the signs of animals everywhere.","Mientras subía la montaña, podía sentir las señales de los animales por todas partes."
1,水,すい,{池}の[水]{面}に{葉}っぱがうかんでいる。,{いけ}の[すい]{めん}に{は}っぱがうかんでいる。,Leaves are floating on the surface of the pond.,Las hojas flotan en la superficie del estanque.
1,水,みず,トイレに[水]を{流}す。,トイレに[みず]を{なが}す。,Flush water down the toilet.,Tira el agua por el inodoro.
1,火,か,{料理}をするために、コンロを{点}[火]する。,{りょうり}をするために、コンロを{てん}[か]する。,Light the stove to cook.,Enciende la estufa para cocinar.
1,火,ひ,アルコールランプに[火]をつける。,アルコールランプに[ひ]をつける。,Light an alcohol lamp.,Enciende una lámpara de alcohol.
1,犬,いぬ,{飼}っている[犬]に{顔}をなめられる。,{か}っている[いぬ]に{かお}をなめられる。,My dog ​​licks my face.,Mi perro me lame la cara.
1,犬,けん,かい{助}[犬]といっしょにレストランに{入}る。,かい{じょ}[けん]といっしょにレストランに{はい}る。,Enter the restaurant with your guide dog.,Entra al restaurante con tu perro guía.
1,玉,ぎょく,{家宝}の{宝}[玉]をていねいにみがく。,{かほう}の{ほう}[ぎょく]をていねいにみがく。,Carefully polish your heirloom jewels.,Pule con cuidado tus joyas reliquia.
1,玉,たま,スーパーで{水}[玉]{模様}のかさを{買}う。,スーパーで{みず}[たま]{もよう}のかさを{か}う。,Buy a polka dot umbrella at the supermarket.,Compra un paraguas de lunares en el supermercado.
1,王,おう,{立派}なかんむりをかぶった[王]さまに{会}う。,{りっぱ}なかんむりをかぶった[おう]さまに{あ}う。,We meet a king wearing a magnificent crown.,Nos encontramos con un rey que lleva una magnífica corona.
1,生,い,{私}の{祖父}はとても{長}[生]きです。,{わたし}の{そふ}はとても{なが}[い]きです。,My grandfather has lived a very long life.,Mi abuelo ha vivido una vida muy larga.
1,生,う,{動物園}のパンダに{子}どもが[生]まれる。,{どうぶつえん}のパンダに{こ}どもが[う]まれる。,A baby is born to a panda at the zoo.,Un panda nace un bebé en el zoológico.
1,生,しょう,エジソンは{一}[生]のうちに{多}くの{発明}をした。,エジソンは{いっ}[しょう]のうちに{おお}くの{はつめい}をした。,Edison made many inventions during his lifetime.,Edison hizo muchos inventos durante su vida.
1,生,せい,[生]{徒会長}の{選挙}でだれに{投票}しようかなやむ。,[せい]{とかいちょう}の{せんきょ}でだれに{とうひょう}しようかなやむ。,I can't decide who to vote for in the student council president election.,No puedo decidir por quién votar en la elección del presidente del consejo estudiantil.
1,生,せい,{大学}[生]から{大学}での{過}ごし{方}を{聞}く。,{だいがく}[せい]から{だいがく}での{す}ごし{かた}を{き}く。,Hear from university students how they spent their time at university.,Escuche a estudiantes universitarios cómo pasaron su tiempo en la universidad.
1,生,なま,お{墓}の{方}から[生]ぬるい{風}がふいてきた。,お{はか}の{ほう}から[なま]ぬるい{かぜ}がふいてきた。,A lukewarm wind blew from the direction of the grave.,Un viento tibio soplaba desde la dirección de la tumba.
1,生,は,{家}の{庭}に{雑草}が[生]える。,{いえ}の{にわ}に{ざっそう}が[は]える。,Weeds grow in your garden.,Las malas hierbas crecen en tu jardín.
1,田,た,[田]にいねを{植}えて{育}つのを{待}つ。,[た]にいねを{う}えて{そだ}つのを{ま}つ。,Plant rice in the rice field and wait for it to grow.,Planta arroz en el campo de arroz y espera a que crezca.
1,田,でん,この{辺}はあちこちに{水}[田]がある。,この{へん}はあちこちに{すい}[でん]がある。,There are rice fields all over this area.,Hay campos de arroz por toda esta zona.
1,男,おとこ,ヒーローショーに[男]の{子}たちが{集}まっている。,ヒーローショーに[おとこ]の{こ}たちが{あつ}まっている。,The boys are gathered for a hero show.,Los chicos se reúnen para un espectáculo de héroes.
1,男,だん,[男]{女}で{分}かれて{水着}に{着}がえる。,[だん]{じょ}で{わ}かれて{みずぎ}に{き}がえる。,Men and women are separated and change into swimsuits.,Hombres y mujeres se separan y se ponen trajes de baño.
1,男,なん,ぼくは{三人兄弟}の{長}[男]だ。,ぼくは{さんにんきょうだい}の{ちょう}[なん]だ。,I am the eldest of three brothers.,Soy el mayor de tres hermanos.
1,町,ちょう,[町]{内会}で{節分}の{行事}が{行}われる。,[ちょう]{ないかい}で{せつぶん}の{ぎょうじ}が{おこな}われる。,A Setsubun event is held at the neighborhood association.,Se lleva a cabo un evento Setsubun en la asociación de vecinos.
1,町,まち,さすらいの{旅人}が{港}[町]に{立}ち{寄}る。,さすらいの{たびびと}が{みなと}[まち]に{た}ち{よ}る。,A wandering traveler stops at a port town.,Un viajero errante se detiene en una ciudad portuaria.
1,白,しら,つまらないギャグで{場}が[白]ける。,つまらないギャグで{ば}が[しら]ける。,A boring gag lights up the atmosphere.,Un chiste aburrido ilumina el ambiente.
1,白,しろ,[白]い{歯}をむきだしにして{笑}う。,[しろ]い{は}をむきだしにして{わら}う。,"He smiles, exposing his white teeth.","Él sonríe, dejando al descubierto sus dientes blancos."
1,白,はく,{平安時代}では、[白]{米}はごちそうだった。,{へいあんじだい}では、[はく]{まい}はごちそうだった。,"In the Heian period, white rice was a delicacy.","En el período Heian, el arroz blanco era un manjar."
1,百,ひゃく,では、{教科書}の[百]{五}ページを{開}いてください。,では、{きょうかしょ}の[ひゃく]{ご}ページを{ひら}いてください。,"Now, please open your textbook to page 15.","Ahora, abra su libro de texto en la página 15."
1,目,め,{朝食}の[目]{玉焼}きにソースをかける。,{ちょうしょく}の[め]{だまや}きにソースをかける。,Sprinkle sauce on fried eggs for breakfast.,Espolvoree salsa sobre los huevos fritos para el desayuno.
1,目,もく,[目]{標}に{向}かってつっ{走}る。,[もく]{ひょう}に{む}かってつっ{ぱし}る。,Run towards your goal.,Corre hacia tu objetivo.
1,石,いし,{道}ばたできれいな[石]を{見}つけた。,{みち}ばたできれいな[いし]を{み}つけた。,I found a beautiful stone by the roadside.,Encontré una hermosa piedra al borde del camino.
1,石,しゃく,{磁}[石]を{使}って{砂鉄}を{集}める。,{じ}[しゃく]を{つか}って{さてつ}を{あつ}める。,Collect iron sand using a magnet.,Recoge arena de hierro con un imán.
1,石,せき,ドリルで{岩}[石]をくだいてトンネルをほる。,ドリルで{がん}[せき]をくだいてトンネルをほる。,Break down the rock with a drill and dig a tunnel.,Rompe la roca con un taladro y cava un túnel.
1,空,あ,{来週}なら{予定}が[空]いているよ。,{らいしゅう}なら{よてい}が[あ]いているよ。,I have free plans for next week.,Tengo planes gratis para la próxima semana.
1,空,から,{部屋}の{整理}をして、たなが[空]になる。,{へや}の{せいり}をして、たなが[から]になる。,I tidy up my room and empty the shelves.,Ordeno mi habitación y vacío los estantes.
1,空,そら,{夕方}を{過}ぎて[空]が{暗}くなってきた。,{ゆうがた}を{す}ぎて[そら]が{くら}くなってきた。,"As the evening passed, the sky became dark.","A medida que pasaba la tarde, el cielo se oscureció."
1,立,た,ここから{先}は{危険}なので[立]ち{入}り{禁止}です。,ここから{さき}は{きけん}なので[た]ち{い}り{きんし}です。,"It is dangerous to go beyond this point, so it is prohibited to enter.","Es peligroso pasar de este punto, por lo que está prohibido entrar."
1,立,りつ,{勉強}と{部活}を{両}[立]させる。,{べんきょう}と{ぶかつ}を{りょう}[りつ]させる。,Balancing study and club activities.,Equilibrar el estudio y las actividades del club.
1,竹,たけ,[竹]を{使}ってかごを{編}む。,[たけ]を{つか}ってかごを{あ}む。,Weave a basket using bamboo.,Teje una canasta con bambú.
1,竹,ちく,おじいさんは[竹]{林}でかぐやひめを{見}つけた。,おじいさんは[ちく]{りん}でかぐやひめを{み}つけた。,The old man found Kaguyahime in the bamboo forest.,El anciano encontró a Kaguyahime en el bosque de bambú.
1,糸,いと,{集中}して{針}の{穴}に[糸]を{通}す。,{しゅうちゅう}して{はり}の{あな}に[いと]を{とお}す。,Concentrate on threading the thread through the eye of the needle.,Concéntrate en pasar el hilo por el ojo de la aguja.
1,耳,みみ,その{豆知識}は{初}[耳]だった。,その{まめちしき}は{はつ}[みみ]だった。,It was my first time hearing that trivia.,Era la primera vez que escuchaba esa trivia.
1,花,か,{学校}の[花]だんに、あたらしい{花}を{植}えた。,{がっこう}の[か]だんに、あたらしい{はな}を{う}えた。,I planted new flowers in the flower garden at school.,Planté flores nuevas en el jardín de flores de la escuela.
1,花,はな,タンポポの[花]が{白}い{綿毛}に{変}わる。,タンポポの[はな]が{しろ}い{わたげ}に{か}わる。,Dandelion flowers turn into white fluff.,Las flores de diente de león se convierten en pelusa blanca.
1,草,くさ,[草]むらからコオロギの{鳴}き{声}が{聞}こえる。,[くさ]むらからコオロギの{な}き{ごえ}が{き}こえる。,I can hear crickets chirping from the grass.,Puedo oír a los grillos cantando en la hierba.
1,草,そう,{山}おくから{薬}[草]をつんでくる。,{やま}おくから{やく}[そう]をつんでくる。,I gather medicinal herbs from the mountains.,Recojo hierbas medicinales de las montañas.
1,虫,ちゅう,{魚}の{身}から{寄生}[虫]を{取}り{除}く。,{さかな}の{み}から{きせい}[ちゅう]を{と}り{のぞ}く。,Remove parasites from fish flesh.,Elimina los parásitos de la carne del pescado.
1,虫,むし,[虫]{歯}を{治}しに{歯医者}へ{行}く。,[むし]{ば}を{なお}しに{はいしゃ}へ{い}く。,I go to the dentist to fix a cavity.,Voy al dentista para arreglar una caries.
1,見,けん,{消}しゴムがどこに{行}ったのか[見]{当}もつかない。,{け}しゴムがどこに{い}ったのか[けん]{とう}もつかない。,I have no idea where the eraser went.,No tengo idea de dónde fue el borrador.
1,見,み,{乗車券}を{駅員}さんに[見]せる。,{じょうしゃけん}を{えきいん}さんに[み]せる。,Show your ticket to the station staff.,Muestra tu billete al personal de la estación.
1,見,み,{友達}を[見]{習}って{真面目}に{取}り{組}む。,{ともだち}を[み]{なら}って{まじめ}に{と}り{く}む。,Follow your friends and work hard.,Sigue a tus amigos y trabaja duro.
1,貝,かい,{砂}はまで[貝]がらを{拾}い{集}める。,{すな}はまで[かい]がらを{ひろ}い{あつ}める。,Collect shells from the sand.,Recoge conchas de la arena.
1,赤,あか,ケガをして[赤]い{血}が{出}る。,ケガをして[あか]い{ち}が{で}る。,Red blood comes out due to injury.,Sale sangre roja debido a una lesión.
1,赤,あか,{先生}が[赤]のボールペンでテストを{採点}する。,{せんせい}が[あか]のボールペンでテストを{さいてん}する。,The teacher grades the test with a red ballpoint pen.,El profesor califica el examen con un bolígrafo rojo.
1,赤,せき,{先生}をお{母}さんと{呼}んでしまって[赤]{面}する。,{せんせい}をお{かあ}さんと{よ}んでしまって[せき]{めん}する。,I blush when I call my teacher mom.,Me sonrojo cuando llamo mamá a mi maestra.
1,足,あし,{森}の{中}を[足]{元}に{気}をつけて{歩}く。,{もり}の{なか}を[あし]{もと}に{き}をつけて{ある}く。,Walk carefully in the forest.,Camine con cuidado por el bosque.
1,足,そく,{他}の{人}の{説明}に{補}[足]を{加}える。,{ほか}の{ひと}の{せつめい}に{ほ}[そく]を{くわ}える。,Add supplements to other people's explanations.,Agregue complementos a las explicaciones de otras personas.
1,足,た,クッキーの{生地}に{砂糖}を{少}し[足]す。,クッキーの{きじ}に{さとう}を{すこ}し[た]す。,Add a little sugar to the cookie dough.,Agrega un poco de azúcar a la masa de galletas.
1,車,くるま,[車]のタイヤがどろにはまってしまう。,[くるま]のタイヤがどろにはまってしまう。,The car's tires get stuck in the mud.,Los neumáticos del coche se atascan en el barro.
1,車,しゃ,{自転}[車]で{遠}くに{出}かける。,{じてん}[しゃ]で{とお}くに{で}かける。,Go far by bicycle.,Llega lejos en bicicleta.
1,金,かな,[金]づちでくぎを{打}つ。,[かな]づちでくぎを{う}つ。,Hit a nail with a hammer.,Golpea un clavo con un martillo.
1,金,かね,{海外旅行}に{行}くためにお[金]をかせぐ。,{かいがいりょこう}に{い}くためにお[かね]をかせぐ。,Earn money to travel abroad.,Gana dinero para viajar al extranjero.
1,金,きん,{毎週}[金]{曜日}はピアノ{教室}の{日}だ。,{まいしゅう}[きん]{ようび}はピアノ{きょうしつ}の{ひ}だ。,Every Friday is piano class day.,Todos los viernes es el día de clase de piano.
1,金,こん,{岐阜県}には[金]{色}の{織田信長像}がある。,{ぎふけん}には[こん]{じき}の{おだのぶながぞう}がある。,There is a golden statue of Oda Nobunaga in Gifu Prefecture.,Hay una estatua dorada de Oda Nobunaga en la prefectura de Gifu.
1,雨,あめ,[雨]が{降}ったせいで、{今日}の{遠足}は{中止}になった。,[あめ]が{ふ}ったせいで、{きょう}の{えんそく}は{ちゅうし}になった。,Today's excursion was canceled because of the rain.,La excursión de hoy fue cancelada a causa de la lluvia.
1,雨,う,{今年}のつゆは、{特}に{降}[雨]{量}が{多}いらしい。,{ことし}のつゆは、{とく}に{こ}[う]{うりょう}が{おお}いらしい。,This year's Tsuyu seems to have especially heavy rainfall.,El Tsuyu de este año parece tener precipitaciones especialmente intensas.
1,青,あお,パンに[青]カビが{生}えてしまった。,パンに[あお]カビが{は}えてしまった。,Blue mold has grown on the bread.,Ha crecido moho azul en el pan.
1,青,あお,{忘}れ{物}に{気}づいて{顔}が[青]くなる。,{わす}れ{もの}に{き}づいて{かお}が[あお]くなる。,My face turns pale as I realize I forgot something.,Mi cara se pone pálida cuando me doy cuenta de que olvidé algo.
1,青,せい,[青]{春}を{思}い{切}り{楽}しむ。,[せい]{しゅん}を{おも}い{き}り{たの}しむ。,Enjoy your youth to the fullest.,Disfruta al máximo de tu juventud.
1,音,おと,{虫}の{羽}[音]が{気}になって、{勉強}に{集中}できない。,{むし}の{は}[おと]が{き}になって、{べんきょう}に{しゅうちゅう}できない。,I can't concentrate on studying because I'm bothered by the sound of insects' wings.,No puedo concentrarme en estudiar porque me preocupa el zumbido de los insectos.
1,音,おん,この{問題}の{答}えは[音]{読}みです。,この{もんだい}の{こた}えは[おん]{よ}みです。,The answer to this question is reading aloud.,La respuesta a esta pregunta es leer en voz alta.
1,音,ね,どこかからピアノのきれいな[音]{色}が{聞}こえてくる。,どこかからピアノのきれいな[ね]{いろ}が{き}こえてくる。,The beautiful tones of a piano can be heard from somewhere.,Los hermosos tonos de un piano se pueden escuchar desde algún lugar.
2,万,まん,{今年}もらったお{年玉}は{全部}で{一}[万]{円}だった。,{ことし}もらったお{としだま}は{ぜんぶ}で{いち}[まん]{えん}だった。,"The New Year's gift I received this year was 10,000 yen in total.",El regalo de Año Nuevo que recibí este año fue de 10.000 yenes en total.
2,丸,まる,{苦手}なレーズンを[丸]{飲}みする。,{にがて}なレーズンを[まる]{の}みする。,"I swallow whole raisins, which I don't like.","Me trago pasas enteras, que no me gustan."
2,交,こう,[交]{番}に{落}とし{物}を{届}ける。,[こう]{ばん}に{お}とし{もの}を{とど}ける。,Deliver lost items to the police box.,Entregar los objetos perdidos en la cabina de policía.
2,交,ま,{大人}たちに[交]じっておしゃべりする。,{おとな}たちに[ま]じっておしゃべりする。,Chat with adults.,Charla con adultos.
2,交,まじ,{校長先生}も[交]えてクラス{会}を{開}く。,{こうちょうせんせい}も[まじ]えてクラス{かい}を{ひら}く。,Hold a class meeting with the principal included.,Realizar una reunión de clase con el director incluido.
2,京,きょう,[京]{都}のおみやげをたくさん{買}って{帰}る。,[きょう]{と}のおみやげをたくさん{か}って{かえ}る。,I bought a lot of souvenirs from Kyoto and went home.,Compré muchos recuerdos de Kioto y me fui a casa.
2,今,いま,{楽}しみにしていた{試合}が[今]から{始}まる。,{たの}しみにしていた{しあい}が[いま]から{はじ}まる。,The game I've been looking forward to is about to start.,El juego que estaba esperando está a punto de comenzar.
2,今,こん,[今]{週}の{土曜日}、いっしょに{遊}びに{行}かない？,[こん]{しゅう}の{どようび}、いっしょに{あそ}びに{い}かない？,Would you like to go out with me this Saturday?,¿Te gustaría salir conmigo este sábado?
2,会,あ,{芸能人}と[会]って、あく{手}をしてもらった。,{げいのうじん}と[あ]って、あく{しゅ}をしてもらった。,I met a celebrity and had him give me a hand.,Conocí a una celebridad y le pedí que me echara una mano.
2,会,かい,{社}[会]の{授業}で{居}ねむりしておこられた。,{しゃ}[かい]の{じゅぎょう}で{い}ねむりしておこられた。,I fell asleep in social studies class.,Me quedé dormido en la clase de estudios sociales.
2,体,からだ,おふろに{入}って[体]のよごれを{洗}い{流}す。,おふろに{はい}って[からだ]のよごれを{あら}い{なが}す。,Take a bath and wash away the dirt from your body.,Báñate y lava la suciedad de tu cuerpo.
2,体,たい,テニスの[体]{験教室}に{参加}する。,テニスの[たい]{けんきょうしつ}に{さんか}する。,Participate in a tennis trial class.,Participa en una clase de prueba de tenis.
2,何,なに,{君}は{昼休}みには、いつも[何]をしているの？,{きみ}は{ひるやす}みには、いつも[なに]をしているの？,What do you usually do during your lunch break?,¿Qué sueles hacer durante la hora del almuerzo?
2,作,さ,{神社}にお{参}りするときの[作]{法}を{調}べる。,{じんじゃ}にお{まい}りするときの[さ]{ほう}を{しら}べる。,Find out the etiquette when visiting a shrine.,Descubra la etiqueta al visitar un santuario.
2,作,さく,{畑}から[作]{物}を{収}かくする。,{はたけ}から[さく]{もつ}を{しゅう}かくする。,Harvest crops from the field.,Coseche los cultivos del campo.
2,作,つく,オリジナルの{歌}を[作]る。,オリジナルの{うた}を[つく]る。,Create an original song.,Crea una canción original.
2,元,がん,[元]{日}の{朝}はのんびりした{気分}になる。,[がん]{じつ}の{あさ}はのんびりした{きぶん}になる。,The morning of New Year's Day feels relaxing.,La mañana del día de Año Nuevo resulta relajante.
2,元,げん,{数学}の{苦手}な{単}[元]を{復習}する。,{すうがく}の{にがて}な{たん}[げん]を{ふくしゅう}する。,Review the units in mathematics that you are weak at.,Revisa las unidades de matemáticas en las que eres débil.
2,元,もと,{手}[元]がくるってしまった。,{て}[もと]がくるってしまった。,My hands are running out.,Se me están acabando las manos.
2,兄,あに,[兄]とケンカしていたら、{二人}ともおこられた。,[あに]とケンカしていたら、{ふたり}ともおこられた。,"When I was fighting with my brother, we both got mad.","Cuando estaba peleando con mi hermano, ambos nos enojamos."
2,兄,きょう,ぼくの{家}は{七人}[兄]{弟}の{大家族}だ。,ぼくの{いえ}は{ななにん}[きょう]{だい}の{だいかぞく}だ。,My family is a large family of seven siblings.,Mi familia es una familia numerosa de siete hermanos.
2,光,こう,{窓}から{日}[光]が{入}ってくる。,{まど}から{にっ}[こう]が{はい}ってくる。,Sunlight comes in through the window.,La luz del sol entra por la ventana.
2,光,ひか,{地面}に{何}か[光]るものが{落}ちている。,{じめん}に{なん}か[ひか]るものが{お}ちている。,Something shiny is falling on the ground.,Algo brillante cae al suelo.
2,光,ひかり,{雪}が{太陽}の[光]を{反射}してまぶしい。,{ゆき}が{たいよう}の[ひかり]を{はんしゃ}してまぶしい。,The snow reflects the sunlight and is dazzling.,La nieve refleja la luz del sol y deslumbra.
2,公,こう,{放課後}に{近所}の[公]{園}に{集合}する。,{ほうかご}に{きんじょ}の[こう]{えん}に{しゅうごう}する。,We meet at a nearby park after school.,Nos reunimos en un parque cercano después de la escuela.
2,内,うち,{部屋}の[内]{側}からかぎをかける。,{へや}の[うち]{がわ}からかぎをかける。,Lock the room from inside.,Cierra la habitación desde dentro.
2,内,ない,{笑}ったけど、[内]{心}つまらないと{思}っている。,{わら}ったけど、[ない]{しん}つまらないと{おも}っている。,"I laughed, but deep down I thought it was boring.","Me reí, pero en el fondo pensé que era aburrido."
2,冬,とう,[冬]{至}を{過}ぎて{日}がだんだん{長}くなる。,[とう]{じ}を{す}ぎて{ひ}がだんだん{なが}くなる。,"After the winter solstice, the days become longer and longer.","Después del solsticio de invierno, los días se hacen cada vez más largos."
2,冬,ふゆ,リスが[冬]に{備}えて{食}べ{物}を{集}めている。,リスが[ふゆ]に{そな}えて{た}べ{もの}を{あつ}めている。,A squirrel is gathering food for the winter.,Una ardilla está recogiendo comida para el invierno.
2,刀,かたな,おもちゃの[刀]をふり{回}して{遊}ぶ。,おもちゃの[かたな]をふり{まわ}して{あそ}ぶ。,Play with a toy sword.,Juega con una espada de juguete.
2,刀,とう,{武将}にほうびとして、{名}[刀]がおくられる。,{ぶしょう}にほうびとして、{めい}[とう]がおくられる。,A famous sword is given to a military commander as a reward.,"Como recompensa, se entrega una espada famosa a un comandante militar."
2,分,ふん,バスが{五}[分]おくれてとうちゃくする。,バスが{ご}[ふん]おくれてとうちゃくする。,The bus was five minutes late and I was disappointed.,El autobús llegó cinco minutos tarde y me decepcioné.
2,分,ぶ,[分]{厚}い{本}が{頭}に{落}ちて、たんこぶができる。,[ぶ]{あつ}い{ほん}が{あたま}に{お}ちて、たんこぶができる。,A thick book falls on my head and I get a bump.,Un libro grueso cae sobre mi cabeza y me doy un golpe.
2,分,ぶん,おこる{前}に、おれの{言}い[分]を{聞}いてよ。,おこる{まえ}に、おれの{い}い[ぶん]を{き}いてよ。,"Before you get angry, listen to what I have to say.","Antes de que te enojes, escucha lo que tengo que decir."
2,分,わ,{決着}がつかないから、この{勝負}は{引}き[分]けだ。,{けっちゃく}がつかないから、この{しょうぶ}は{ひ}き[わ]けだ。,This match is a draw because it cannot be decided.,Este partido es un empate porque no se puede decidir.
2,切,き,{人気商品}がすぐに{売}り[切]れた。,{にんきしょうひん}がすぐに{う}り[き]れた。,Popular items sold out quickly.,Los artículos populares se agotaron rápidamente.
2,切,せつ,{木材}を{一定}の{長}さで[切]{断}する。,{もくざい}を{いってい}の{なが}さで[せつ]{だん}する。,Cut the wood to a certain length.,Corta la madera a una longitud determinada.
2,前,ぜん,{以}[前]と{同}じ{方法}で{問題}を{解決}する。,{い}[ぜん]と{おな}じ{ほうほう}で{もんだい}を{かいけつ}する。,Solve the problem the same way as before.,Resuelva el problema de la misma manera que antes.
2,前,まえ,{服}を{後}ろ[前]に{着}てしまう。,{ふく}を{うし}ろ[まえ]に{き}てしまう。,I wear my clothes backwards and forwards.,Llevo mi ropa al revés y al frente.
2,北,きた,じゃ、{十時}に〇〇 {駅}の[北]{口}に{集合}ね！{修学旅行}の{思}い{出}に{木刀}を{買}う。,じゃ、{じゅうじ}に〇〇 {えき}の[きた]{ぐち}に{しゅうごう}ね！{しゅうがくりょこう}の{おも}い{で}に{ぼくとう}を{か}う。,"Well, let's meet at the north exit of the station at 10 o'clock! Buy a wooden sword as a memento of your school trip.","Pues bien, ¡nos vemos en la salida norte de la estación a las 10 en punto! Compra una espada de madera como recuerdo de tu viaje escolar."
2,北,ほく,{台風}が[北]{上}して{日本}に{近}づく。,{たいふう}が[ほく]{じょう}して{にっぽん}に{ちか}づく。,The typhoon moves northward and approaches Japan.,El tifón avanza hacia el norte y se acerca a Japón.
2,午,ご,{今日}は[午]{後四時}から{大事}な{用事}がある。,{きょう}は[ご]{ごしじ}から{だいじ}な{ようじ}がある。,I have something important to do starting at 4pm today.,Tengo algo importante que hacer hoy a partir de las 4 p.m.
2,半,なか,{旅}の[半]ばでたおれてしまう。,{たび}の[なか]ばでたおれてしまう。,I collapsed halfway through the journey.,Me desplomé a mitad del viaje.
2,半,はん,{運動会}の{前}[半]{戦}は、{白組}が{多}くの{点}を{取}った。,{うんどうかい}の{ぜん}[はん]{せん}は、{しろぐみ}が{おお}くの{てん}を{と}った。,"In the first half of the sports day, the White team scored the most points.","En la primera mitad de la jornada deportiva, el equipo blanco fue el que más puntos anotó."
2,南,なん,[南]{極大陸}はどの{国}の{領土}でもない。,[なん]{きょくたいりく}はどの{くに}の{りょうど}でもない。,Antarctica is not the territory of any country.,La Antártida no es territorio de ningún país.
2,南,みなみ,{近}くの{駅}の[南]{口}で{待}ち{合}わせする。,{ちか}くの{えき}の[みなみ]{ぐち}で{ま}ち{あ}わせする。,We will meet at the south exit of a nearby station.,Nos encontraremos en la salida sur de una estación cercana.
2,原,げん,{実験}が{失敗}した[原]{因}を{調}べる。,{じっけん}が{しっぱい}した[げん]{いん}を{しら}べる。,Find out why the experiment failed.,Descubra por qué falló el experimento.
2,原,はら,{広}い{野}[原]で{虫取}りをする。,{ひろ}い{の}[はら]で{むしと}りをする。,Catching insects in a large field.,Atrapar insectos en un campo grande.
2,友,とも,[友]{達}に{遊}びにさそわれた。,[とも]{だち}に{あそ}びにさそわれた。,My friend invited me to play.,Mi amigo me invitó a jugar.
2,友,ゆう,ぼくとかれの{間}には{熱}い[友]{情}がある。,ぼくとかれの{あいだ}には{あつ}い[ゆう]{じょう}がある。,There is a warm friendship between me and him.,Hay una cálida amistad entre él y yo.
2,古,こ,{中}[古]のマンガを{買}ったら{落書}きがされていた。,{ちゅう}[こ]のマンガを{か}ったら{らくが}きがされていた。,"When I bought a used manga, it had graffiti on it.","Cuando compré un manga usado, tenía graffitis."
2,古,ふる,この{村}には[古]くからの{言}い{伝}えがある。,この{むら}には[ふる]くからの{い}い{つた}えがある。,This village has an old legend.,Este pueblo tiene una vieja leyenda.
2,台,たい,{夏祭}りの{屋}[台]で{焼}きそばを{買}った。,{なつまつ}りの{や}[たい]で{や}きそばを{か}った。,I bought yakisoba at a stall at a summer festival.,Compré fideos fritos en un puesto de un festival de verano.
2,台,だい,{劇}の[台]{本}を{役者}たちに{配}る。,{げき}の[だい]{ほん}を{やくしゃ}たちに{くば}る。,Distribute the script of the play to the actors.,Distribuir el guión de la obra a los actores.
2,合,あ,{秘密基地}に{入}るための[合]い{言葉}を{決}める。,{ひみつきち}に{はい}るための[あ]い{ことば}を{き}める。,Decide on the password to enter the secret base.,Decide la contraseña para ingresar a la base secreta.
2,合,がっ,{学芸会}で[合]{唱}する{曲}を{多数決}で{決}める。,{がくげいかい}で[がっ]{しょう}する{きょく}を{たすうけつ}で{き}める。,The songs to be sung at the school performance are decided by majority vote.,Las canciones que se cantarán en la actuación escolar se deciden por mayoría de votos.
2,合,ごう,リレーで{負}けたが、[合]{計点}では{赤組}に{勝}った。,リレーで{ま}けたが、[ごう]{けいてん}では{あかぐみ}に{か}った。,"Although they lost in the relay, they beat the red team in total points.","Aunque perdieron en el relevo, vencieron al equipo rojo en puntos totales."
2,同,おな,[同]じしゅみの{話}で{盛}り{上}がる。,[おな]じしゅみの{はなし}で{も}り{あ}がる。,We get excited talking about the same thing.,Nos emocionamos hablando de lo mismo.
2,同,どう,{鳥取県}と{島根県}を{混}[同]する。,{とっとりけん}と{しまねけん}を{こん}[どう]する。,People confuse Tottori prefecture and Shimane prefecture.,La gente confunde la prefectura de Tottori con la prefectura de Shimane.
2,回,かい,アイテムを{使}って{主人公}を[回]{復}させた。,アイテムを{つか}って{しゅじんこう}を[かい]{ふく}させた。,The main character was healed using an item.,El personaje principal fue curado usando un objeto.
2,回,まわ,らせん{階段}を{降}りると{中}で{目}が[回]ってしまう。,らせん{かいだん}を{お}りると{なか}で{め}が[まわ]ってしまう。,"When I go down the spiral staircase, I get dizzy inside.","Cuando bajo la escalera de caracol, me mareo por dentro."
2,図,ず,いろいろな[図]{形}の{面積}の{計算}の{仕方}を{覚}えた。,いろいろな[ず]{けい}の{めんせき}の{けいさん}の{しかた}を{おぼ}えた。,I learned how to calculate the area of ​​various shapes.,Aprendí a calcular el área de varias formas.
2,図,と,{作品}から{作者}の{意}[図]を{読}み{取}る。,{さくひん}から{さくしゃ}の{い}[と]を{よ}み{と}る。,Read the author's intention from the work.,Lectura de la intención del autor de la obra.
2,国,くに,{私}のしゅ{味}はいろんな[国]の{歴史}を{調}べることです。,{わたくし}のしゅ{あじ}はいろんな[くに]の{れきし}を{しら}べることです。,My hobby is researching the history of various countries.,Mi hobby es investigar la historia de varios países.
2,国,こく,オリンピックは{四年}に{一度}の[国]{際的}な{大会}だ。,オリンピックは{よんねん}に{いちど}の[こく]{さいてき}な{たいかい}だ。,The Olympics are an international competition that takes place once every four years.,Los Juegos Olímpicos son una competición internacional que se celebra una vez cada cuatro años.
2,園,えん,ぼくの{家}は、{黄色}いジャングルジムのある{公}[園]のとなりだよ。,ぼくの{いえ}は、{きいろ}いジャングルジムのある{こう}[えん]のとなりだよ。,My house is next to a park with a yellow jungle gym.,Mi casa está al lado de un parque con un trepador amarillo.
2,地,じ,アイスを[地]{面}に{落}としてしまう。,アイスを[じ]{めん}に{お}としてしまう。,I drop the ice cream on the ground.,Dejo caer el helado al suelo.
2,地,ち,{人間}と{比}べると、[地]{球}はとても{大}きい。,{にんげん}と{くら}べると、[ち]{きゅう}はとても{おお}きい。,The earth is very large compared to humans.,La tierra es muy grande en comparación con los humanos.
2,場,じょう,{小学一年生}のころから{空手道}[場]に{通}っている。,{しょうがくいちねんせい}のころから{からてどう}[じょう]に{かよ}っている。,I have been attending a karate dojo since I was in first grade.,He asistido a un dojo de karate desde que estaba en primer grado.
2,場,ば,{行}きたい[場]{所}への{道}を{調}べる。,{い}きたい[ば]{しょ}への{みち}を{しら}べる。,Find the way to where you want to go.,Encuentra el camino hacia donde quieres ir.
2,声,こえ,{英文}を[声]に{出}して{読}む。,{えいぶん}を[こえ]に{だ}して{よ}む。,Read English sentences aloud.,Leer oraciones en inglés en voz alta.
2,声,せい,イヤホンから{音}[声]がもれる。,イヤホンから{おん}[せい]がもれる。,Audio leaks from the earphones.,El audio se escapa de los auriculares.
2,売,う,{新作}ゲームの[売]れ{行}きは{好調}だ。,{しんさく}ゲームの[う]れ{ゆ}きは{こうちょう}だ。,New games are selling well.,Los juegos nuevos se están vendiendo bien.
2,売,ばい,この{店}では{骨}とう{品}を[売]{買}している。,この{みせ}では{こっ}とう{ひん}を[ばい]{ばい}している。,This store buys and sells antiques.,Esta tienda compra y vende antigüedades.
2,売,ばい,{来週}、{期間限定}のおかしが{発}[売]される。,{らいしゅう}、{きかんげんてい}のおかしが{はつ}[ばい]される。,"Next week, a limited time snack will be on sale.","La próxima semana, estará a la venta un refrigerio por tiempo limitado."
2,夏,か,{近所}のじゅくがやっている、[夏]{期講習}に{参加}させられる。,{きんじょ}のじゅくがやっている、[か]{きこうしゅう}に{さんか}させられる。,He is made to participate in a summer course run by a nearby school.,Lo obligan a participar en un curso de verano impartido por una escuela cercana.
2,夏,なつ,もう{秋}なのに、{今日}はまるで[夏]みたいに{暑}い。,もう{あき}なのに、{きょう}はまるで[なつ]みたいに{あつ}い。,"Even though it's already autumn, today it's as hot as summer.","Aunque ya es otoño, hoy hace tanto calor como verano."
2,外,がい,{夏休}みに{海}[外]{旅行}に{行}った{友達}からおみやげをもらう。,{なつやす}みに{かい}[がい]{りょこう}に{い}った{ともだち}からおみやげをもらう。,I received a souvenir from a friend who traveled abroad during summer vacation.,Recibí un recuerdo de un amigo que viajó al extranjero durante las vacaciones de verano.
2,外,そと,{家}の{中}はすずしいけれど、[外]は{暑}そうだなあ。,{いえ}の{なか}はすずしいけれど、[そと]は{あつ}そうだなあ。,"It's cool inside the house, but it looks hot outside.","Hace frío dentro de la casa, pero parece caluroso afuera."
2,外,はず,{町}[外]れにある{古}い{空}き{家}にまつわるかい{談}を{話}す。,{まち}[はず]れにある{ふる}い{あ}き{や}にまつわるかい{だん}を{はな}す。,Tell a story about an old vacant house on the outskirts of town.,Cuente una historia sobre una vieja casa vacía en las afueras de la ciudad.
2,外,ほか,{思}いの[外]の{出来事}にあわてる。,{おも}いの[ほか]の{できごと}にあわてる。,I get flustered by unexpected events.,Me pongo nervioso ante acontecimientos inesperados.
2,多,おお,{今日}は{暑}いから{飲}み{物}を[多]めに{持}っていく。,{きょう}は{あつ}いから{の}み{もの}を[おお]めに{も}っていく。,"It's hot today, so I'll bring plenty of drinks.","Hace calor hoy, así que traeré muchas bebidas."
2,多,た,{作文}を{書}き{直}して、{内容}を[多]{少変}える。,{さくぶん}を{か}き{なお}して、{ないよう}を[た]{しょうか}える。,Rewrite the essay and make some changes to the content.,Vuelve a escribir el ensayo y haz algunos cambios en el contenido.
2,夜,や,{今}[夜]は{九時}からテレビで{映画}を{見}る。,{こん}[や]は{きゅうじ}からテレビで{えいが}を{み}る。,I'll watch a movie on TV tonight at 9 o'clock.,Veré una película en la televisión esta noche a las 9 en punto.
2,夜,よ,{真}[夜]{中}に{救急車}の{音}が{聞}こえてくる。,{ま}[よ]{なか}に{きゅうきゅうしゃ}の{おと}が{き}こえてくる。,I hear the sound of an ambulance in the middle of the night.,Escucho el sonido de una ambulancia en medio de la noche.
2,夜,よる,[夜]おそくまでさわいで、{親}におこられる。,[よる]おそくまでさわいで、{おや}におこられる。,"I was happy until late at night, and my parents woke me up.",Estuve feliz hasta altas horas de la noche y mis padres me despertaron.
2,太,た,{丸}[太]を{結}び{合}わせていかだを{作}る。,{まる}[た]を{むす}び{あ}わせていかだを{つく}る。,Make a raft by tying logs together.,Haz una balsa atando troncos.
2,太,たい,[太]{平洋}で{漁}をする。,[たい]{へいよう}で{りょう}をする。,Fish in the Pacific Ocean.,Pescar en el Océano Pacífico.
2,太,ふと,[太]って{今}までの{服}が{着}られなくなる。,[ふと]って{いま}までの{ふく}が{き}られなくなる。,I've gained weight and can no longer wear the clothes I used to wear.,He aumentado de peso y ya no puedo usar la ropa que solía usar.
2,太,ふと,{学級新聞}の{見出}しを[太]い{文字}で{書}く。,{がっきゅうしんぶん}の{みだ}しを[ふと]い{もじ}で{か}く。,Write the heading of the class newspaper in bold letters.,Escribe el título del periódico de la clase en negrita.
2,妹,いもうと,かぜをひいた[妹]にアイスを{買}ってあげた。,かぜをひいた[いもうと]にアイスを{か}ってあげた。,I bought ice cream for my younger sister who had a cold.,Compré helado para mi hermana menor que estaba resfriada.
2,姉,あね,ぼくには{働}いている[姉]がいる。,ぼくには{はたら}いている[あね]がいる。,I have an older sister who works.,Tengo una hermana mayor que trabaja.
2,室,しつ,{病}[室]をまちがえて{入}る。,{びょう}[しつ]をまちがえて{はい}る。,Enter the wrong hospital room.,Ingrese a la habitación del hospital equivocada.
2,家,け,{豊臣秀吉}はもともと、{織田信長}の[家]{来}だった。,{とよとみひでよし}はもともと、{おだのぶなが}の[け]{らい}だった。,Toyotomi Hideyoshi was originally a servant of Oda Nobunaga.,Toyotomi Hideyoshi fue originalmente un sirviente de Oda Nobunaga.
2,家,や,となりの{古}い{空}き[家]が{取}りこわされる。,となりの{ふる}い{あ}き[や]が{と}りこわされる。,The old vacant house next door is being demolished.,La vieja casa vacía de al lado está siendo demolida.
2,寺,じ,{金閣}[寺]には{本物}の{金}が{使}われている。,{きんかく}[じ]には{ほんもの}の{かね}が{つか}われている。,Real gold is used in Kinkakuji.,En Kinkakuji se utiliza oro real.
2,寺,てら,お[寺]でざぜんを{組}んで{修行}する。,お[てら]でざぜんを{く}んで{しゅぎょう}する。,They form a zazen and practice at the temple.,Forman zazen y practican prácticas ascéticas en el templo.
2,少,しょう,ダイエットで{体重}が{減}[少]する。,ダイエットで{たいじゅう}が{げん}[しょう]する。,Lose weight by dieting.,Bajar de peso haciendo dieta.
2,少,すく,ばつとしておこづかいを[少]なくされる。,ばつとしておこづかいを[すく]なくされる。,My allowance is surprisingly reduced.,Mi asignación se reduce sorprendentemente.
2,少,すこ,ラーメンに[少]しだけコショウをかける。,ラーメンに[すこ]しだけコショウをかける。,Sprinkle a little pepper on the ramen.,Espolvorea un poco de pimienta sobre el ramen.
2,岩,いわ,{森}の{中}の[岩]にこけが{生}えている。,{もり}の{なか}の[いわ]にこけが{は}えている。,Moss grows on a rock in the forest.,Moss crece sobre una roca en el bosque.
2,岩,がん,{近所}の{地層}から{火山}[岩]が{見}つかった。,{きんじょ}の{ちそう}から{かざん}[がん]が{み}つかった。,Volcanic rock was found in nearby strata.,Se encontró roca volcánica en estratos cercanos.
2,工,く,きれいなガラス{細}[工]の{作品}が{売}られていた。,きれいなガラス{さい}[く]の{さくひん}が{う}られていた。,Beautiful glassworks were on sale.,Se vendieron hermosas cristalerías.
2,工,こう,いつも{通}っている{道}が[工]{事中}だった。,いつも{かよ}っている{みち}が[こう]{じちゅう}だった。,The road I usually take was under construction.,El camino que suelo tomar estaba en construcción.
2,市,いち,{朝}[市]で{新}せんな{野菜}や{魚}を{買}う。,{あさ}[いち]で{しん}せんな{やさい}や{さかな}を{か}う。,Buy fresh vegetables and fish at the morning market.,Compre verduras y pescado frescos en el mercado matutino.
2,市,し,[市]{役所}から{大事}な{手紙}が{届}いた。,[し]{やくしょ}から{だいじ}な{てがみ}が{とど}いた。,An important letter arrived from city hall.,Llegó una carta importante del ayuntamiento.
2,帰,かえ,[帰]り{道}でかわいい{子}ねこと{会}った。,[かえ]り{みち}でかわいい{こ}ねこと{あ}った。,I met a cute kitten on the way home.,Me encontré con un lindo gatito de camino a casa.
2,帰,き,{入院}していた{選手}が{昨日復}[帰]した。,{にゅういん}していた{せんしゅ}が{}[き]した。,The player who was hospitalized returned yesterday.,El jugador que estuvo hospitalizado regresó ayer.
2,広,こう,[広]{告}のチラシを{受}け{取}る。,[こう]{こく}のチラシを{う}け{と}る。,Receive advertising flyers.,Recibir folletos publicitarios.
2,広,ひろ,{野原}にシートを[広]げてピクニックする。,{のはら}にシートを[ひろ]げてピクニックする。,Spread out a sheet in the field and have a picnic.,Extiende una sábana en el campo y haz un picnic.
2,店,てん,{駅}の{売}[店]でお{弁当}を{買}う。,{えき}の{ばい}[てん]でお{べんとう}を{か}う。,Buy a bento box at the station store.,Compra una caja bento en la tienda de la estación.
2,店,みせ,[店]の{前}に{看板}を{出}す。,[みせ]の{まえ}に{かんばん}を{だ}す。,Put up a sign in front of the store.,Coloque un cartel frente a la tienda.
2,弓,ゆみ,{戦国時代}に{作}られた[弓]{矢}が{資料館}に{展示}されている。,{せんごくじだい}に{つく}られた[ゆみ]{や}が{しりょうかん}に{てんじ}されている。,Bows and arrows made during the Sengoku period are on display at the museum.,En el museo se exhiben arcos y flechas fabricados durante el período Sengoku.
2,引,いん,{好}きだったプロ{野球選手}が、ケガをして[引]{退}してしまった。,{す}きだったプロ{やきゅうせんしゅ}が、ケガをして[いん]{たい}してしまった。,My favorite professional baseball player retired due to injury.,Mi jugador de béisbol profesional favorito se retiró debido a una lesión.
2,引,ひ,{土}から{出}てきたミミズをつついたら、{穴}の{中}に[引]っこんでいった。,{つち}から{で}てきたミミズをつついたら、{あな}の{なか}に[ひ]っこんでいった。,"When I poked the earthworm that came out of the soil, it retreated into the hole.","Cuando pinché la lombriz que salió del suelo, se retiró al agujero."
2,弟,おとうと,[弟]から{電話}がかかってくる。,[おとうと]から{でんわ}がかかってくる。,I get a call from my brother.,Recibo una llamada de mi hermano.
2,弟,だい,{私}にはかなり{年}のはなれた{兄}[弟]がいる。,{わたくし}にはかなり{とし}のはなれた{きょう}[だい]がいる。,I have a brother who is quite old.,Tengo un hermano que es bastante mayor.
2,弱,じゃく,{強}[弱]をつけた{話}し{方}で{説明}する。,{きょう}[じゃく]をつけた{はな}し{かた}で{せつめい}する。,Explain using emphasis.,Explique usando énfasis.
2,弱,よわ,なべのお{湯}がふっとうしたので{火}を[弱]めた。,なべのお{ゆ}がふっとうしたので{ひ}を[よわ]めた。,"The water in the pot was simmering, so I lowered the heat.","El agua de la olla estaba hirviendo, así que bajé el fuego."
2,強,きょう,{学級新聞}の{見出}しが{赤}ペンで[強]{調}されている。,{がっきゅうしんぶん}の{みだ}しが{あか}ペンで[きょう]{ちょう}されている。,The heading of the class newspaper is highlighted with a red pen.,El título del periódico de la clase está resaltado con un bolígrafo rojo.
2,強,つよ,{台風}でとても[強]い{風}がふいている。,{たいふう}でとても[つよ]い{かぜ}がふいている。,There is a typhoon and very strong winds are blowing.,Hay un tifón y soplan vientos muy fuertes.
2,当,あ,{保健室}に{行}ってけがの{手}[当]てをしてもらう。,{ほけんしつ}に{い}ってけがの{て}[あ]てをしてもらう。,Go to the health room and have your injury treated.,Vaya a la sala de salud y trate su lesión.
2,当,とう,{犯人}が{観念}して、{本}[当]のことを{話}す。,{はんにん}が{かんねん}して、{ほん}[とう]のことを{はな}す。,The criminal becomes aware and tells the truth.,El criminal toma conciencia y dice la verdad.
2,形,かた,{祖母}の[形]{見}を{大切}にしまっておく。,{そぼ}の[かた]{み}を{たいせつ}にしまっておく。,I treasure my grandmother's keepsakes.,Atesoro los recuerdos de mi abuela.
2,形,かたち,{物}を{入}れすぎて、ダンボール{箱}の[形]がゆがむ。,{もの}を{い}れすぎて、ダンボール{ばこ}の[かたち]がゆがむ。,"If you put too many things in it, the shape of the cardboard box will become distorted.","Si pones demasiadas cosas dentro, la forma de la caja de cartón se distorsionará."
2,形,ぎょう,{誕生日}プレゼントの{人}[形]を{大切}にする。,{たんじょうび}プレゼントの{にん}[ぎょう]を{たいせつ}にする。,Cherish the doll that was your birthday present.,Aprecia la muñeca que fue tu regalo de cumpleaños.
2,形,けい,{台}[形]の{面積}を{答}える{問題}でまちがえる。,{だい}[けい]の{めんせき}を{こた}える{もんだい}でまちがえる。,I made a mistake in answering the area of ​​a trapezoid.,Cometí un error al responder el área de un trapezoide.
2,後,あと,バケツの{水}で{花火}の[後]{始末}をする。,バケツの{みず}で{はなび}の[あと]{しまつ}をする。,Clean up after fireworks with a bucket of water.,Limpiar después de los fuegos artificiales con un balde de agua.
2,後,うし,{車}の[後]ろによごれが{付}いている。,{くるま}の[うし]ろによごれが{つ}いている。,There is dirt on the back of the car.,Hay suciedad en la parte trasera del coche.
2,後,こう,この{物語}は[後]{半}からおどろきの{展開}が{続}く。,この{ものがたり}は[こう]{はん}からおどろきの{てんかい}が{つづ}く。,This story continues with surprising developments from the second half onwards.,Esta historia continúa con desarrollos sorprendentes a partir de la segunda mitad.
2,後,ご,{放課}[後]に{近所}の{公園}に{集合}する。,{ほうか}[ご]に{きんじょ}の{こうえん}に{しゅうごう}する。,We meet at a nearby park after school.,Nos reunimos en un parque cercano después de la escuela.
2,後,ご,チョコレートの{最}[後]の{一個}を{横取}りされる。,チョコレートの{さい}[ご]の{いちこ}を{よこど}りされる。,The last piece of chocolate is stolen.,Se roba el último trozo de chocolate.
2,後,のち,{明日}の{天気}は{晴}れ[後]くもりでしょう。,{あした}の{てんき}は{は}れ[のち]くもりでしょう。,Tomorrow's weather will be sunny and then cloudy.,El tiempo de mañana será soleado y luego nublado.
2,心,こころ,{授業中}にねないよう[心]がける。,{じゅぎょうちゅう}にねないよう[こころ]がける。,Try not to fall asleep during class.,Intenta no quedarte dormido durante la clase.
2,心,しん,{台風}の{中}[心]には{雲}がない。,{たいふう}の{ちゅう}[しん]には{くも}がない。,There are no clouds at the center of the typhoon.,No hay nubes en el centro del tifón.
2,思,し,{目}の{前}の{問題}について[思]{考}をめぐらせる。,{め}の{まえ}の{もんだい}について[し]{こう}をめぐらせる。,Think about the problem in front of you.,Piensa en el problema que tienes delante.
2,戸,こ,{一}[戸]{建}ての{家}に{住}む。,{いっ}[こ]{だ}ての{いえ}に{す}む。,Live in a detached house.,Vive en una casa unifamiliar.
2,戸,と,[戸]を{開}いて{部屋}に{入}る。,[と]を{ひら}いて{へや}に{はい}る。,Open the door and enter the room.,Abre la puerta y entra a la habitación.
2,才,さい,{意外}なところで[才]{能}を{発揮}する。,{いがい}なところで[さい]{のう}を{はっき}する。,Show your talent in unexpected places.,Muestra tu talento en lugares inesperados.
2,教,おし,{友達}に{宿題}の{答}えを[教]えてもらった。,{ともだち}に{しゅくだい}の{こた}えを[おし]えてもらった。,My friend told me the answer to my homework.,Mi amigo me dijo la respuesta a mi tarea.
2,教,きょう,{水泳}[教]{室}でクロールのコツを{教}わる。,{すいえい}[きょう]{しつ}でクロールのコツを{おそ}わる。,Learn how to crawl at swimming class.,Aprende a gatear en la clase de natación.
2,教,きょう,{先生}に{説}[教]されて{落}ちこむ。,{せんせい}に{せっ}[きょう]されて{お}ちこむ。,I feel depressed when my teacher lectures me.,Me siento deprimido cuando mi maestro me sermonea.
2,数,かず,これまでに[数]{多}くの{勉強}をしてきた。,これまでに[かず]{おお}くの{べんきょう}をしてきた。,I have learned a lot so far.,He aprendido mucho hasta ahora.
2,数,かぞ,プリントを[数]えまちがえて{足}りなくなる。,プリントを[かぞ]えまちがえて{た}りなくなる。,I miscounted the prints and ran out.,Conté mal las huellas y salí corriendo.
2,数,すう,パスワードの[数]{字}を{入力}する。,パスワードの[すう]{じ}を{にゅうりょく}する。,Enter the password number.,Ingrese el número de contraseña.
2,新,あたら,{父}に[新]しいくつを{買}ってもらう。,{ちち}に[あたら]しいくつを{か}ってもらう。,I asked my father to buy me new shoes.,Le pedí a mi padre que me comprara zapatos nuevos.
2,新,あら,{気持}ちを[新]たにして{一学期}をむかえる。,{きも}ちを[あら]たにして{いちがっき}をむかえる。,I am heading into the first semester with a renewed sense of humor.,Me dirijo al primer semestre con un sentido del humor renovado.
2,新,しん,[新]{聞}でニュースをチェックする。,[しん]{ぶん}でニュースをチェックする。,Check the news in the newspaper.,Consulta las noticias en el periódico.
2,新,にい,[新]{潟県}で{大}きなイベントが{行}われる。,[にい]{がたけん}で{おお}きなイベントが{おこな}われる。,A big event will be held in Niigata Prefecture.,Se llevará a cabo un gran evento en la prefectura de Niigata.
2,方,かた,やれやれ、{仕}[方]ないなあ。,やれやれ、{し}[かた]ないなあ。,"Well, I guess I can't help it.","Bueno, no se puede evitar."
2,方,ほう,{私}が{住}んでいる{新潟県}は{中部地}[方]にあります。,{わたくし}が{す}んでいる{にいがたけん}は{ちゅうぶち}[ほう]にあります。,"Niigata Prefecture, where I live, is located in the Chubu region.","La prefectura de Niigata, donde vivo, está ubicada en la región de Chubu."
2,明,あ,{夜}が[明]けると{台風}は{過}ぎ{去}っていた。,{よる}が[あ]けると{たいふう}は{す}ぎ{さ}っていた。,"When night fell, the typhoon had passed.","Cuando cayó la noche, el tifón había pasado."
2,明,あ,{夜}になったので{部屋}に[明]かりをつける。,{よる}になったので{へや}に[あ]かりをつける。,"It's night, so I turn on the light in the room.","Es de noche, así que enciendo la luz de la habitación."
2,明,あか,{初日}の{出}で{空}が[明]るくなるのをながめる。,{はつひ}の{で}で{そら}が[あか]るくなるのをながめる。,Watch the sky brighten with the first sunrise.,Observa cómo el cielo se ilumina con el primer amanecer.
2,明,あき,{実験}によって{理論}の{正}しさを[明]らかにした。,{じっけん}によって{りろん}の{ただ}しさを[あき]らかにした。,The correctness of the theory was revealed through experiments.,La exactitud de la teoría fue revelada a través de experimentos.
2,明,みょう,{黒}い{雲}の{割}れ{目}からひとすじの{光}[明]が{差}す。,{くろ}い{くも}の{わ}れ{め}からひとすじの{こう}[みょう]が{さ}す。,A ray of light shines through the cracks in the black clouds.,Un rayo de luz brilla a través de las grietas de las nubes negras.
2,明,めい,ステージの{照}[明]でダンサーを{照}らす。,ステージの{しょう}[めい]でダンサーを{て}らす。,Illuminate the dancers with stage lights.,Ilumina a los bailarines con luces del escenario.
2,星,せい,{土}[星]の{輪}はほとんど{氷}でできている。,{ど}[せい]の{わ}はほとんど{こおり}でできている。,Saturn's rings are mostly made of ice.,Los anillos de Saturno están formados en su mayoría de hielo.
2,星,ほし,いなかでは{夜}の[星]がよく{見}える。,いなかでは{よる}の[ほし]がよく{み}える。,You can clearly see the stars at night in the countryside.,Puedes ver claramente las estrellas por la noche en el campo.
2,春,しゅん,[春]{分}の{日}を{過}ぎて{暖}かくなってきた。,[しゅん]{ぶん}の{ひ}を{す}ぎて{あたた}かくなってきた。,It's getting warmer after the vernal equinox.,Hace más calor después del equinoccio de primavera.
2,春,はる,{雪}がとけて[春]になる。,{ゆき}がとけて[はる]になる。,The snow melts and spring comes.,La nieve se derrite y llega la primavera.
2,昼,ちゅう,{今日}の[昼]{食}はラーメンだった。,{きょう}の[ちゅう]{しょく}はラーメンだった。,Today's lunch was ramen.,El almuerzo de hoy fue ramen.
2,昼,ひる,{今日}の[昼]{飯}は{何}にしよう。,{きょう}の[ひる]{めし}は{なん}にしよう。,What shall we have for lunch today?,¿Qué almorzaremos hoy?
2,時,じ,{親}から{学生当}[時]の{話}を{聞}く。,{おや}から{がくせいとう}[じ]の{はなし}を{き}く。,Hear from parents about their time as students.,Escuche a los padres sobre su época como estudiantes.
2,時,とき,タイムマシンで[時]をさかのぼる。,タイムマシンで[とき]をさかのぼる。,Go back in time with a time machine.,Retrocede en el tiempo con una máquina del tiempo.
2,晴,せい,{台風}が{過}ぎて{今日}は{快}[晴]だ。,{たいふう}が{す}ぎて{きょう}は{かい}[せい]だ。,The typhoon has passed and it's sunny today.,El tifón ha pasado y hoy hace sol.
2,晴,は,{見}[晴]らしのいい{所}に{家}を{建}てる。,{み}[は]らしのいい{ところ}に{いえ}を{た}てる。,Build a house in a place with a good view.,Construya una casa en un lugar con buena vista.
2,曜,よう,{毎週水}[曜]{日}には{習}い{事}がある。,{まいしゅうすい}[よう]{び}には{なら}い{ごと}がある。,I have lessons every Wednesday.,Tengo lecciones todos los miércoles.
2,書,か,{遠}くの{友達}に{手紙}を[書]く。,{とお}くの{ともだち}に{てがみ}を[か]く。,Write a letter to a distant friend.,Escribe una carta a un amigo lejano.
2,書,しょ,{図}[書]カードで{本}を{買}う。,{と}[しょ]カードで{ほん}を{か}う。,Buy books with your library card.,Compra libros con tu tarjeta de biblioteca.
2,朝,あさ,{毎}[朝]、ジョギングして{体}をきたえている。,{まい}[あさ]、ジョギングして{からだ}をきたえている。,I jog every morning to keep fit.,Salgo a correr todas las mañanas para mantenerme en forma.
2,朝,ちょう,[朝]{礼}の{最中}にいねむりしてしまう。,[ちょう]{れい}の{さいちゅう}にいねむりしてしまう。,I fall asleep during the morning assembly.,Me quedo dormido durante la asamblea de la mañana.
2,来,く,クラスに{教育実習生}がやって[来]る。,クラスに{きょういくじっしゅうせい}がやって[く]る。,A student teacher comes to class.,Un estudiante de profesor llega a clase.
2,来,らい,{今回}のフェスの[来]{場者数}は{五千人}にもなった。,{こんかい}のフェスの[らい]{じょうしゃすう}は{ごせんにん}にもなった。,"The number of visitors to this festival reached 5,000.",El número de visitantes a este festival alcanzó los 5.000.
2,東,とう,{国会議事堂}があるのは[東]{京都}だ。,{こっかいぎじどう}があるのは[とう]{きょうと}だ。,The National Diet Building is located in Tokyo.,El Edificio Nacional de la Dieta se encuentra en Tokio.
2,東,ひがし,[東]と{西}の{向}きをまちがえてしまう。,[ひがし]と{にし}の{む}きをまちがえてしまう。,The direction of east and west is confused.,La dirección del este y del oeste se confunde.
2,楽,たの,{修学旅行当日}を[楽]しみに{待}つ。,{しゅうがくりょこうとうじつ}を[たの]しみに{ま}つ。,I look forward to the day of the school trip.,Espero con ansias el día del viaje escolar.
2,楽,らく,まさる{君}とは、{気}[楽]に{話}せる{仲}のいい{関係}だ。,まさる{くん}とは、{き}[らく]に{はな}せる{なか}のいい{かんけい}だ。,"I have a good relationship with Masaru-kun, and I can talk to him easily.",Masaru y yo tenemos una buena relación y podemos hablar fácilmente.
2,歌,うた,{赤}ちゃんに{子}もり[歌]を{歌}ってあげる。,{あか}ちゃんに{こ}もり[うた]を{うた}ってあげる。,Sing a baby song to your baby.,Cántale una canción infantil a tu bebé.
2,歌,か,テレビに{父}の{好}きな[歌]{手}が{出}ていた。,テレビに{ちち}の{す}きな[か]{しゅ}が{で}ていた。,My father's favorite singer was on TV.,El cantante favorito de mi padre estaba en la televisión.
2,止,し,{雨}が{降}って{運動会}が{中}[止]になる。,{あめ}が{ふ}って{うんどうかい}が{ちゅう}[し]になる。,It's raining and the sports day is canceled.,Está lloviendo y se cancela la jornada deportiva.
2,止,と,{水}にもぐって{息}を[止]める。,{みず}にもぐって{いき}を[と]める。,Dive into the water and hold your breath.,Sumérgete en el agua y aguanta la respiración.
2,歩,あゆ,おたがいの[歩]み{寄}りで{問題}を{解決}する。,おたがいの[あゆ]み{よ}りで{もんだい}を{かいけつ}する。,Solve problems through mutual compromise.,Resolver problemas mediante el compromiso mutuo.
2,歩,ある,{観光地}めぐりをしていたら[歩]きつかれてしまった。,{かんこうち}めぐりをしていたら[ある]きつかれてしまった。,I got tired of walking while visiting tourist spots.,Me cansé de caminar mientras visitaba lugares turísticos.
2,歩,ほ,{交通}ルールは{原則}、[歩]{行者優先}だ。,{こうつう}ルールは{げんそく}、[ほ]{こうしゃゆうせん}だ。,Traffic rules generally give priority to pedestrians.,Las normas de tráfico suelen dar prioridad a los peatones.
2,母,はは,[母]の{日}に{何}をおくるか{父}に{相談}する。,[はは]の{ひ}に{なん}をおくるか{ちち}に{そうだん}する。,I consult my father about what to send for Mother's Day.,Consulto a mi padre sobre qué enviar para el Día de la Madre.
2,母,ぼ,ぼくの[母]{校}は 〇×{小学校}です。,ぼくの[ぼ]{こう}は 〇×{しょうがっこう}です。,My alma mater is 〇× Elementary School.,Mi alma mater es 〇× Escuela Primaria.
2,毎,まい,この{川原}では[毎]{年}、{花火大会}が{行}われる。,この{かわら}では[まい]{とし}、{はなびたいかい}が{おこな}われる。,A fireworks festival is held at this riverbank every year.,Cada año se celebra un festival de fuegos artificiales en esta orilla del río.
2,毛,け,ネコが[毛]{糸玉}を{転}がして{遊}んでいる。,ネコが[け]{いとたま}を{ころ}がして{あそ}んでいる。,A cat is playing with a ball of yarn.,Un gato juega con un ovillo de lana.
2,毛,もう,{冬}の{間}は{羽}[毛]{布団}でねている。,{ふゆ}の{あいだ}は{う}[もう]{ぶとん}でねている。,"During the winter, they sleep on duvets.",Durante el invierno duermen sobre edredones.
2,池,いけ,[池]にハスの{花}がたくさんさいている。,[いけ]にハスの{はな}がたくさんさいている。,There are many lotus flowers in the pond.,Hay muchas flores de loto en el estanque.
2,池,ち,リモコンの{電}[池]を{交}かんする。,リモコンの{でん}[ち]を{こう}かんする。,Replace the batteries in the remote control.,Reemplace las baterías del control remoto.
2,汽,き,{日本}に[汽]{車}が{初}めて{走}ったのは{明治時代}だ。,{にっぽん}に[き]{しゃ}が{はじ}めて{はし}ったのは{めいじじだい}だ。,Trains first ran in Japan during the Meiji era.,Los trenes circularon por primera vez en Japón durante la era Meiji.
2,活,かつ,{部}[活]{動}に{全力}で{取}り{組}む。,{ぶ}[かつ]{どう}に{ぜんりょく}で{と}り{く}む。,Participate in extracurricular activities with all your might.,Participa en actividades extraescolares con todas tus fuerzas.
2,海,うみ,どちらが{長}く[海]にもぐっていられるか{勝負}する。,どちらが{なが}く[うみ]にもぐっていられるか{しょうぶ}する。,A competition to see who can stay underwater the longest.,Una competición para ver quién puede permanecer más tiempo bajo el agua.
2,海,かい,コロンブスは{航}[海]をして、{新}しい{大陸}を{発見}した。,コロンブスは{こう}[かい]をして、{あたら}しい{たいりく}を{はっけん}した。,Columbus sailed and discovered new continents.,Colón navegó y descubrió nuevos continentes.
2,点,てん,{打}ち{上}げ{花火}に[点]{火}して、すぐはなれる。,{う}ち{あ}げ{はなび}に[てん]{か}して、すぐはなれる。,Light the fireworks and you'll be ready to go.,Enciende los fuegos artificiales y estarás listo para partir.
2,父,ちち,[父]の{日}におくり{物}をする。,[ちち]の{ひ}におくり{もの}をする。,Give a gift on Father's Day.,Regala un regalo el día del padre.
2,父,ふ,{授業参観}の{日}はいろんな{子}の[父]{母}が{来}る。,{じゅぎょうさんかん}の{ひ}はいろんな{こ}の[ふ]{ぼ}が{く}る。,Parents of all kinds of children come on class observation days.,Los padres de todo tipo de niños vienen los días de observación de clases.
2,牛,うし,{牧場}で[牛]の{乳}しぼりを{体験}する。,{ぼくじょう}で[うし]の{ちち}しぼりを{たいけん}する。,Experience milking a cow on a farm.,Experimenta ordeñar una vaca en una granja.
2,牛,ぎゅう,たくさんの[牛]{乳}を{使}っておかしを{作}る。,たくさんの[ぎゅう]{にゅう}を{つか}っておかしを{つく}る。,Make sweets using lots of milk.,Haz dulces con mucha leche.
2,理,り,{調}[理]{実習}のためのエプロンを{忘}れる。,{ちょう}[り]{じっしゅう}のためのエプロンを{わす}れる。,Forgetting an apron for cooking training.,Olvidar el delantal para las clases de cocina.
2,用,もち,{色}えんぴつを[用]いてリアルな{絵}をかく。,{いろ}えんぴつを[もち]いてリアルな{え}をかく。,Draw realistic pictures using colored pencils.,Haz dibujos realistas con lápices de colores.
2,用,よう,{私}の{家族}はみんな{不器}[用]で、さいほうが{苦手}だ。,{わたくし}の{かぞく}はみんな{ぶき}[よう]で、さいほうが{にがて}だ。,"Everyone in my family is clumsy, especially when it comes to walking.","Todos en mi familia somos torpes, especialmente cuando se trata de caminar."
2,画,かく,{温泉旅行}の{計}[画]を{家族}みんなで{話}し{合}う。,{おんせんりょこう}の{けい}[かく]を{かぞく}みんなで{はな}し{あ}う。,Discuss plans for a hot spring trip with the whole family.,Discuta los planes para un viaje a las aguas termales con toda la familia.
2,画,が,{先生}にたのまれて{図工室}から[画]{用紙}を{持}ってくる。,{せんせい}にたのまれて{ずこうしつ}から[が]{ようし}を{も}ってくる。,The teacher asked me to bring drawing paper from the art room.,La maestra me pidió que trajera papel de dibujo del salón de arte.
2,番,ばん,{相澤}くんの{出席}[番]{号}は{一番}だ。,{あいざわ}くんの{しゅっせき}[ばん]{ごう}は{いちばん}だ。,Aizawa-kun's attendance number is the highest.,El número de asistencia de Aizawa-kun es el más alto.
2,直,じき,{皿}を{割}ったことを{正}[直]にあやまる。,{さら}を{わ}ったことを{しょう}[じき]にあやまる。,I honestly apologize for breaking the plate.,Sinceramente me disculpo por romper el plato.
2,直,ただ,{新}しい{宿題}が{出}たら[直]ちに{取}り{組}んでいる。,{あたら}しい{しゅくだい}が{で}たら[ただ]ちに{と}り{く}んでいる。,"When new homework comes up, I work on it immediately.","Cuando surge una nueva tarea, trabajo en ella inmediatamente."
2,直,ちょく,{定規}を{使}って[直]{線}を{引}く。,{じょうぎ}を{つか}って[ちょく]{せん}を{ひ}く。,Draw a straight line using a ruler.,Dibuja una línea recta usando una regla.
2,直,なお,こわれたイスをあっという{間}に[直]した。,こわれたイスをあっという{ま}に[なお]した。,I fixed the broken chair in no time.,Reparé la silla rota en poco tiempo.
2,矢,や,{看板}の[矢]{印}をたどって、お{店}に{向}かう。,{かんばん}の[や]{じるし}をたどって、お{みせ}に{む}かう。,Follow the arrow on the signboard and head to the store.,Sigue la flecha del letrero y dirígete a la tienda.
2,知,し,[知]り{合}いといっしょにお{昼}ご{飯}を{食}べる。,[し]り{あ}いといっしょにお{ひる}ご{はん}を{た}べる。,Eat lunch with a friend.,Almuerza con un amigo.
2,知,ち,スマホにメールの{通}[知]が{届}く。,スマホにメールの{つう}[ち]が{とど}く。,You will receive an email notification on your smartphone.,Recibirá una notificación por correo electrónico en su teléfono inteligente.
2,社,しゃ,{大人}になって{会}[社]に{就職}する。,{おとな}になって{かい}[しゃ]に{しゅうしょく}する。,Grow up and get a job at a company.,Crece y consigue un trabajo en una empresa.
2,社,やしろ,お[社]をこわして{神様}にたたられる。,お[やしろ]をこわして{かみさま}にたたられる。,Demolish the shrine and be defeated by God.,Derribar el santuario y ser derrotado por Dios.
2,秋,あき,[秋]になって{山}がきれいな{赤色}になる。,[あき]になって{やま}がきれいな{あかいろ}になる。,"In autumn, the mountains turn a beautiful red.","En otoño, las montañas se tiñen de un hermoso color rojo."
2,秋,しゅう,{最近}すずしくなってきた。もうすぐ[秋]{分}だね。,{さいきん}すずしくなってきた。もうすぐ[しゅう]{ぶん}だね。,It's been getting cooler lately. It's almost the autumn equinox.,Últimamente hace más frío. Es casi el equinoccio de otoño.
2,科,か,{教}[科]{書}に{落書}きしていたらおこられた。,{きょう}[か]{しょ}に{らくが}きしていたらおこられた。,It happened while I was doodling in my textbook.,Sucedió mientras estaba garabateando en mi libro de texto.
2,答,こた,{他}の{人}の[答]えをぬすみ{見}たのがばれる。,{ほか}の{ひと}の[こた]えをぬすみ{み}たのがばれる。,You will be found out if you secretly looked at someone else's answer.,Lo descubrirán si miró en secreto la respuesta de otra persona.
2,答,こた,{先生}からの{質問}に[答]える。,{せんせい}からの{しつもん}に[こた]える。,Answer questions from the teacher.,Responder preguntas del profesor.
2,答,とう,テストの{一週間後}に[答]{案}が{返}ってくる。,テストの{いちしゅうかんご}に[とう]{あん}が{かえ}ってくる。,You will receive your answers one week after the test.,Recibirás tus respuestas una semana después de la prueba.
2,算,さん,おつりを{計}[算]して{客}にわたす。,おつりを{けい}[さん]して{きゃく}にわたす。,Calculate the change and give it to the customer.,Calcula el cambio y dáselo al cliente.
2,米,こめ,[米]{俵}を{持}って{年}ぐを{納}めに{行}く。,[こめ]{だわら}を{も}って{ねん}ぐを{おさ}めに{い}く。,I bring a bag of rice with me and go to pay my dues.,Traigo una bolsa de arroz y voy a pagar mis cuotas.
2,米,べい,アメリカは「[米]{国}」とよばれることがある。,アメリカは「[べい]{こく}」とよばれることがある。,"America is sometimes called ""United States.""","A Estados Unidos a veces se le llama ""Estados Unidos""."
2,米,まい,{母}は{最近}、{無洗}[米]を{買}っているらしい。,{はは}は{さいきん}、{むせん}[まい]を{か}っているらしい。,My mother seems to have been buying unwashed rice recently.,Parece que mi madre ha estado comprando arroz sin lavar recientemente.
2,紙,かみ,[紙]で{手}を{切}ってしまう。,[かみ]で{て}を{き}ってしまう。,I cut my hand on paper.,Me corté la mano en papel.
2,紙,し,{本}の{表}[紙]をよごしてしまった。,{ほん}の{ひょう}[し]をよごしてしまった。,I messed up the cover of the book.,Arruiné la portada del libro.
2,細,こま,{玉}ねぎを[細]かく{切}り{刻}む。,{たま}ねぎを[こま]かく{き}り{きざ}む。,Finely chop the onion.,Picar finamente la cebolla.
2,細,さい,{宝石}がニセ{物}ではないか、[細]{部}まで{調}べる。,{ほうせき}がニセ{もの}ではないか、[さい]{ぶ}まで{しら}べる。,Check every detail to see if the jewelry is fake.,Revisa cada detalle para ver si las joyas son falsas.
2,細,ほそ,{森}で{拾}った[細]{長}い{枝}をふり{回}す。,{もり}で{ひろ}った[ほそ]{なが}い{えだ}をふり{まわ}す。,He swings around a long thin branch he picked up in the forest.,Se balancea alrededor de una rama larga y delgada que recogió en el bosque.
2,組,く,{冷蔵庫}の{仕}[組]みを{本}で{調}べる。,{れいぞうこ}の{し}[く]みを{ほん}で{しら}べる。,Find out how a refrigerator works in a book.,Descubra cómo funciona un frigorífico en un libro.
2,組,くみ,クラスがえで{三}[組]になる。,クラスがえで{さん}[くみ]になる。,The class is divided into three groups.,La clase se divide en tres grupos.
2,組,そ,{地域}の{自治会}が[組]{織}される。,{ちいき}の{じちかい}が[そ]{しき}される。,Local residents' associations are organized.,Se organizan asociaciones de residentes locales.
2,絵,え,パレットを{洗}わないでいたら、[絵]の{具}がカチカチになっちゃった。,パレットを{あら}わないでいたら、[え]の{ぐ}がカチカチになっちゃった。,"When I didn't wash my palette, the paint became sticky.","Cuando no lavé mi paleta, la pintura se volvió pegajosa."
2,線,せん,{電}[線]の{上}にカラスがとまっている。,{でん}[せん]の{うえ}にカラスがとまっている。,A crow is perched on the electric wire.,Un cuervo está posado sobre el cable eléctrico.
2,羽,は,{公園}のハトがいっせいに[羽]ばたく。,{こうえん}のハトがいっせいに[は]ばたく。,The pigeons in the park flap their wings all at once.,Las palomas del parque baten sus alas todas a la vez.
2,羽,はね,{空}からカラスの[羽]がひらひらと{落}ちてきた。,{そら}からカラスの[はね]がひらひらと{お}ちてきた。,Crow feathers fluttered down from the sky.,Plumas de cuervo revoloteaban desde el cielo.
2,考,かんが,{自分}の[考]えを{他}の{人}に{話}す。,{じぶん}の[かんが]えを{ほか}の{ひと}に{はな}す。,tell others what you think.,Dile a los demás lo que piensas.
2,考,こう,{冬休}みの{旅行計画}を[考]{案}する。,{ふゆやす}みの{りょこうけいかく}を[こう]{あん}する。,Devise travel plans for winter vacation.,Diseñar planes de viaje para las vacaciones de invierno.
2,聞,き,{校長先生}の{話}をじっとすわって[聞]く。,{こうちょうせんせい}の{はなし}をじっとすわって[き]く。,Sit still and listen to what the principal is saying.,Siéntate quieto y escucha lo que dice el director.
2,聞,ぶん,{新}[聞]{紙}にのっている{四}コママンガを{読}む。,{しん}[ぶん]{し}にのっている{よん}コママンガを{よ}む。,Read the four-panel comics that appear in newspapers.,Lea los cómics de cuatro paneles que aparecen en los periódicos.
2,肉,にく,{皮}[肉]を{言}ったけど{通}じてないみたいだ。,{ひ}[にく]を{い}ったけど{つう}じてないみたいだ。,"I tried to be sarcastic, but it didn't seem to get across.","Intenté ser sarcástico, pero no pareció entenderse."
2,自,し,ウソをついて{不}[自]{然}な{態度}になる。,ウソをついて{ふ}[し]{ぜん}な{たいど}になる。,He lies and behaves unnaturally.,Miente y se comporta de forma antinatural.
2,自,じ,{今回}のテストは[自]{信}がある。,{こんかい}のテストは[じ]{しん}がある。,I am confident in this test.,Tengo confianza en esta prueba.
2,自,みずか,トイレそうじを[自]ら{進}んで{引}き{受}ける。,トイレそうじを[みずか]ら{すす}んで{ひ}き{う}ける。,Be willing to take on the responsibility of cleaning the toilet.,Esté dispuesto a asumir la responsabilidad de limpiar el baño.
2,船,せん,{風}[船]が{空高}く{飛}んでいく。,{ふう}[せん]が{そらたか}く{と}んでいく。,Balloons fly high into the sky.,Los globos vuelan alto hacia el cielo.
2,船,ふな,{一}か{月間}の[船]{旅}に{出発}する。,{いち}か{げつかん}の[ふな]{たび}に{しゅっぱつ}する。,Set off on a month-long voyage.,Emprende un viaje de un mes de duración.
2,船,ふね,[船]の{近}くをイルカの{群}れが{通}る。,[ふね]の{ちか}くをイルカの{む}れが{とお}る。,A pod of dolphins passes near the ship.,Una manada de delfines pasa cerca del barco.
2,色,いろ,[色]えんぴつでぬり{絵}をする。,[いろ]えんぴつでぬり{え}をする。,Color with colored pencils.,Colorea con lápices de colores.
2,色,しき,{芸能人}がサインした[色]{紙}がかざられている。,{げいのうじん}がサインした[しき]{し}がかざられている。,It is decorated with colored paper signed by celebrities.,Está decorado con papeles de colores firmados por celebridades.
2,色,しょく,{自分}の{暮}らす{町}の{特}[色]について{調}べた。,{じぶん}の{く}らす{まち}の{とく}[しょく]について{しら}べた。,I researched the characteristics of the town where I live.,Investigué las características del pueblo donde vivo.
2,茶,ちゃ,お{客}さんにお[茶]を{出}す。,お{きゃく}さんにお[ちゃ]を{だ}す。,Serve tea to customers.,Servir té a los clientes.
2,行,い,おじいちゃんのお{見}まいに{病院}へ[行]く。,おじいちゃんのお{み}まいに{びょういん}へ[い]く。,I'm going to the hospital to see my grandpa.,Voy al hospital a ver a mi abuelo.
2,行,おこな,{公民館}で{絵}の{展示会}が[行]われた。,{こうみんかん}で{え}の{てんじかい}が[おこな]われた。,A painting exhibition was held at the community center.,Se realizó una exposición de pintura en el centro comunitario.
2,行,ぎょう,{会場}に[行]{列}ができている。,{かいじょう}に[ぎょう]{れつ}ができている。,There is a line at the venue.,Hay cola en el lugar.
2,行,こう,{最近}、{流}[行]しているデザインの{服}を{買}う。,{さいきん}、{りゅう}[こう]しているデザインの{ふく}を{か}う。,Buy clothes with designs that are trending these days.,Compra ropa con diseños que son tendencia estos días.
2,行,ゆ,この{物語}の[行]く{末}はどうなるんだろう。,この{ものがたり}の[ゆ]く{すえ}はどうなるんだろう。,I wonder how this story will end.,Me pregunto cómo terminará esta historia.
2,西,さい,{大阪出身}の{友達}が{関}[西]{弁}で{話}す。,{おおさかしゅっしん}の{ともだち}が{かん}[さい]{べん}で{はな}す。,My friend from Osaka speaks in Kansai dialect.,Mi amigo de Osaka habla en dialecto de Kansai.
2,西,せい,{美}しい[西]{洋}の{建物}の{写真}に{見}とれる。,{うつく}しい[せい]{よう}の{たてもの}の{しゃしん}に{み}とれる。,Admire the pictures of beautiful Western buildings.,Admire las fotografías de hermosos edificios occidentales.
2,西,にし,{夕方}になって{太陽}が[西]にしずんでいく。,{ゆうがた}になって{たいよう}が[にし]にしずんでいく。,"In the evening, the sun sets in the west.","Por la tarde, el sol se pone por el oeste."
2,親,おや,[親]と{大}げんかする。,[おや]と{おお}げんかする。,Have a big fight with your parents.,Ten una gran pelea con tus padres.
2,親,した,{山田}くんとは[親]しい{関係}だ。,{やまだ}くんとは[した]しい{かんけい}だ。,I have a close relationship with Yamada-kun.,Tengo una relación cercana con Yamada-kun.
2,親,しん,[親]{切}な{人}に{駅}までの{道}を{教}えてもらう。,[しん]{せつ}な{ひと}に{えき}までの{みち}を{おし}えてもらう。,Ask a kind person to show you the way to the station.,Pídele a una persona amable que te muestre el camino a la estación.
2,角,かく,{分度器}を{使}って[角]{度}を{測}る。,{ぶんどき}を{つか}って[かく]{ど}を{はか}る。,Measure angles using a protractor.,Mide ángulos usando un transportador.
2,角,かど,この[角]を{曲}がれば、{水族館}がある。,この[かど]を{ま}がれば、{すいぞくかん}がある。,"If you turn this corner, there is an aquarium.","Si doblas esta esquina, hay un acuario."
2,角,つの,{動物園}で{立派}な[角]の{生}えた{鹿}の{写真}をとった。,{どうぶつえん}で{りっぱ}な[つの]の{は}えた{しか}の{しゃしん}をとった。,I took a photo of a deer with magnificent antlers at the zoo.,Tomé una foto de un ciervo con magníficas astas en el zoológico.
2,言,い,だれにも[言]えない{秘密}をかかえる。,だれにも[い]えない{ひみつ}をかかえる。,I keep a secret that I can't tell anyone.,Guardo un secreto que no puedo contarle a nadie.
2,言,げん,パズルに{苦戦}している{弟}に{助}[言]する。,パズルに{くせん}している{おとうと}に{じょ}[げん]する。,Advice to my younger brother who is struggling with puzzles.,Un consejo para mi hermano menor que tiene dificultades con los acertijos.
2,言,こと,{意味}がわからない[言]{葉}を{辞典}で{調}べる。,{いみ}がわからない[こと]{ば}を{じてん}で{しら}べる。,Look up words you don't know the meaning of in a dictionary.,Busque palabras cuyo significado no conozca en un diccionario.
2,言,ごん,{留守電}に{伝}[言]を{残}して{返事}を{待}つ。,{るすでん}に{でん}[ごん]を{のこ}して{へんじ}を{ま}つ。,Leave a message on the answering machine and wait for a reply.,Deje un mensaje en el contestador y espere respuesta.
2,計,けい,{冬休}みの{宿題}の[計]{画}を{全}く{守}らない。,{ふゆやす}みの{しゅくだい}の[けい]{かく}を{まった}く{まも}らない。,I don't stick to my winter vacation homework plan at all.,No sigo en absoluto mi plan de tareas para las vacaciones de invierno.
2,計,はか,タイミングを{見}[計]らって{話}し{始}める。,タイミングを{み}[はか]らって{はな}し{はじ}める。,Start talking at the right time.,Empiece a hablar en el momento adecuado.
2,記,き,{海外旅行}の[記]{念写真}をさつえいする。,{かいがいりょこう}の[き]{ねんしゃしん}をさつえいする。,Send a commemorative photo of your overseas trip.,Envía una foto conmemorativa de tu viaje al extranjero.
2,記,しる,{大事}な{約束}をメモ{帳}に[記]しておく。,{だいじ}な{やくそく}をメモ{ちょう}に[しる]しておく。,Write down important promises on a notepad.,Escriba promesas importantes en un bloc de notas.
2,話,はな,{昔}の{思}い{出}を[話]す。,{むかし}の{おも}い{で}を[はな]す。,Talk about old memories.,Habla de viejos recuerdos.
2,話,はなし,{先生}の[話]の{後}に{質問}をする。,{せんせい}の[はなし]の{あと}に{しつもん}をする。,Ask questions after the teacher speaks.,Haga preguntas después de que el maestro hable.
2,話,ばなし,{長}[話]に{付}き{合}わされてうんざりする。,{なが}[ばなし]に{つ}き{あ}わされてうんざりする。,I get tired of having to deal with long conversations.,Me canso de tener que lidiar con largas conversaciones.
2,話,わ,かんちがいで{会}[話]がかみ{合}わなくなる。,かんちがいで{かい}[わ]がかみ{あ}わなくなる。,Conversations become incoherent due to differences.,Las conversaciones se vuelven incoherentes debido a las diferencias.
2,語,かた,{幼}ち{園}の{思}い{出}を[語]る。,{おさな}ち{えん}の{おも}い{で}を[かた]る。,Talk about your childhood memories.,Habla sobre tus recuerdos de la infancia.
2,語,ご,{国}[語]{辞典}でわからない{言葉}を{調}べる。,{こく}[ご]{じてん}でわからない{ことば}を{しら}べる。,Look up words you don't understand in a Japanese dictionary.,Busque palabras que no comprenda en un diccionario japonés.
2,読,とう,ここに[読]{点}を{入}れた{方}が{読}みやすいよ。,ここに[とう]{てん}を{い}れた{ほう}が{よ}みやすいよ。,It would be easier to read if you put a comma here.,Sería más fácil de leer si pones una coma aquí.
2,読,とく,{昔}の{教科書}である、[読]{本}が{図書館}で{保管}される。,{むかし}の{きょうかしょ}である、[とく]{ほん}が{としょかん}で{ほかん}される。,"Readers, which are old textbooks, are kept in the library.","Los lectores, que son libros de texto antiguos, se guardan en la biblioteca."
2,読,どく,[読]{者}からファンレターが{送}られてくる。,[どく]{しゃ}からファンレターが{おく}られてくる。,Readers send us fan letters.,Los lectores nos envían cartas de fans.
2,読,よ,{図書室}で{借}りてきた{本}を[読]む。,{としょしつ}で{か}りてきた{ほん}を[よ]む。,Read the book you borrowed from the library.,Lee el libro que tomaste prestado de la biblioteca.
2,谷,たに,あの{山}と{山}の[谷]{間}にはきれいな{池}がある。,あの{やま}と{やま}の[たに]{ま}にはきれいな{いけ}がある。,There is a beautiful pond between those mountains.,Hay un hermoso estanque entre esas montañas.
2,買,か,{土地}を{売}り[買]いしてお{金}をかせぐ。,{とち}を{う}り[か]いしてお{かね}をかせぐ。,Earn money by buying and selling land.,Gana dinero comprando y vendiendo terrenos.
2,走,そう,{助}[走]をつけてとび{箱}をとびこえる。,{じょ}[そう]をつけてとび{ばこ}をとびこえる。,Jump over the box with a run-up.,Salta sobre la caja con una carrera.
2,走,はし,{雨}の{中}を{家}まで{急}いで[走]る。,{あめ}の{なか}を{いえ}まで{いそ}いで[はし]る。,I race home in the rain.,Corro a casa bajo la lluvia.
2,近,きん,{最}[近]はよく{雨}がふるね。,{さい}[きん]はよく{あめ}がふるね。,It's been raining a lot lately.,Ha estado lloviendo mucho últimamente.
2,近,ちか,お{化}けが{後}ろからこっそり[近]づく。,お{ば}けが{うし}ろからこっそり[ちか]づく。,A ghost sneaks up on you from behind.,Un fantasma se te acerca sigilosamente por detrás.
2,通,かよ,{毎週木曜日}にピアノ{教室}に[通]う。,{まいしゅうもくようび}にピアノ{きょうしつ}に[かよ]う。,I go to piano class every Thursday.,Voy a clases de piano todos los jueves.
2,通,つう,この{道}は{工事中}で、[通]{行止}めです。,この{みち}は{こうじちゅう}で、[つう]{こうど}めです。,This road is under construction and closed to traffic.,Esta vía está en construcción y cerrada al tráfico.
2,通,とお,{大急}ぎで{改札}を[通]って{電車}に{乗}りこむ。,{おおいそ}ぎで{かいさつ}を[とお]って{でんしゃ}に{の}りこむ。,I hurriedly passed through the ticket gate and boarded the train.,Pasé apresuradamente por la puerta de entrada y abordé el tren.
2,週,しゅう,{先}[週]はとてもいそがしかった。,{せん}[しゅう]はとてもいそがしかった。,Last week was very busy.,La semana pasada estuvo muy ocupada.
2,道,どう,{親}が{先導}して、カモの{親子}が[道]{路}をわたる。,{おや}が{せんどう}して、カモの{おやこ}が[どう]{ろ}をわたる。,A family of ducks crosses the road with their parents leading the way.,Una familia de patos cruza la calle con sus padres a la cabeza.
2,道,どう,{選挙}の{結果}が{報}[道]される。,{せんきょ}の{けっか}が{ほう}[どう]される。,The results of the election will be reported.,Se informarán los resultados de las elecciones.
2,道,みち,{片}[道]{分}だけきっぷを{買}う。,{かた}[みち]{ぶん}だけきっぷを{か}う。,Buy a one-way ticket.,Compra un billete de ida.
2,遠,えん,{山}の{上}の{展望台}から、{望}[遠]{鏡}で{自分}の{家}を{探}す。,{やま}の{うえ}の{てんぼうだい}から、{ぼう}[えん]{きょう}で{じぶん}の{いえ}を{さが}す。,Look for your home through a telescope from the observation deck on top of the mountain.,Busque su hogar a través de un telescopio desde la plataforma de observación en la cima de la montaña.
2,遠,とお,[遠]くの{町}に{住}んでいるおじいちゃんと{電話}する。,[とお]くの{まち}に{す}んでいるおじいちゃんと{でんわ}する。,I call my grandpa who lives in a far away town.,Llamo a mi abuelo que vive en un pueblo lejano.
2,里,さと,{小}さな[里]から{世界的}な{音楽家}が{生}まれる。,{ちい}さな[さと]から{せかいてき}な{おんがくか}が{う}まれる。,A world-class musician is born from a small village.,Un músico de talla mundial nace en un pequeño pueblo.
2,里,り,{戦国武将}の{郷}[里]に{銅像}が{建}てられる。,{せんごくぶしょう}の{きょう}[り]に{どうぞう}が{た}てられる。,A bronze statue will be erected in the hometown of a Sengoku warlord.,Se erigirá una estatua de bronce en la ciudad natal de un señor de la guerra Sengoku.
2,野,の,{近所}の[野]{原}でピクニックする。,{きんじょ}の[の]{はら}でピクニックする。,Have a picnic in a nearby field.,Haga un picnic en un campo cercano.
2,野,や,サバンナで[野]{生}のライオンに{出}くわす。,サバンナで[や]{せい}のライオンに{で}くわす。,Encounter a wild lion in the savannah.,Encuentra un león salvaje en la sabana.
2,長,ちょう,カラオケの{時間}を{延}[長]する。,カラオケの{じかん}を{えん}[ちょう]する。,Extend karaoke time.,Ampliar el tiempo de karaoke.
2,長,なが,かみの{毛}を{細}[長]いリボンでまとめる。,かみの{け}を{ほそ}[なが]いリボンでまとめる。,Gather the hair of your head with a long thin ribbon.,Recoge el cabello de tu cabeza con una cinta larga y fina.
2,門,もん,{校}[門]の{前}にいる{先生}たちにあいさつする。,{こう}[もん]の{まえ}にいる{せんせい}たちにあいさつする。,Greet the teachers in front of the school gate.,Salude a los profesores frente a la puerta de la escuela.
2,間,あいだ,この[間]、きれいなちょうちょうを{見}たよ。,この[あいだ]、きれいなちょうちょうを{み}たよ。,"The other day, I saw a beautiful butterfly.",El otro día vi una mariposa preciosa.
2,間,かん,{約束}の{時}[間]になっても{友達}が{来}なくていらいらする。,{やくそく}の{じ}[かん]になっても{ともだち}が{こ}なくていらいらする。,I get frustrated when my friends don't show up at the appointed time.,Me siento frustrado cuando mis amigos no aparecen a la hora acordada.
2,間,けん,おばさんたちが{集}まって{世}[間]{話}をする。,おばさんたちが{あつ}まって{せ}[けん]{はなし}をする。,The ladies gather and chat.,Las damas se reúnen y charlan.
2,間,ま,{勉強}の{合}[間]におかしを{食}べる。,{べんきょう}の{あい}[ま]におかしを{た}べる。,Eating snacks while studying.,Comer bocadillos mientras estudias.
2,雪,せつ,{降}[雪]でバスが{大}きくおくれる。,{こう}[せつ]でバスが{おお}きくおくれる。,Buses are delayed due to snowfall.,Los autobuses están retrasados ​​debido a las nevadas.
2,雪,ゆき,[雪]の{上}をスキーですべる。,[ゆき]の{うえ}をスキーですべる。,Skiing on the snow.,Esquiar en la nieve.
2,雲,うん,{積乱}[雲]が{見}えた。もうすぐ{大雨}が{降}るぞ。,{せきらん}[うん]が{み}えた。もうすぐ{おおあめ}が{ふ}るぞ。,I saw a cumulonimbus cloud. It's going to rain heavily soon.,Vi una nube cumulonimbus. Pronto lloverá mucho.
2,雲,くも,あの[雲]は{形}がネコに{似}ているね。,あの[くも]は{かたち}がネコに{に}ているね。,That cloud resembles a cat in shape.,Esa nube tiene forma de gato.
2,電,でん,アンテナで[電]{波}をキャッチする。,アンテナで[でん]{ぱ}をキャッチする。,Catch radio waves with an antenna.,Capta ondas de radio con una antena.
2,頭,あたま,{飼}っているネコの[頭]をなでる。,{か}っているネコの[あたま]をなでる。,Pat your pet cat's head.,Dale palmaditas en la cabeza a tu gato.
2,頭,ず,ひどい[頭]{痛}がするので{病院}に{行}った。,ひどい[ず]{つう}がするので{びょういん}に{い}った。,I went to the hospital because I had a severe headache.,Fui al hospital porque tenía un fuerte dolor de cabeza.
2,頭,とう,{政治家}が{街}[頭]で{演説}している。,{せいじか}が{がい}[とう]で{えんぜつ}している。,Politicians are giving speeches on the street.,Los políticos dan discursos en la calle.
2,顔,かお,{木下}くん、だいじょうぶ？[顔]{色}{悪}いよ。,{きのした}くん、だいじょうぶ？[かお]{いろ}{わる}いよ。,"Kinoshita-kun, are you okay? You look pale.","Kinoshita-kun, ¿estás bien? Te ves pálido."
2,顔,がん,[顔]{面}にボールがぶつかって{鼻血}が{出}た。,[がん]{めん}にボールがぶつかって{はなじ}が{で}た。,"The ball hit him in the face, causing his nose to bleed.","La bala le dio en la cara, provocando que le sangrara la nariz."
2,風,かざ,[風]{上}からけむりが{流}れてくる。,[かざ]{かみ}からけむりが{なが}れてくる。,Smoke flows from upwind.,El humo fluye desde contra el viento.
2,風,かぜ,かさをさせば{飛}べそうなくらい、{今日}は[風]が{強}い。,かさをさせば{と}べそうなくらい、{きょう}は[かぜ]が{つよ}い。,The wind is so strong today that I feel like I could fly if I lifted my umbrella.,Hoy el viento es tan fuerte que siento que podría volar si levantara el paraguas.
2,風,ふう,レストランで{和}[風]ハンバーグを{注文}する。,レストランで{わ}[ふう]ハンバーグを{ちゅうもん}する。,Order a Japanese-style hamburger at a restaurant.,Pide una hamburguesa al estilo japonés en un restaurante.
2,食,く,たくさんあったおかしを{全部}[食]いつくした。,たくさんあったおかしを{ぜんぶ}[く]いつくした。,I ate all the sweets I had.,Me comí todos los dulces que tenía.
2,食,た,{朝}から{何}も[食]べてないから{空腹}だ。,{あさ}から{なん}も[た]べてないから{くうふく}だ。,"I haven't eaten anything since morning, so I'm hungry.","No he comido nada desde la mañana, así que tengo hambre."
2,食,しょく,かぜをひいて[食]{欲}がなくなる。,かぜをひいて[しょく]{よく}がなくなる。,I catch a cold and lose my appetite.,Me resfrío y pierdo el apetito.
2,食,た,いただきますを{言}ってから[食]べ{始}める。,いただきますを{い}ってから[た]べ{はじ}める。,"After saying ``Itadakimasu'', start eating.","Después de decir ""Itadakimasu"", comience a comer."
2,首,くび,{飼}っている{犬}に[首]{輪}をつける。,{か}っている{いぬ}に[くび]{わ}をつける。,Put a collar on your dog.,Ponle un collar a tu perro.
2,首,しゅ,イギリスの[首]{都}を{地図帳}で{調}べる。,イギリスの[しゅ]{と}を{ちずちょう}で{しら}べる。,Look up the capitals of England in an atlas.,Busque las capitales de Inglaterra en un atlas.
2,馬,うま,[馬]に{乗}って{平原}をかけぬける。,[うま]に{の}って{へいげん}をかけぬける。,Ride across the plains on horseback.,Cruza las llanuras a caballo.
2,馬,ば,{子供}がいる{知}り{合}いに{木}[馬]をおくる。,{こども}がいる{し}り{あ}いに{もく}[ば]をおくる。,Send a rocking horse to someone you know who has children.,Envía un caballito a alguien que conozcas que tenga hijos.
2,馬,ま,{群}[馬]{県}にある、{富岡製糸場}は{有名}だ。,{ぐん}[ま]{けん}にある、{とみおかせいしじょう}は{ゆうめい}だ。,Tomioka Silk Mill in Gunma Prefecture is famous.,Es famosa la fábrica de seda de Tomioka en la prefectura de Gunma.
2,高,こう,{誕生日}プレゼントをもらって{最}[高]の{気分}になる。,{たんじょうび}プレゼントをもらって{さい}[こう]の{きぶん}になる。,Receiving a birthday present makes me feel great.,Recibir un regalo de cumpleaños me hace sentir genial.
2,高,たか,[高]いお{金}をはらって{指輪}を{買}う。,[たか]いお{かね}をはらって{ゆびわ}を{か}う。,Buy a ring for a lot of money.,Compra un anillo por mucho dinero.
2,魚,うお,すし{職人}が[魚]{市場}でたくさん{材料}を{買}っていった。,すし{しょくにん}が[うお]{いちば}でたくさん{ざいりょう}を{か}っていった。,A sushi chef bought a lot of ingredients at the fish market.,Un chef de sushi compró muchos ingredientes en el mercado de pescado.
2,魚,ぎょ,ここの{海}には{人}[魚]がいるといううわさがある。,ここの{うみ}には{にん}[ぎょ]がいるといううわさがある。,There are rumors that there are mermaids in the sea here.,Hay rumores de que aquí hay sirenas en el mar.
2,魚,さかな,つったばかりの[魚]を{焼}いて{食}べる。,つったばかりの[さかな]を{や}いて{た}べる。,Grill and eat freshly caught fish.,Asa y come pescado recién pescado.
2,鳥,ちょう,そう{眼鏡}で{野}[鳥]を{観察}する。,そう{めがね}で{や}[ちょう]を{かんさつ}する。,That's how I observe wild birds with glasses.,Así observo los pájaros salvajes con gafas.
2,鳥,とり,[鳥]にえさをむやみにあげてはいけない。,[とり]にえさをむやみにあげてはいけない。,Do not give food to birds unnecessarily.,No le dé comida a los pájaros innecesariamente.
2,鳴,な,ウグイスの[鳴]き{声}はかなり{特}ちょう{的}だ。,ウグイスの[な]き{ごえ}はかなり{とく}ちょう{てき}だ。,The warbler's cry is quite unique.,El grito de la reinita es bastante singular.
2,鳴,な,{授業開始}を{知}らせるチャイムが[鳴]った。,{じゅぎょうかいし}を{し}らせるチャイムが[な]った。,The chime rang to signal the start of class.,El timbre sonó para señalar el inicio de la clase.
2,鳴,めい,{虫}を{見}て{悲}[鳴]を{上}げる。,{むし}を{み}て{ひ}[めい]を{あ}げる。,I scream when I see an insect.,Grito cuando veo un insecto.
2,麦,むぎ,コップに{入}った[麦]{茶}を{一気飲}みする。,コップに{はい}った[むぎ]{ちゃ}を{いっきの}みする。,Drink the barley tea in your cup at once.,Bebe el té de cebada en tu taza de inmediato.
2,黄,おう,ピラミッドの{中}から、[黄]{金}で{出来}た{仮面}が{見}つかった。,ピラミッドの{なか}から、[おう]{ごん}で{でき}た{かめん}が{み}つかった。,A golden mask was found inside the pyramid.,Dentro de la pirámide se encontró una máscara dorada.
2,黄,き,{森}の{絵}をかくために、[黄]{緑色}の{絵}の{具}をたくさん{持}ってきた。,{もり}の{え}をかくために、[き]{みどりいろ}の{え}の{ぐ}をたくさん{も}ってきた。,I brought a lot of yellow-green paint to draw pictures of the forest.,Traje mucha pintura de color amarillo verdoso para hacer dibujos del bosque.
2,黒,くろ,{近所}の{川}で{真}っ[黒]な{石}を{見}つけた。,{きんじょ}の{かわ}で{ま}っ[くろ]な{いし}を{み}つけた。,I found a pitch black stone in a nearby river.,Encontré una piedra de tono negro en un río cercano.
2,黒,こく,{休}み{時間}に[黒]{板}に{落書}きして{遊}ぶ。,{やす}み{じかん}に[こく]{ばん}に{らくが}きして{あそ}ぶ。,Have fun doodle on the blackboard during recess.,Diviértete garabateando en la pizarra durante el recreo.
3,丁,ちょう,{切}れ{味}が{悪}くなった{包}[丁]をとぐ。,{き}れ{あじ}が{わる}くなった{ほう}[ちょう]をとぐ。,Sharpen a knife that has become dull.,Afile un cuchillo que se haya vuelto desafilado.
3,世,せ,[世]{界的}に{有名}なバンドが{日本}に{来}た。,[せ]{かいてき}に{ゆうめい}なバンドが{にっぽん}に{き}た。,A world-famous band came to Japan.,Una banda de fama mundial llegó a Japón.
3,世,せい,{後}[世]の{教科書}にのるほどの{事件}がおこる。,{こう}[せい]の{きょうかしょ}にのるほどの{じけん}がおこる。,Incidents that will be included in textbooks for future generations occur.,Ocurren incidentes que se incluirán en los libros de texto de las generaciones futuras.
3,世,よ,[世]の{中}には{様々}な{考}え{方}がある。,[よ]の{なか}には{さまざま}な{かんが}え{かた}がある。,There are various ways of thinking in the world.,Hay varias formas de pensar en el mundo.
3,両,りょう,{船}に、{輸出}する{車}[両]が{積}みこまれる。,{ふね}に、{ゆしゅつ}する{しゃ}[りょう]が{つ}みこまれる。,Vehicles to be exported are loaded onto the ship.,Los vehículos que se van a exportar se cargan en el barco.
3,主,おも,{空気}は[主]にちっ{素}と{酸素}でできている。,{くうき}は[おも]にちっ{そ}と{さんそ}でできている。,Air is mainly made up of nitrogen and oxygen.,El aire está compuesto principalmente de nitrógeno y oxígeno.
3,主,ぬし,{地}[主]に{土地}を{借}りた{分}のお{金}をはらう。,{じ}[ぬし]に{とち}を{か}りた{ぶん}のお{かね}をはらう。,Receive payment from the landowner for renting the land.,Recibir el pago del propietario del terreno por el alquiler del terreno.
3,乗,じょう,{最近}のはやりに{便}[乗]する。,{さいきん}のはやりに{びん}[じょう]する。,Take advantage of the recent trend.,Aprovecha la tendencia reciente.
3,乗,の,[乗]り{物図}かんを{夢中}になって{読}んだ。,[の]り{ものず}かんを{むちゅう}になって{よ}んだ。,I was engrossed in reading the vehicle illustrations.,Estaba absorto leyendo las ilustraciones del vehículo.
3,予,よ,[予]{告編}を{見}て、その{映画}が{気}になった。,[よ]{こくへん}を{み}て、その{えい}が{がき}になった。,I was interested in the movie after seeing the trailer.,Me interesó la película después de ver el trailer.
3,事,こと,{調査}でとんでもない[事]がわかった。,{ちょうさ}でとんでもない[こと]がわかった。,The investigation revealed something surprising.,La investigación reveló algo sorprendente.
3,事,じ,{楽}しく{話}しながら{食}[事]をする。,{たの}しく{はな}しながら{しょく}[じ]をする。,Enjoy your meal while talking.,Disfrute de su comida mientras habla.
3,仕,し,うで{時計}は{複雑}な[仕]{組}みで{動}いている。,うで{とけい}は{ふくざつ}な[し]{く}みで{うご}いている。,Arm clocks operate using a complex mechanism.,Los relojes de brazo funcionan mediante un mecanismo complejo.
3,仕,つか,{家来}として{王}に[仕]える。,{けらい}として{おう}に[つか]える。,Serve the king as a servant.,Servir al rey como un sirviente.
3,他,た,[他]{人}から{言}われたことを{気}にし{続}ける。,[た]{にん}から{い}われたことを{き}にし{つづ}ける。,Continue to worry about what others say.,Continúe preocupándose por lo que dicen los demás.
3,他,ほか,[他]の{色}のペンはないの？,[ほか]の{いろ}のペンはないの？,Do you have other colored pens?,¿Tienes otros bolígrafos de colores?
3,代,か,{消}しゴムの[代]わりに{修正液}を{使}った。,{け}しゴムの[か]わりに{しゅうせいえき}を{つか}った。,I used correction fluid instead of an eraser.,Usé líquido corrector en lugar de un borrador.
3,代,たい,{選手}がけがをしたので{交}[代]する。,{せんしゅ}がけがをしたので{こう}[たい]する。,"A player was injured, so he was replaced.","Un jugador resultó lesionado, por lo que fue sustituido."
3,代,だい,この{作家}の[代]{表作}は『{宇宙電車}の{夜}』です。,この{さっか}の[だい]{ひょうさく}は『{うちゅうでんしゃ}の{よる}』です。,This author's masterpiece is ``Night of the Space Train.'',"La obra maestra de este autor es ""La noche del tren espacial""."
3,代,よ,きれいな{模様}の{千}[代]{紙}を{集}める。,きれいな{もよう}の{ち}[よ]{がみ}を{あつ}める。,Collect chiyogami with beautiful patterns.,Colecciona chiyogami con hermosos diseños.
3,住,じゅう,{近所}の[住]{民}から{苦情}が{来}た。,{きんじょ}の[じゅう]{みん}から{くじょう}が{き}た。,Complaints were received from nearby residents.,Se recibieron quejas de vecinos de la zona.
3,住,す,{山}おくのいなかに[住]む。,{やま}おくのいなかに[す]む。,Lives in the mountains.,Vive en las montañas.
3,使,し,{車}の{修理}に{特別}な{道具}を[使]{用}する。,{くるま}の{しゅうり}に{とくべつ}な{どうぐ}を[し]{よう}する。,Use special tools to repair cars.,Utilice herramientas especiales para reparar automóviles.
3,使,つか,{洗}ざいを[使]ってお{皿}を{洗}う。,{せん}ざいを[つか]ってお{さら}を{あら}う。,Wash the dishes using a washer.,Lave los platos con una lavadora.
3,係,かかり,{見}つけた{落}とし{物}を[係]{員}さんに{預}ける。,{み}つけた{お}とし{もの}を[かかり]{いん}さんに{あず}ける。,Leave the lost items you found with the staff.,Deje los objetos perdidos que encontró con el personal.
3,係,けい,{授業}とは{関}[係]ないことを{考}える。,{じゅぎょう}とは{かん}[けい]ないことを{かんが}える。,Think about things unrelated to class.,Piensa en cosas que no estén relacionadas con la clase.
3,倍,ばい,{二}つの{数}の{最小公}[倍]{数}を{答}える。,{ふた}つの{かず}の{さいしょうこう}[ばい]{すう}を{こた}える。,Answer the least common multiple of two numbers.,Responde el mínimo común múltiplo de dos números.
3,全,すべ,{家}の{中}の[全]てのゴミを{捨}てる。,{いえ}の{なか}の[すべ]てのゴミを{す}てる。,Throw away all the garbage in the house.,Tira toda la basura de la casa.
3,全,ぜん,{安}[全]のためヘルメットをつける。,{あん}[ぜん]のためヘルメットをつける。,Wear a helmet for safety.,Utilice un casco por seguridad.
3,全,まった,{二人}とも[全]く{同}じ{時間}に{来}た。,{ふたり}とも[まった]く{おな}じ{じかん}に{き}た。,They both came at exactly the same time.,Ambos llegaron exactamente al mismo tiempo.
3,具,ぐ,{筆箱}を{忘}れた{友達}に{筆記用}[具]を{貸}してあげる。,{ふでばこ}を{わす}れた{ともだち}に{ひっきよう}[ぐ]を{か}してあげる。,Lend a writing utensil to a friend who forgot their pencil case.,Préstale un utensilio de escritura a un amigo que olvidó su estuche.
3,写,うつ,{黒板}に{書}いてあることをノートに{書}き[写]す。,{こくばん}に{か}いてあることをノートに{か}き[うつ]す。,Copy what is written on the blackboard into your notebook.,Copia en tu cuaderno lo que está escrito en la pizarra.
3,写,しゃ,{新作映画}の{試}[写]{会}に{当選}する。,{しんさくえいが}の{し}[しゃ]{かい}に{とうせん}する。,Win a preview of a new movie.,Gana una vista previa de una nueva película.
3,列,れつ,{知}り{合}いのけっこん{式}に{参}[列]する。,{し}り{あ}いのけっこん{しき}に{さん}[れつ]する。,Attend a friend's kick-off ceremony.,Asiste a la ceremonia de inauguración de un amigo.
3,助,じょ,{自転車}から{補}[助]{輪}を{外}す。,{じてんしゃ}から{ほ}[じょ]{りん}を{はず}す。,Remove the training wheels from the bicycle.,Retire las ruedas de apoyo de la bicicleta.
3,助,たす,{困}っている{人}を[助]ける。,{こま}っている{ひと}を[たす]ける。,Help those in need.,Ayuda a los necesitados.
3,勉,べん,[勉]{強机}の{上}に{今日}の{宿題}を{広}げる。,[べん]{きょうつくえ}の{うえ}に{きょう}の{しゅくだい}を{ひろ}げる。,Spread out today's homework on the study desk.,Extienda la tarea de hoy en el escritorio de estudio.
3,動,うご,{本}だなを[動]かすとかくし{通路}があった。,{ほん}だなを[うご]かすとかくし{つうろ}があった。,"When I moved the bookcase, there was a hidden passageway.","Cuando moví la estantería, había un pasillo oculto."
3,動,うご,{音}を{立}ててスポーツカーが[動]きだす。,{おと}を{た}ててスポーツカーが[うご]きだす。,The sports car makes a noise and starts moving.,El deportivo hace ruido y empieza a moverse.
3,動,どう,ダンスに{慣}れて[動]{作}がなめらかになる。,ダンスに{な}れて[どう]{さ}がなめらかになる。,You will get used to dancing and your movements will become smoother.,Te acostumbrarás a bailar y tus movimientos se volverán más suaves.
3,勝,か,{次}の{相手}に[勝]てば{優勝}だ。,{つぎ}の{あいて}に[か]てば{ゆうしょう}だ。,"If you beat your next opponent, you win.","Si vences a tu próximo oponente, ganas."
3,勝,しょう,{大会}の{決}[勝]{戦}まで{進}む。,{たいかい}の{けっ}[しょう]{せん}まで{すす}む。,Advance to the finals of the tournament.,Avanza a la final del torneo.
3,化,か,ドイツの{文}[化]をこの{本}で{初}めて{知}った。,ドイツの{ぶん}[か]をこの{ほん}で{はじ}めて{し}った。,This book was the first time I learned about German culture.,Este libro fue la primera vez que aprendí sobre la cultura alemana.
3,化,ば,{二階}のトイレにお[化]けが{出}るらしい。,{にかい}のトイレにお[ば]けが{で}るらしい。,Apparently there's a ghost in the bathroom on the second floor.,Al parecer hay un fantasma en el baño del segundo piso.
3,区,く,{宿題}が{一}[区]{切}りついたので{休}けいする。,{しゅくだい}が{いち}[く]{き}りついたので{きゅう}けいする。,"I've finished my homework, so I'm going to take a break.","Terminé mi tarea, así que voy a tomar un descanso."
3,医,い,お[医]{者}さんにワクチンを{打}ってもらう。,お[い]{しゃ}さんにワクチンを{う}ってもらう。,Ask your doctor to give you the vaccine.,Pídele a tu médico que te ponga la vacuna.
3,去,きょ,パソコンの{中}のいらないデータを{消}[去]する。,パソコンの{なか}のいらないデータを{しょう}[きょ]する。,Erase unnecessary data from your computer.,Borre los datos innecesarios de su computadora.
3,去,こ,タイムマシンで{過}[去]の{自分}に{会}いに{行}く。,タイムマシンで{か}[こ]の{じぶん}に{あ}いに{い}く。,Go to your past self in a time machine.,Vuelve a tu yo pasado en una máquina del tiempo.
3,去,さ,{事件}を{解決}した{探}ていは[去]っていった。,{じけん}を{かいけつ}した{もとむ}ていは[さ]っていった。,The detective who solved the case left.,El detective que resolvió el caso se fue.
3,反,そ,{日本刀}は[反]り{返}った{形}が{特}ちょう{的}だ。,{にほんとう}は[そ]り{かえ}った{かたち}が{とく}ちょう{てき}だ。,Japanese swords are distinctive for their curved shape.,Las espadas japonesas se distinguen por su forma curva.
3,反,はん,{道}の[反]{対側}にわたる。,{みち}の[はん]{たいがわ}にわたる。,Cross over to the other side of the road.,Cruce al otro lado de la carretera.
3,取,しゅ,{自動車}のめん{許}を[取]{得}する。,{じどうしゃ}のめん{もと}を[しゅ]{とく}する。,Obtain a car license.,Obtener una licencia de automóvil.
3,取,と,[取]り{引}きをして{食}べ{物}を{手}に{入}れる。,[と]り{ひ}きをして{た}べ{もの}を{て}に{い}れる。,Make a deal and get food.,Haz un trato y consigue comida.
3,受,う,{宅配便}の{荷物}を[受]け{取}る。,{たくはいびん}の{にもつ}を[う]け{と}る。,Receive a courier package.,Reciba un paquete de mensajería.
3,受,じゅ,ラジオの{放送}を[受]{信}する。,ラジオの{ほうそう}を[じゅ]{しん}する。,Receive radio broadcasts.,Recibir transmisiones de radio.
3,号,ごう,{出席番}[号]{順}に{並}んで{進}む。,{しゅっせきばん}[ごう]{じゅん}に{なら}んで{すす}む。,Line up in order of attendance number.,Alinearse en orden de número de asistencia.
3,向,こう,{筋}トレで{体力}を[向]{上}させる。,{きん}トレで{たいりょく}を[こう]{じょう}させる。,Improve your physical strength with muscle training.,Mejora tu fuerza física con el entrenamiento muscular.
3,向,む,[向]かい{風}が{強}くて{自転車}が{進}まない。,[む]かい{かぜ}が{つよ}くて{じてんしゃ}が{すす}まない。,There is a strong headwind and the bicycle cannot move forward.,Hay un fuerte viento en contra y la bicicleta no puede avanzar.
3,君,きみ,[君]のそのペン、キレイな{色}だね。,[きみ]のそのペン、キレイな{いろ}だね。,That pen of yours is a beautiful color.,Ese bolígrafo tuyo tiene un color precioso.
3,君,くん,{好}きなボクシング{選手}がチャンピオンに[君]{臨}する。,{す}きなボクシング{せんしゅ}がチャンピオンに[くん]{りん}する。,Your favorite boxer becomes the champion.,Tu boxeador favorito se convierte en campeón.
3,味,あじ,おすしをじっくり[味]わいながら{食}べる。,おすしをじっくり[あじ]わいながら{た}べる。,Enjoy the sushi while eating it.,Disfruta del sushi mientras lo comes.
3,味,あじ,これ、{変}な[味]すると{思}ったらくさってるじゃん！,これ、{へん}な[あじ]すると{おも}ったらくさってるじゃん！,"I thought this tasted weird, but it turned out to be stale!","Pensé que sabía raro, ¡pero resultó estar rancio!"
3,味,み,{好}きなマンガがきっかけで{音楽}に{興}[味]を{持}つ。,{す}きなマンガがきっかけで{おんがく}に{きょう}[み]を{も}つ。,He became interested in music because of his favorite manga.,Se interesó por la música gracias a su manga favorito.
3,命,いのち,{険}しい{山}に[命]がけで{登山}する。,{けわ}しい{やま}に[いのち]がけで{とざん}する。,Risk your life by climbing a steep mountain.,Arriesga tu vida escalando una montaña empinada.
3,命,めい,{病気}やけがの{人}を{助}けるのが、{医者}の{使}[命]です。,{びょうき}やけがの{ひと}を{たす}けるのが、{いしゃ}の{し}[めい]です。,A doctor's mission is to help sick and injured people.,La misión de un médico es ayudar a las personas enfermas y heridas.
3,和,わ,{争}いのない{平}[和]な{暮}らしをする。,{あらそ}いのない{へい}[わ]な{く}らしをする。,Live a peaceful life without conflict.,Viva una vida pacífica y sin conflictos.
3,品,しな,この[品]{物}は、お{一人様一}つとなっております。,この[しな]{もの}は、お{ひとりさまひと}つとなっております。,This item is limited to one per person.,Este artículo está limitado a uno por persona.
3,品,ひん,{米}つぶを{残}さず、{上}[品]に{食}べる。,{こめ}つぶを{のこ}さず、{じょう}[ひん]に{た}べる。,Eat elegantly without leaving any rice grains behind.,Come con elegancia sin dejar ningún grano de arroz.
3,員,いん,クラス{全}[員]で、{大}なわとびにちょうせんした。,クラス{ぜん}[いん]で、{おお}なわとびにちょうせんした。,The whole class played a big rope jump.,Toda la clase jugó un gran salto a la cuerda.
3,商,しょう,お{店}の[商]{品}を{買}い{物}かごに{入}れる。,お{みせ}の[しょう]{ひん}を{か}い{もの}かごに{い}れる。,Add store items to your shopping cart.,Agregue artículos de la tienda a su carrito de compras.
3,問,と,{国語}のテストでことわざの{意味}を[問]う。,{こくご}のテストでことわざの{いみ}を[と]う。,Ask about the meaning of proverbs in your Japanese language test.,Pregunta sobre el significado de los proverbios en tu prueba de idioma japonés.
3,問,と,{散々}[問]いつめたが、かれは{何}も{知}らなさそうだ。,{さんざん}[と]いつめたが、かれは{なん}も{し}らなさそうだ。,"I questioned him a lot, but he didn't seem to know anything.","Le pregunté mucho, pero él no parecía saber nada."
3,問,とん,[問]{屋}から{商品}を{仕入}れてくる。,[とん]{や}から{しょうひん}を{しい}れてくる。,We purchase products from wholesalers.,Compramos productos a mayoristas.
3,問,もん,{質}[問]に{対}して、ていねいに{答}える。,{しつ}[もん]に{たい}して、ていねいに{こた}える。,Answer questions carefully.,Responda las preguntas con atención.
3,坂,さか,[坂]{道}を{自転車}でしんちょうに{下}る。,[さか]{みち}を{じてんしゃ}でしんちょうに{くだ}る。,Cycling down the hill slowly.,Pedaleando cuesta abajo lentamente.
3,央,おう,{昨日}、{中}[央]{区}の{大通}りで{事故}が{起}きた。,{きのう}、{ちゅう}[おう]{く}の{おおどお}りで{じこ}が{お}きた。,"Yesterday, an accident occurred on a main street in Chuo Ward.",Ayer se produjo un accidente en una calle principal del distrito de Chuo.
3,始,し,{本番}の{一}か{月前}から{練習}を{開}[始]する。,{ほんばん}の{いち}か{げつまえ}から{れんしゅう}を{かい}[し]する。,Start practicing a month before the actual event.,Empiece a practicar un mes antes del evento real.
3,始,はじ,{書}く{文字}がきたないので{習字}を[始]めた。,{か}く{もじ}がきたないので{しゅうじ}を[はじ]めた。,I started learning calligraphy because I couldn't write well.,Empecé a aprender caligrafía porque no podía escribir bien.
3,委,い,{学級}[委]{員}の{人}は、{放課後}に{先生}のところに{来}てください。,{がっきゅう}[い]{いん}の{ひと}は、{ほうかご}に{せんせい}のところに{き}てください。,"If you are a class committee member, please come to the teacher after school.","Si es miembro del comité de clase, venga con el maestro después de la escuela."
3,委,ゆだ,{運}を{天}に[委]ねてくじを{引}く。,{うん}を{てん}に[ゆだ]ねてくじを{ひ}く。,Leave your luck to God and draw the lottery.,Deja tu suerte a Dios y saca la lotería.
3,守,しゅ,あの{野球}チームは[守]{備}がとてもうまい。,あの{やきゅう}チームは[しゅ]{び}がとてもうまい。,That baseball team is very good at defense.,Ese equipo de béisbol es muy bueno en defensa.
3,守,す,{家}で{留}[守]{番}をする。,{いえ}で{る}[す]{ばん}をする。,Stay at home.,Quedarse en casa.
3,安,あん,{家}に{先生}から{電話}がかかってきて{不}[安]になる。,{いえ}に{せんせい}から{でんわ}がかかってきて{ふ}[あん]になる。,I get a phone call from my teacher at home and I get anxious.,Recibo una llamada telefónica de mi profesor en casa y me pongo ansioso.
3,安,やす,[安]{物}のお{皿}が{割}れてしまった。,[やす]{もの}のお{さら}が{わ}れてしまった。,My cheap plate broke.,Se me rompió el plato barato.
3,定,さだ,{法律}で{飲食店}を{開}く{条件}が[定]められる。,{ほうりつ}で{いんしょくてん}を{ひら}く{じょうけん}が[さだ]められる。,The law stipulates the conditions for opening a restaurant.,La ley estipula las condiciones para abrir un restaurante.
3,定,じょう,いつも{雑}なかれは{案}の[定]、ミスしてしまった。,いつも{ざつ}なかれは{あん}の[じょう]、ミスしてしまった。,"As expected, he, who is always sloppy, made a mistake.","Como era de esperarse, él, que siempre es descuidado, cometió un error."
3,定,てい,{明日}の{予}[定]が{決}まる。,{あす}の{よ}[てい]が{き}まる。,Tomorrow's schedule is decided.,El horario de mañana está decidido.
3,実,じつ,{厳}しい{特訓}で[実]{力}をつける。,{きび}しい{とっくん}で[じつ]{りょく}をつける。,Improve your skills through rigorous training.,Mejora tus habilidades a través de un entrenamiento riguroso.
3,実,み,リスが{木}の[実]をほおばっている。,リスが{こ}の[み]をほおばっている。,A squirrel is munching on a nut.,Una ardilla mastica una nuez.
3,実,みの,{今年}はとてもあまいリンゴが[実]った。,{ことし}はとてもあまいリンゴが[みの]った。,"This year, the apples were very sweet.",Este año las manzanas estaban muy dulces.
3,客,きゃく,ごうか[客]{船}に{乗}って{世界一周}の{旅}に{出}る。,ごうか[きゃく]{せん}に{の}って{せかいいちしゅう}の{たび}に{で}る。,Go on a journey around the world on a passenger ship.,Embárcate en un viaje alrededor del mundo en un barco de pasajeros.
3,宮,きゅう,きらきらした{王}[宮]を{写}した{写真}をながめる。,きらきらした{おう}[きゅう]を{うつ}した{しゃしん}をながめる。,Look at the photo of the glittering royal palace.,Mire la foto del resplandeciente palacio real.
3,宮,みや,{赤}ちゃんの{健康}を{願}って、お[宮]{参}りに{行}く。,{あか}ちゃんの{けんこう}を{ねが}って、お[みや]{まい}りに{い}く。,Go to a shrine to pray for your baby's health.,Vaya a un santuario para orar por la salud de su bebé.
3,宿,しゅく,[宿]{題}を{全部終}わらせて{遊}ぶ。,[しゅく]{だい}を{ぜんぶお}わらせて{あそ}ぶ。,Finish all your homework and play.,Termina todos tus deberes y juega.
3,宿,やど,{旅先}で[宿]{屋}を{探}す。,{たびさき}で[やど]{や}を{さが}す。,Find an inn while traveling.,Encuentra una posada mientras viajas.
3,宿,やど,{近}くにあった{公民館}で{雨}[宿]りする。,{ちか}くにあった{こうみんかん}で{あま}[やど]りする。,I took shelter from the rain at a nearby community center.,Me refugié de la lluvia en un centro comunitario cercano.
3,寒,かん,{防}[寒]{具}を{買}いに{行}く。,{ぼう}[かん]{ぐ}を{か}いに{い}く。,I'm going to buy cold weather gear.,Voy a comprar ropa para el frío.
3,寒,さむ,{冬}だけど、{今日}はそんなに[寒]くないね。,{ふゆ}だけど、{きょう}はそんなに[さむ]くないね。,"It's winter, but it's not that cold today.","Es invierno, pero hoy no hace tanto frío."
3,対,たい,{目的地}と{反}[対]{方向}の{電車}に{乗}ってしまった。,{もくてきち}と{はん}[たい]{ほうこう}の{でんしゃ}に{の}ってしまった。,I ended up getting on a train going in the opposite direction to my destination.,Terminé subiendo a un tren que iba en dirección opuesta a mi destino.
3,局,きょく,{郵便}[局]へ{切手}を{買}いに{行}く。,{ゆうびん}[きょく]へ{きって}を{か}いに{い}く。,I go to the post office to buy stamps.,Voy a la oficina de correos a comprar sellos.
3,屋,おく,この{学校}では、[屋]{上}は{立入禁止}です。,この{がっこう}では、[おく]{じょう}は{たちいりきんし}です。,"At this school, access to the rooftop is prohibited.",En esta escuela está prohibido el acceso a la azotea.
3,屋,や,お{祭}りの[屋]{台}でいろんなものを{食}べた。,お{まつ}りの[や]{たい}でいろんなものを{た}べた。,I ate all kinds of things at the food stalls at the festival.,Comí todo tipo de cosas en los puestos de comida del festival.
3,岸,がん,{海}[岸]{沿}いの{道}を{車}で{走}っているとカモメが{見}えた。,{かい}[がん]{そ}いの{みち}を{くるま}で{はし}っているとカモメが{み}えた。,"As I was driving along the road along the coast, I saw a seagull.","Mientras conducía por la carretera que bordeaba la costa, vi una gaviota."
3,岸,きし,あの[岸]{辺}の{辺}りはいつも、つりをしている{人}がいる。,あの[きし]{べ}の{あた}りはいつも、つりをしている{ひと}がいる。,There are always people fishing around that shore.,Siempre hay gente pescando en esa orilla.
3,島,しま,めずらしい{植物}の{生}えている[島]が{見}つかる。,めずらしい{しょくぶつ}の{は}えている[しま]が{み}つかる。,You'll find an island with rare plants.,Encontrarás una isla con plantas raras.
3,島,とう,{日本列}[島]の{全体}に{雨雲}がかかる。,{にっぽんれっ}[とう]の{ぜんたい}に{あまぐも}がかかる。,Rain clouds cover the entire Japanese archipelago.,Nubes de lluvia cubren todo el archipiélago japonés.
3,州,しゅう,{関東地方}から{九}[州]{地方}へ{引}っこす。,{かんとうちほう}から{きゅう}[しゅう]{ちほう}へ{ひ}っこす。,Moved from the Kanto region to the Kyushu region.,Se mudó de la región de Kanto a la región de Kyushu.
3,帳,ちょう,お{薬手}[帳]を{持}って{薬局}に{行}く。,お{くすりて}[ちょう]を{も}って{やっきょく}に{い}く。,Go to the pharmacy with your medicine notebook.,Acude a la farmacia con tu cuaderno de medicinas.
3,平,たい,この{辺}りは[平]らだから{歩}きやすい。,この{あた}りは[たい]らだから{ある}きやすい。,This area is flat so it's easy to walk around.,Esta zona es plana por lo que es fácil caminar.
3,平,ひら,うどんの{生地}をめん{棒}で[平]べったくする。,うどんの{きじ}をめん{ぼう}で[ひら]べったくする。,Flatten the udon dough with a rolling pin.,Aplana la masa udon con un rodillo.
3,平,びょう,[平]{等}になるよう、ケーキを{切}り{分}ける。,[びょう]{どう}になるよう、ケーキを{き}り{わ}ける。,Cut the cake into equal pieces.,Cortar el bizcocho en trozos iguales.
3,平,へい,{広島}[平]{和記念公園}をおとずれる。,{ひろしま}[へい]{わきねんこうえん}をおとずれる。,Visit Hiroshima Peace Memorial Park.,Visita el Parque Conmemorativo de la Paz de Hiroshima.
3,幸,こう,{最近}は[幸]{運}な{出来事}が{多}かった。,{さいきん}は[こう]{うん}な{できごと}が{おお}かった。,There have been many fortunate events recently.,Ha habido muchos acontecimientos afortunados recientemente.
3,幸,しあわ,[幸]せの{四葉}のクローバーを{探}す。,[しあわ]せの{よんよう}のクローバーを{さが}す。,Search for the four-leaf clover of happiness.,Busca el trébol de cuatro hojas de la felicidad.
3,度,ど,{夜}の{学校}で[度]{胸試}しをする。,{よる}の{がっこう}で[ど]{きょうため}しをする。,Test your courage at night school.,Pon a prueba tu coraje en la escuela nocturna.
3,庫,こ,{買}ってきたプリンを{冷蔵}[庫]に{入}れる。,{か}ってきたプリンを{れいぞう}[こ]に{い}れる。,Put the pudding you bought in the refrigerator.,Pon el pudín que compraste en el frigorífico.
3,庭,てい,{家}[庭]{訪問}に{先生}がやって{来}る。,{か}[てい]{ほうもん}に{せんせい}がやって{く}る。,A teacher comes to visit your home.,Un profesor viene a visitar tu casa.
3,庭,にわ,{家}の[庭]に{花}だんを{作}った。,{いえ}の[にわ]に{か}だんを{つく}った。,I made a flower pod in my garden.,Hice una vaina de flores en mi jardín.
3,式,しき,{知}り{合}いのけっこん[式]に{出席}する。,{し}り{あ}いのけっこん[しき]に{しゅっせき}する。,Attend an acquaintance's wedding ceremony.,Asiste a la ceremonia de boda de un conocido.
3,役,やく,[役]{所前}の{広場}でバザーが{開}かれる。,[やく]{しょまえ}の{ひろば}でバザーが{ひら}かれる。,A bazaar will be held in the square in front of the government office.,Se realizará un bazar en la plaza frente a la oficina gubernamental.
3,待,たい,{出番}が{来}るまでベンチで[待]{機}する。,{でばん}が{く}るまでベンチで[たい]{き}する。,Wait on the bench until your turn comes.,Espera en el banco hasta que llegue tu turno.
3,待,ま,{家}で{荷物}が{届}くのを[待]つ。,{いえ}で{にもつ}が{とど}くのを[ま]つ。,Waiting for the package to arrive at home.,Esperando que llegue el paquete a casa.
3,急,いそ,アイスがとける{前}に[急]いで{食}べる。,アイスがとける{まえ}に[いそ]いで{た}べる。,Hurry and eat the ice cream before it melts.,Date prisa y cómete el helado antes de que se derrita.
3,急,きゅう,[急]{病}で、{今日}の{習}い{事}をお{休}みする。,[きゅう]{びょう}で、{きょう}の{なら}い{ごと}をお{やす}みする。,"Due to sudden illness, I will be absent from today's lessons.","Debido a una enfermedad repentina, estaré ausente de las lecciones de hoy."
3,息,いき,つかれてため[息]をつく。,つかれてため[いき]をつく。,I sigh tiredly.,Suspiro con cansancio.
3,息,そく,クリオネは{冷}たい{海域}に{生}[息]している。,クリオネは{つめ}たい{かいいき}に{せい}[そく]している。,Clione lives in cold waters.,Clone vive en aguas frías.
3,悪,あく,ドラマで[悪]{人}がたいほされる。,ドラマで[あく]{にん}がたいほされる。,"In dramas, the bad guys are often portrayed.","En los dramas, a menudo se retrata a los malos."
3,悪,わる,{出}かけたとたんに{天気}が[悪]くなってきた。,{で}かけたとたんに{てんき}が[わる]くなってきた。,"As soon as I went out, the weather became bad.","Tan pronto como salí, el tiempo empeoró."
3,悲,かな,{告白}してふられた{人}が、[悲]しげに{歩}いていく。,{こくはく}してふられた{ひと}が、[かな]しげに{ある}いていく。,A person who confessed his feelings and was rejected walks away sadly.,Una persona que confesó sus sentimientos y fue rechazada se marcha triste.
3,悲,ひ,お{化}けやしきの{方}から[悲]{鳴}が{聞}こえてくる。,お{ば}けやしきの{ほう}から[ひ]{めい}が{き}こえてくる。,A scream can be heard coming from the haunted house.,Se escucha un grito proveniente de la casa embrujada.
3,想,そう,{雲}の{形}からこの{後}の{天気}を{予}[想]する。,{くも}の{かたち}からこの{あと}の{てんき}を{よ}[そう]する。,Predict the upcoming weather based on the shape of the clouds.,Predice el tiempo que se avecina según la forma de las nubes.
3,意,い,{図書室}で{借}りてきた{小説}が、[意]{外}な{結末}だった。,{としょしつ}で{か}りてきた{しょうせつ}が、[い]{がい}な{けつまつ}だった。,The novel I borrowed from the library had an unexpected ending.,La novela que tomé prestada de la biblioteca tuvo un final inesperado.
3,感,かん,{平均台}に{乗}ってバランス[感]{覚}をきたえる。,{へいきんだい}に{の}ってバランス[かん]{かく}をきたえる。,Develop your sense of balance by riding on the balance beam.,Desarrolla tu sentido del equilibrio montando en la barra de equilibrio.
3,所,しょ,{待}ち{合}わせの{場}[所]に{向}かう。,{ま}ち{あ}わせの{ば}[しょ]に{む}かう。,Head to the meeting place.,Dirígete al lugar de reunión.
3,所,ところ,{意外}な[所]にまい{蔵金}がうまっていた。,{いがい}な[ところ]にまい{くらきん}がうまっていた。,I found a lot of money in an unexpected place.,Encontré mucho dinero en un lugar inesperado.
3,打,う,{古本屋}で{値}[打]ちものを{見}つける。,{ふるほんや}で{ね}[う]ちものを{み}つける。,Find something of value at a used bookstore.,Encuentra algo de valor en una librería usada.
3,打,だ,{大人気}のバッターが[打]{席}に{立}つ。,{だいにんき}のバッターが[だ]{せき}に{た}つ。,A very popular batter takes his turn at bat.,Un bateador muy popular toma su turno al bate.
3,投,とう,この{雑誌}は{読者}からの[投]{書}ものせている。,この{ざっし}は{どくしゃ}からの[とう]{しょ}ものせている。,The magazine also receives submissions from readers.,La revista también recibe envíos de lectores.
3,投,な,ゴミを[投]げ{捨}てる。,ゴミを[な]げ{す}てる。,Throw away the garbage.,Tira la basura.
3,拾,ひろ,だれかの{落}とし{物}を[拾]う。,だれかの{お}とし{もの}を[ひろ]う。,Pick up someone's lost item.,Recoge el objeto perdido de alguien.
3,持,も,{相手}の{気}[持]ちを{考}えながら{話}す。,{あいて}の{き}[も]ちを{かんが}えながら{はな}す。,Speak while considering the other person's feelings.,Habla teniendo en cuenta los sentimientos de la otra persona.
3,指,さ,{図}の{中}で{注目}してほしいところを[指]し{示}す。,{ず}の{なか}で{ちゅうもく}してほしいところを[さ]し{しめ}す。,Point out the part you want to focus on in the diagram.,Señale la parte en la que desea centrarse en el diagrama.
3,指,し,{荷物}を[指]{定}された{場所}まで{運}ぶ。,{にもつ}を[し]{てい}された{ばしょ}まで{はこ}ぶ。,Carry luggage to designated location.,Llevar el equipaje al lugar designado.
3,指,ゆび,[指]{先}についたよごれを{洗}い{落}とす。,[ゆび]{さき}についたよごれを{あら}い{お}とす。,Wash off the dirt from your fingertips.,Lávese la suciedad de las yemas de los dedos.
3,放,はな,{降参}してお{城}の{門}を{開}け[放]つ。,{こうさん}してお{しろ}の{もん}を{あ}け[はな]つ。,Surrender and throw open the gates of the castle.,Ríndete y abre las puertas del castillo.
3,放,ほう,お{昼}の[放]{送}で{音楽}を{流}す。,お{ひる}の[ほう]{そう}で{おんがく}を{なが}す。,Play music on the afternoon broadcast.,Reproduzca música en la transmisión de la tarde.
3,放,ほう,ゴミ{箱}に{遠}くからティッシュを[放]りこむ。,ゴミ{ばこ}に{とお}くからティッシュを[ほう]りこむ。,Throw a tissue into the trash can from a distance.,Tira un pañuelo de papel a la basura desde la distancia.
3,放,ほう,ニュースの[放]{送中}に{速報}が{届}く。,ニュースの[ほう]{そうちゅう}に{そくほう}が{とど}く。,Breaking news will be delivered during the news broadcast.,Las últimas noticias se entregarán durante la transmisión de noticias.
3,整,せい,[整]{数}だけの{計算式}を{解}く。,[せい]{すう}だけの{けいさんしき}を{と}く。,Solve formulas containing only integers.,Resuelve fórmulas que contienen sólo números enteros.
3,整,ととの,ねんどの{形}を[整]える。,ねんどの{かたち}を[ととの]える。,Adjust the shape of the clay.,Ajusta la forma de la arcilla.
3,旅,たび,{船}[旅]のチケットをくじ{引}きで{当}てる。,{ふな}[たび]のチケットをくじ{び}きで{あ}てる。,Win a boat trip ticket by lottery.,Gana un billete de viaje en barco por sorteo.
3,旅,りょ,{温泉}が{有名}な[旅]{館}にとまる。,{おんせん}が{ゆうめい}な[りょ]{かん}にとまる。,Stay at a ryokan that is famous for its hot springs.,Alójate en un ryokan famoso por sus aguas termales.
3,族,ぞく,{家}[族]からはなれて{一人暮}らしを{始}める。,{か}[ぞく]からはなれて{ひとりぐ}らしを{はじ}める。,I am separated from my family and start living alone.,Me separo de mi familia y empiezo a vivir solo.
3,昔,むかし,[昔]よく{読}んでいた{絵本}を{見}つける。,[むかし]よく{よ}んでいた{えほん}を{み}つける。,Find a picture book that you used to read a lot.,Encuentra un libro ilustrado que solías leer mucho.
3,昭,しょう,[昭]{和時代}の{出来事}について{勉強}する。,[しょう]{わじだい}の{できごと}について{べんきょう}する。,Learn about the events of the Showa era.,Conozca los acontecimientos de la era Showa.
3,暑,あつ,[暑]い{部屋}に{熱}いなべを{持}ちこむ。,[あつ]い{へや}に{あつ}いなべを{も}ちこむ。,Bringing a hot pot into a hot room.,Llevar una olla caliente a una habitación caliente.
3,暑,あつ,むし[暑]いサウナの{中}に{入}る。,むし[あつ]いサウナの{なか}に{はい}る。,Step into the hot sauna.,Entra en la sauna caliente.
3,暑,しょ,{家}に{残}[暑]{見}まいのハガキが{届}く。,{いえ}に{ざん}[しょ]{み}まいのハガキが{とど}く。,A postcard arrives at my house to remind me of the end of the summer.,A mi casa llega una postal para recordarme el final del verano.
3,暗,あん,{算数}の{時間}に{九九}を[暗]{記}した。,{さんすう}の{じかん}に{くく}を[あん]{き}した。,I memorized the multiplication table during math class.,Memoricé la tabla de multiplicar durante la clase de matemáticas.
3,暗,くら,こわい{話}を{聞}いて、[暗]やみがこわくなる。,こわい{はなし}を{き}いて、[くら]やみがこわくなる。,Hearing scary stories makes me afraid of the dark.,Escuchar historias de miedo me da miedo a la oscuridad.
3,曲,きょく,{放送部}に{好}きな[曲]をリクエストする。,{ほうそうぶ}に{す}きな[きょく]をリクエストする。,Request your favorite song from the broadcasting department.,Solicita tu canción favorita al departamento de radiodifusión.
3,曲,ま,ちょう{能力者}がスプーンを[曲]げた。,ちょう{のうりょくしゃ}がスプーンを[ま]げた。,The powerful person bent the spoon.,El poderoso dobló la cuchara.
3,有,あ,[有]るだけのお{金}を{持}って{家}を{飛}び{出}す。,[あ]るだけのお{かね}を{も}って{いえ}を{と}び{だ}す。,Run away from home with as much money as you have.,Huye de casa con todo el dinero que tengas.
3,有,ゆう,{他人}の{所}[有]{地}に、{勝手}に{入}ってはいけません。,{たにん}の{しょ}[ゆう]{ち}に、{かって}に{はい}ってはいけません。,Do not enter someone else's property without permission.,No ingrese a la propiedad de otra persona sin permiso.
3,服,ふく,やや{大}きめの{制}[服]を{着}る。,やや{おお}きめの{せい}[ふく]を{き}る。,Wear a slightly larger uniform.,Use un uniforme un poco más grande.
3,期,き,{電車}の{定}[期]{券}をなくしてしまった。,{でんしゃ}の{てい}[き]{けん}をなくしてしまった。,I lost my train pass.,Perdí mi pase de tren.
3,板,いた,{長}い{間修行}して、すし{屋}の[板]{前}になる。,{なが}い{あいだしゅぎょう}して、すし{や}の[いた]{まえ}になる。,"After a long period of training, he became a chef at a sushi restaurant.","Tras un largo periodo de formación, se convirtió en chef en un restaurante de sushi."
3,板,ばん,{回覧}[板]を{次}の{家}にまわす。,{かいらん}[ばん]を{つぎ}の{いえ}にまわす。,Pass the circular board to the next house.,Pasa el tablero circular a la siguiente casa.
3,柱,ちゅう,ぼーっと{歩}いていたら{電}[柱]にぶつかった。,ぼーっと{ある}いていたら{でん}[ちゅう]にぶつかった。,"As I was walking absentmindedly, I bumped into a telephone pole.","Mientras caminaba distraídamente, choqué contra un poste de teléfono."
3,柱,はしら,[柱]にくぎを{打}ち{付}ける。,[はしら]にくぎを{う}ち{つ}ける。,Drive the nail into the pillar.,Introduce el clavo en el pilar.
3,根,こん,{漢字}の{書}き{取}りには[根]{気}がいる。,{かんじ}の{か}き{と}りには[こん]{き}がいる。,It takes patience to dictate kanji.,Se necesita paciencia para dictar kanji.
3,根,ね,{雑草}を[根]ごと{引}きぬく。,{ざっそう}を[ね]ごと{ひ}きぬく。,Pull out weeds by their roots.,Arranque las malas hierbas de raíz.
3,植,う,{森}に{新}しく{木}を[植]える。,{もり}に{あたら}しく{き}を[う]える。,Plant new trees in the forest.,Planta nuevos árboles en el bosque.
3,植,しょく,{森}の[植]{物}たちがいきいきとしている。,{もり}の[しょく]{ぶつ}たちがいきいきとしている。,The plants in the forest are vibrant.,Las plantas del bosque son vibrantes.
3,業,ぎょう,{入学式}のかざりつけ{作}[業]をする。,{にゅうがくしき}のかざりつけ{さ}[ぎょう]をする。,Working on decorations for the entrance ceremony.,Trabajando en la decoración de la ceremonia de entrada.
3,様,さま,そのえらそうな{言}い{方}、なに[様]のつもり？,そのえらそうな{い}い{かた}、なに[さま]のつもり？,What do you mean by that fancy way of saying it?,¿Qué quieres decir con esa forma elegante de decirlo?
3,様,よう,しま{模}[様]のワンピースをネットで{買}う。,しま{も}[よう]のワンピースをネットで{か}う。,Buy a striped dress online.,Compra un vestido de rayas online.
3,横,おう,[横]{断歩道}をカモの{親子}がわたっていった。,[おう]{だんほどう}をカモの{おやこ}がわたっていった。,A family of ducks was crossing the pedestrian crossing.,Una familia de patos cruzaba el paso de peatones.
3,横,よこ,{具合}が{悪}いので、{保健室}で[横]になって{休}む。,{ぐあい}が{わる}いので、{ほけんしつ}で[よこ]になって{やす}む。,"I'm not feeling well, so I'm going to lie down and rest in the infirmary.","No me siento bien, así que me voy a acostar y descansar en la enfermería."
3,橋,きょう,{歩道}[橋]をわたって{向}こう{側}の{歩道}に{行}こう。,{ほどう}[きょう]をわたって{む}こう{がわ}の{ほどう}に{い}こう。,Let's cross the pedestrian bridge and go to the sidewalk on the other side.,Crucemos el puente peatonal y vayamos a la acera del otro lado.
3,橋,はし,{高}い[橋]の{上}からバンジージャンプする。,{たか}い[はし]の{うえ}からバンジージャンプする。,Bungee jumping from a high bridge.,Puenting desde un puente alto.
3,次,じ,{本}の{目}[次]から{大体}の{内容}を{知}る。,{ほん}の{もく}[じ]から{だいたい}の{ないよう}を{し}る。,Find out the general contents of the book from the table of contents.,Descubra el contenido general del libro en el índice.
3,次,つ,{見通}しの{悪}い{道}で{事故}が{相}[次]ぐ。,{みとお}しの{わる}い{みち}で{じこ}が{あい}[つ]ぐ。,Accidents occur one after another on roads with poor visibility.,Los accidentes se suceden uno tras otro en carreteras con poca visibilidad.
3,次,つぎ,それじゃあ[次]は{二週間後}に{来}てください。,それじゃあ[つぎ]は{にしゅうかんご}に{き}てください。,Then please come back in two weeks.,Entonces por favor regrese en dos semanas.
3,歯,し,{乳}[歯]が{全}て{永久歯}に{生}え{変}わった。,{にゅう}[し]が{すべ}て{えいきゅうし}に{は}え{か}わった。,All baby teeth have been replaced by permanent teeth.,Todos los dientes de leche han sido reemplazados por dientes permanentes.
3,歯,は,[歯]{車}を{取}りかえて{修理}する。,[は]{ぐるま}を{と}りかえて{しゅうり}する。,Replace and repair the gear.,Reemplace y repare el engranaje.
3,死,し,[死]んでるのに{動}くゾンビなんて、{現実}には{存在}しないよ。,[し]んでるのに{うご}くゾンビなんて、{げんじつ}には{そんざい}しないよ。,Dead zombies that move don't exist in real life.,Los zombies muertos que se mueven no existen en la vida real.
3,死,し,{必}[死]で{働}いてお{金}をためる。,{ひっ}[し]で{はたら}いてお{かね}をためる。,Work hard and save money.,Trabaja duro y ahorra dinero.
3,氷,こおり,コップに[氷]とジュースを{入}れる。,コップに[こおり]とジュースを{い}れる。,Add ice and juice to the cup.,Agrega hielo y jugo a la taza.
3,氷,ひょう,オホーツク{海}の{流}[氷]を{見}に{行}く。,オホーツク{かい}の{りゅう}[ひょう]を{み}に{い}く。,Go see the drift ice in the Sea of ​​Okhotsk.,Ve a ver el hielo a la deriva en el Mar de Okhotsk.
3,決,き,サンタさんにお{願}いするものを[決]める。,サンタさんにお{ねが}いするものを[き]める。,Decide what you want to ask Santa for.,Decide qué quieres pedirle a Santa.
3,決,けつ,{次}のテストでは{百点}を{取}ろうと[決]{意}する。,{つぎ}のテストでは{ひゃくてん}を{と}ろうと[けつ]{い}する。,I am determined to get a hundred points on the next test.,Estoy decidido a conseguir cien puntos en la próxima prueba.
3,油,あぶら,{熱}い[油]で{天}ぷらをあげる。,{あつ}い[あぶら]で{てん}ぷらをあげる。,Fry the tempura in hot oil.,Freír la tempura en aceite caliente.
3,油,ゆ,[油]{断}してとんでもないミスをしてしまう。,[ゆ]{だん}してとんでもないミスをしてしまう。,I let my guard down and made a terrible mistake.,Bajé la guardia y cometí un terrible error.
3,波,なみ,{今日}は{風}がなくて、[波]もおだやかだ。,{きょう}は{かぜ}がなくて、[なみ]もおだやかだ。,There is no wind today and the waves are calm.,Hoy no hay viento y el oleaje está en calma.
3,波,は,{新}しい{学校}で、[波]{長}の{合}う{友達}ができた。,{あたら}しい{がっこう}で、[は]{ちょう}の{あ}う{ともだち}ができた。,"At my new school, I made friends on the same wavelength.","En mi nueva escuela, hice amigos en la misma onda."
3,注,そそ,{東京都周辺}に、ひょうが{二日間降}り[注]いだ。,{とうきょうとしゅうへん}に、ひょうが{ふたかかんふ}り[そそ]いだ。,Hail rained down around Tokyo for two days.,Durante dos días llovió granizo en los alrededores de Tokio.
3,注,ちゅう,{激}しいおどりで{観客}の[注]{目}を{集}める。,{はげ}しいおどりで{かんきゃく}の[ちゅう]{もく}を{あつ}める。,He attracts the attention of the audience with his fierce dancing.,Atrae la atención del público con su baile feroz.
3,泳,えい,オリンピックの{水}[泳]の{競技}で、{日本}の{選手}が{金}メダルをとった。,オリンピックの{すい}[えい]の{きょうぎ}で、{にっぽん}の{せんしゅ}が{きん}メダルをとった。,A Japanese athlete won the gold medal in the Olympic swimming competition.,Una atleta japonesa ganó la medalla de oro en la competición olímpica de natación.
3,泳,およ,{夏}の{海}で[泳]ぐと、{冷}たい{水}がとても{気持}ちいい。,{なつ}の{うみ}で[およ]ぐと、{つめ}たい{みず}がとても{きも}ちいい。,"When you swim in the sea in summer, the cold water feels so good.","Cuando nadas en el mar en verano, el agua fría te sienta tan bien."
3,洋,よう,[洋]{服}を{洗}たくかごに{入}れる。,[よう]{ふく}を{せん}たくかごに{い}れる。,Wash your clothes and put them in the basket.,Lava tu ropa y ponla en la canasta.
3,流,なが,{回路}に{電気}が[流]れこむ。,{かいろ}に{でんき}が[なが]れこむ。,Electricity flows into the circuit.,La electricidad fluye hacia el circuito.
3,流,りゅう,{北海道旅行}で[流]{氷}を{見}に{行}った。,{ほっかいどうりょこう}で[りゅう]{ひょう}を{み}に{い}った。,I went to see drift ice on a trip to Hokkaido.,Fui a ver hielo flotante en un viaje a Hokkaido.
3,消,き,{電池切}れでライトの{光}が[消]える。,{でんちき}れでライトの{ひかり}が[き]える。,The light goes out when the batteries run out.,La luz se apaga cuando se agotan las pilas.
3,消,け,まちがった{字}を[消]して{書}き{直}す。,まちがった{じ}を[け]して{か}き{なお}す。,Erase the wrong letters and rewrite.,Borra las letras equivocadas y vuelve a escribir.
3,消,しょう,{手}のすり{傷}に[消]{毒液}がしみる。,{て}のすり{きず}に[しょう]{どくえき}がしみる。,Disinfectant stains the scratches on my hands.,El desinfectante mancha los rasguños de mis manos.
3,深,しん,[深]{刻}ななやみをかかえる。,[しん]{こく}ななやみをかかえる。,I feel deeply depressed.,Me siento profundamente deprimido.
3,深,ふか,[深]い{穴}の{中}におにぎりが{転}がっていった。,[ふか]い{あな}の{なか}におにぎりが{ころ}がっていった。,The rice ball rolled into a deep hole.,La bola de arroz rodó hacia un agujero profundo.
3,温,あたた,ふとんで{体}を[温]めて、ゆっくり{休}む。,ふとんで{からだ}を[あたた]めて、ゆっくり{やす}む。,Warm your body with a futon and take a good rest.,Calienta tu cuerpo con un futón y descansa bien.
3,温,おん,カゼをひいて{体}[温]が{高}くなる。,カゼをひいて{たい}[おん]が{たか}くなる。,You catch a cold and your body temperature rises.,Te resfrías y tu temperatura corporal aumenta.
3,港,こう,{飛行機}が{来}るまでの{間}、{空}[港]を{探検}する。,{ひこうき}が{く}るまでの{あいだ}、{くう}[こう]を{たんけん}する。,Explore the airport until your plane arrives.,Explora el aeropuerto hasta que llegue tu avión.
3,港,みなと,[港]からフェリーに{乗}って{旅行}に{行}く。,[みなと]からフェリーに{の}って{りょこう}に{い}く。,Take a ferry from the port and go on a trip.,Tome un ferry desde el puerto y emprenda un viaje.
3,湖,こ,{旅行}ツアーの{中}で{琵琶}[湖]を{観光}する。,{りょこう}ツアーの{なか}で{びわ}[こ]を{かんこう}する。,Sightseeing around Lake Biwa on a travel tour.,Hacer turismo por el lago Biwa en un recorrido turístico.
3,湖,みずうみ,{公園}にある[湖]でボートに{乗}る。,{こうえん}にある[みずうみ]でボートに{の}る。,Take a boat ride on the lake in the park.,Da un paseo en bote por el lago del parque.
3,湯,とう,このなべには{熱}[湯]が{入}ってるから{気}をつけてね。,このなべには{ねっ}[とう]が{はい}ってるから{き}をつけてね。,"This pot contains boiling water, so be careful.","Esta olla contiene agua hirviendo, así que ten cuidado."
3,湯,ゆ,{温泉街}のあちこちから[湯]{気}がのぼっている。,{おんせんがい}のあちこちから[ゆ]{げ}がのぼっている。,Steam is rising from all over the hot spring town.,El vapor se eleva desde toda la ciudad de aguas termales.
3,漢,かん,[漢]{字}のまちがった{書}き{順}を{注意}される。,[かん]{じ}のまちがった{か}き{じゅん}を{ちゅうい}される。,I was warned about the wrong stroke order of kanji.,Me advirtieron sobre el orden incorrecto de los trazos de los kanji.
3,炭,すみ,いろりで[炭]を{燃}やす。,いろりで[すみ]を{も}やす。,Burn charcoal with a fire.,Quema carbón con fuego.
3,炭,たん,バーベキューに{木}[炭]を{持}っていく。,バーベキューに{もく}[たん]を{も}っていく。,Bring charcoal to the barbecue.,Lleva carbón a la barbacoa.
3,物,ぶつ,{海外}の{小説}に{出}てくる{人}[物]{名}が{覚}えられない。,{かいがい}の{しょうせつ}に{で}てくる{じん}[ぶつ]{めい}が{おぼ}えられない。,I can't remember the names of characters who appear in foreign novels.,No recuerdo los nombres de los personajes que aparecen en novelas extranjeras.
3,物,もつ,{飛行機}に{乗}る{前}に{預}けた{荷}[物]を{受}け{取}る。,{ひこうき}に{の}る{まえ}に{あず}けた{に}[もつ]を{う}け{と}る。,Receive your checked baggage before boarding the plane.,Reciba su equipaje facturado antes de abordar el avión.
3,物,もの,{七五三}に{着}[物]を{着}たときの{写真}がかざってある。,{ななごさん}に{き}[もの]を{き}たときの{しゃしん}がかざってある。,There is a picture of me wearing a kimono for Shichi-Go-San.,Hay una foto mía usando un kimono para Shichi-Go-San.
3,球,きゅう,{学校}の{花}だんにチューリップの[球]{根}を{植}える。,{がっこう}の{か}だんにチューリップの[きゅう]{こん}を{う}える。,Plant tulip bulbs in the flower garden at school.,Plante bulbos de tulipán en el jardín de flores de la escuela.
3,球,たま,ピッチャーが{速}い[球]を{投}げる。,ピッチャーが{はや}い[たま]を{な}げる。,The pitcher throws a fast ball.,El lanzador lanza una bola rápida.
3,由,ゆ,この{列車}は{埼玉県}を{経}[由]して{東京都}に{向}かいます。,この{れっしゃ}は{さいたまけん}を{けい}[ゆ]して{とうきょうと}に{む}かいます。,This train heads to Tokyo via Saitama Prefecture.,Este tren se dirige a Tokio vía la prefectura de Saitama.
3,由,ゆう,{難}しい{宿題}から{開放}されて{自}[由]になる。,{むずか}しい{しゅくだい}から{かいほう}されて{じ}[ゆう]になる。,Free yourself from difficult homework and feel free.,Libérate de los deberes difíciles y siéntete libre.
3,申,もう,{料理教室}への{参加}を[申]しこむ。,{りょうりきょうしつ}への{さんか}を[もう]しこむ。,I would like to apply to participate in a cooking class.,Me gustaría postularme para participar en una clase de cocina.
3,界,かい,ＵＦＯは{世}[界]{各地}で{目}げきされている。,ＵＦＯは{せ}[かい]{かくち}で{め}げきされている。,UFOs are being spotted all over the world.,Se están detectando ovnis en todo el mundo.
3,畑,はた,[畑]{作}をして{生計}を{立}てている。,[はた]{さく}をして{せいけい}を{た}てている。,He makes a living by farming the fields.,Se gana la vida cultivando los campos.
3,畑,はたけ,[畑]からにんじんを{収}かくする。,[はたけ]からにんじんを{しゅう}かくする。,Harvest carrots from the field.,Coseche zanahorias del campo.
3,病,びょう,[病]{院}でお{薬}をもらう。,[びょう]{いん}でお{くすり}をもらう。,Get medicine at the hospital.,Obtenga medicamentos en el hospital.
3,病,やまい,[病]にかかり、たおれてしまう。,[やまい]にかかり、たおれてしまう。,He gets sick and collapses.,Se enferma y colapsa.
3,発,はつ,{植}えたアサガオの{種}が[発]{芽}するのを{待}つ。,{う}えたアサガオの{たね}が[はつ]{が}するのを{ま}つ。,Wait for the planted morning glory seeds to germinate.,Espere a que germinen las semillas de campanilla plantadas.
3,登,と,{有名}な[登]{山家}にインタビューする。,{ゆうめい}な[と]{ざんか}にインタビューする。,Interview famous mountaineers.,Entrevista a montañeros famosos.
3,登,とう,{劇}のヒーロー{役}がおくれて[登]{場}する。,{げき}のヒーロー{やく}がおくれて[とう]{じょう}する。,The hero of the play appears later.,El héroe de la obra aparece más tarde.
3,登,のぼ,ロープウェイに{乗}って{山}の{頂上}まで[登]る。,ロープウェイに{の}って{やま}の{ちょうじょう}まで[のぼ]る。,Ride the ropeway to the top of the mountain.,Viaja en el teleférico hasta la cima de la montaña.
3,皮,かわ,{追}いつめられて{化}けの[皮]がはがれる。,{お}いつめられて{ば}けの[かわ]がはがれる。,He is cornered and his disguise is peeled off.,Está acorralado y le quitan el disfraz.
3,皮,ひ,かんそうしているせいで[皮]ふがガサガサする。,かんそうしているせいで[ひ]ふがガサガサする。,My skin feels rough because I'm having a good time.,Mi piel se siente áspera porque la estoy pasando bien.
3,皿,さら,お[皿]に{料理}を{盛}り{付}ける。,お[さら]に{りょうり}を{も}り{つ}ける。,Arrange the food on a plate.,Coloca la comida en un plato.
3,相,あい,[相]{手}の{話}をさえぎって{話}し{始}める。,[あい]{て}の{はなし}をさえぎって{はな}し{はじ}める。,Start talking by interrupting the other person.,Empiece a hablar interrumpiendo a la otra persona.
3,相,そう,{百点}！？[相]{当}、{努力}したんだね。,{ひゃくてん}！？[そう]{とう}、{どりょく}したんだね。,Hundred points! ? It took a lot of effort.,¡Cien puntos! ? Requirió mucho esfuerzo.
3,県,けん,{青森}[県]のねぶた{祭}に{一度行}ってみたい。,{あおもり}[けん]のねぶた{まつり}に{いちどい}ってみたい。,I would like to go to the Nebuta Festival in Aomori Prefecture at least once.,Me gustaría ir al menos una vez al Festival Nebuta en la prefectura de Aomori.
3,真,しん,みんなで{集}まって{写}[真]をとる。,みんなで{あつ}まって{しゃ}[しん]をとる。,Everyone gathers and takes pictures.,Todos se reúnen y toman fotografías.
3,真,ま,{家}に{帰}って[真]っ{先}にトイレに{入}る。,{いえ}に{かえ}って[ま]っ{さき}にトイレに{はい}る。,"When I get home, the first thing I do is go to the bathroom.",Cuando llego a casa lo primero que hago es ir al baño.
3,着,き,{制服}を[着]て{学校}に{行}く。,{せいふく}を[き]て{がっこう}に{い}く。,Wear uniforms and go to school.,Usa uniformes y ve a la escuela.
3,着,ちゃく,{有名}アーティストに{密}[着]{取材}する。,{ゆうめい}アーティストに{みっ}[ちゃく]{しゅざい}する。,Close interviews with famous artists.,Entrevistas cercanas con artistas famosos.
3,着,つ,{乗}っている{新幹線}が{福岡}に[着]いた。,{の}っている{しんかんせん}が{ふくおか}に[つ]いた。,The Shinkansen I was on arrived at Fukuoka.,El Shinkansen en el que iba llegó a Fukuoka.
3,短,たん,[短]{時間}でおかしを{食}べつくした。,[たん]{じかん}でおかしを{た}べつくした。,I ate all the food in a short time.,Me comí toda la comida en poco tiempo.
3,短,みじか,とこやでかみを[短]く{切}ってもらう。,とこやでかみを[みじか]く{き}ってもらう。,Have your hair cut short.,Haz que te corten el pelo.
3,研,けん,[研]{究所}で{新}しい{薬}を{開発}する。,[けん]{きゅうしょ}で{あたら}しい{くすり}を{かいはつ}する。,Develop new drugs in the laboratory.,Desarrollar nuevos fármacos en el laboratorio.
3,礼,れい,{失}[礼]な{態度}を{取}って{相手}をおこらせてしまう。,{しつ}[れい]な{たいど}を{と}って{あいて}をおこらせてしまう。,Behaving in a rude manner and offending the other person.,Comportarse de manera grosera y ofender a la otra persona.
3,神,かみ,{昨日}の{夜}、[神]さまが{夢}に{出}てきた。,{きのう}の{よる}、[かみ]さまが{ゆめ}に{で}てきた。,"Last night, God appeared in my dream.",Anoche Dios apareció en mi sueño.
3,神,しん,[神]{聖}な{教会}に{入}るときはきんちょうする。,[しん]{せい}な{きょうかい}に{はい}るときはきんちょうする。,"When you enter a sacred church, you must do it.","Cuando entras en una iglesia sagrada, debes hacerlo."
3,神,じん,[神]{社}にお{参}りしてお{願}いごとをする。,[じん]{じゃ}にお{まい}りしてお{ねが}いごとをする。,Visit a shrine and make a wish.,Visita un santuario y pide un deseo.
3,祭,さい,{文化}[祭]の{出}し{物}を{話}し{合}って{決}める。,{ぶんか}[さい]の{だ}し{もの}を{はな}し{あ}って{き}める。,Discuss and decide on the events for the school festival.,Discutir y decidir sobre los eventos para el festival escolar.
3,祭,まつ,{花火}の{音}がする。どこかでお[祭]りをしているのかな。,{はなび}の{おと}がする。どこかでお[まつ]りをしているのかな。,I hear the sound of fireworks. I wonder if there's a festival going on somewhere.,Escucho el sonido de los fuegos artificiales. Me pregunto si habrá algún festival en alguna parte.
3,福,ふく,{私}は、{大}[福]ならつぶあん{派}だ。,{わたくし}は、{だい}[ふく]ならつぶあん{は}だ。,I'm a big fan of Daifuku.,Soy un gran admirador de Daifuku.
3,秒,びょう,{時速九十}キロを[秒]{速}に{直}すといくつになる？,{じそくきゅうじゅう}キロを[びょう]{そく}に{なお}すといくつになる？,How many kilometers per second is 90 kilometers per hour?,¿Cuántos kilómetros por segundo son 90 kilómetros por hora?
3,究,きゅう,{人間}が{火星}で{生活}する{方法}を{研}[究]する。,{にんげん}が{かせい}で{せいかつ}する{ほうほう}を{けん}[きゅう]する。,Research how humans can live on Mars.,Investiga cómo los humanos pueden vivir en Marte.
3,章,しょう,{文字}がきたなくて{文}[章]が{読}めない。,{もじ}がきたなくて{ぶん}[しょう]が{よ}めない。,The writing is so bad that I can't read it.,La escritura es tan mala que no puedo leerla.
3,童,どう,{小}さい{子}たちに[童]{話}を{読}み{聞}かせる。,{ちい}さい{こ}たちに[どう]{わ}を{よ}み{き}かせる。,Read fairy tales to small children.,Lea cuentos de hadas a los niños pequeños.
3,笛,てき,ぼくは{汽}[笛]の{音}がなんだか{好}きだ。,ぼくは{き}[てき]の{おと}がなんだか{す}きだ。,I kind of like the sound of a train whistle.,Me gusta el sonido del silbato de un tren.
3,笛,ふえ,{音楽室}で[笛]の{練習}をする。,{おんがくしつ}で[ふえ]の{れんしゅう}をする。,Practice playing the flute in the music room.,Practica tocar la flauta en la sala de música.
3,第,だい,{気}になっていた{本}の[第]{一巻}を{買}った。,{き}になっていた{ほん}の[だい]{いちかん}を{か}った。,I bought the first volume of the book I was interested in.,Compré el primer volumen del libro que me interesaba.
3,筆,ひつ,{漢字}の[筆]{順}をまちがえる。,{かんじ}の[ひつ]{じゅん}をまちがえる。,Wrong stroke order of kanji.,Orden de trazos incorrecto de los kanji.
3,筆,ふで,[筆]を{洗}い{忘}れてカチカチになってしまう。,[ふで]を{あら}い{わす}れてカチカチになってしまう。,I forgot to wash my brushes and they got sticky.,Olvidé lavar mis pinceles y se pusieron pegajosos.
3,等,とう,ケーキを{六}[等]{分}に{切}り{分}ける。,ケーキを{ろく}[とう]{ぶん}に{き}り{わ}ける。,Cut the cake into six equal parts.,Corta el bizcocho en seis partes iguales.
3,等,ひと,{正方形}は{四辺}の{長}さが[等]しい。,{せいほうけい}は{しへん}の{なが}さが[ひと]しい。,A square has four sides of equal length.,Un cuadrado tiene cuatro lados de igual longitud.
3,箱,はこ,{辞書}を[箱]の{中}にしまう。,{じしょ}を[はこ]の{なか}にしまう。,Put the dictionary in the box.,Pon el diccionario en la caja.
3,級,きゅう,インフルエンザがはやって{学}[級]へいさになってしまった。,インフルエンザがはやって{がっ}[きゅう]へいさになってしまった。,The flu has spread and I have to miss class.,La gripe se ha extendido y tengo que faltar a clases.
3,終,お,{食}べ[終]わってすぐに{外}へ{遊}びに{行}く。,{た}べ[お]わってすぐに{そと}へ{あそ}びに{い}く。,"As soon as I finish eating, I go out to play.","En cuanto termino de comer, salgo a jugar."
3,終,しゅう,[終]{着駅}に{止}まるまでね{過}ごしてしまう。,[しゅう]{ちゃくえき}に{と}まるまでね{す}ごしてしまう。,I wasted no time until it stopped at the terminal station.,No perdí tiempo hasta que se detuvo en la estación terminal.
3,緑,みどり,{家}のかべを[緑]{色}のペンキでぬる。,{いえ}のかべを[みどり]{いろ}のペンキでぬる。,Paint the walls of the house green.,Pinta las paredes de la casa de verde.
3,緑,りょく,{熱}い[緑]{茶}を{飲}んでホッと{一息}つく。,{あつ}い[りょく]{ちゃ}を{の}んでホッと{ひといき}つく。,Drink hot green tea and take a breather.,Beba té verde caliente y respire.
3,練,ね,パン{生地}にバターをたっぷり[練]りこむ。,パン{きじ}にバターをたっぷり[ね]りこむ。,Knead plenty of butter into the bread dough.,Amasar abundante mantequilla en la masa de pan.
3,練,れん,{熟}[練]した{動}きの{見事}なダンスをおどる。,{じゅく}[れん]した{うご}きの{みごと}なダンスをおどる。,Perform a beautiful dance with skillful movements.,Realiza un hermoso baile con hábiles movimientos.
3,羊,ひつじ,{子}[羊]がおおかみにねらわれる。,{こ}[ひつじ]がおおかみにねらわれる。,A lamb is targeted by a wolf.,Un cordero es el objetivo de un lobo.
3,羊,よう,[羊]{毛}で{編}まれた、{青}いセーターを{買}った。,[よう]{もう}で{あ}まれた、{あお}いセーターを{か}った。,I bought a blue sweater knitted from wool.,Compré un suéter azul tejido de lana.
3,美,うつく,{植物園}のあちこちに[美]しい{花}がさいている。,{しょくぶつえん}のあちこちに[うつく]しい{はな}がさいている。,There are beautiful flowers everywhere in the botanical garden.,Hay hermosas flores por todas partes en el jardín botánico.
3,美,び,{町}の[美]{化運動}に{参加}する。,{まち}の[び]{かうんどう}に{さんか}する。,Participate in the town beautification campaign.,Participa en la campaña de embellecimiento del pueblo.
3,習,しゅう,{忘}れかけていた{部分}を{復}[習]する。,{わす}れかけていた{ぶぶん}を{ふく}[しゅう]する。,Review the parts you had forgotten.,Revisa las partes que habías olvidado.
3,習,なら,{今月}から{水泳}を[習]い{始}めた。,{こんげつ}から{すいえい}を[なら]い{はじ}めた。,I started learning swimming this month.,Empecé a aprender natación este mes.
3,者,しゃ,{学}[者]{同士}で{研究}を{発表}し{合}う。,{がく}[しゃ]{どうし}で{けんきゅう}を{はっぴょう}し{あ}う。,Scholars present their research to each other.,Los académicos presentan sus investigaciones entre sí.
3,者,もの,クラスの{人気}[者]になる。,クラスの{にんき}[もの]になる。,Become popular in your class.,Hazte popular en tu clase.
3,育,いく,{今日}の{体}[育]の{時間}は、ドッジボールをした。,{きょう}の{たい}[いく]の{じかん}は、ドッジボールをした。,"During today's physical education class, we played dodgeball.","Durante la clase de educación física de hoy, jugamos balón prisionero."
3,育,そだ,このネコは{赤}ちゃんのころから[育]ててきた。,このネコは{あか}ちゃんのころから[そだ]ててきた。,I have been raising this cat since it was a baby.,He estado criando a este gato desde que era un bebé.
3,育,はぐく,{大自然}の{中}で{動物}を{愛}する{心}を[育]む。,{だいしぜん}の{なか}で{どうぶつ}を{あい}する{こころ}を[はぐく]む。,Cultivate a love for animals in the great outdoors.,Cultive el amor por los animales al aire libre.
3,苦,く,{読書感想文}が{全然書}けなくて[苦]{労}する。,{どくしょかんそうぶん}が{ぜんぜんか}けなくて[く]{ろう}する。,I have a hard time writing book reviews.,Me cuesta mucho escribir reseñas de libros.
3,苦,くる,{友達}が{病気}で[苦]しむ。,{ともだち}が{びょうき}で[くる]しむ。,A friend is suffering from illness.,Un amigo sufre una enfermedad.
3,苦,にが,ぼくは{初対面}の{人}と{話}すのが[苦]{手}だ。,ぼくは{しょたいめん}の{ひと}と{はな}すのが[にが]{て}だ。,I'm not good at talking to people I meet for the first time.,No soy bueno hablando con la gente que conozco por primera vez.
3,荷,に,{引}っこしのために[荷]{造}りをする。,{ひ}っこしのために[に]{づく}りをする。,Pack your things for moving.,Empaca tus cosas para la mudanza.
3,落,お,{山}から{岩}が{転}がり[落]ちる。,{やま}から{いわ}が{ころ}がり[お]ちる。,Rocks roll down from the mountain.,Las rocas bajan de la montaña.
3,落,らく,{国語}の{教科書}に、{段}[落]ごとの{目印}をつける。,{こくご}の{きょうかしょ}に、{だん}[らく]ごとの{めじるし}をつける。,Mark each paragraph in your Japanese textbook.,Marca cada párrafo en tu libro de texto japonés.
3,葉,は,{落}ちた[葉]っぱをかき{集}めてゴミぶくろに{入}れる。,{お}ちた[は]っぱをかき{あつ}めてゴミぶくろに{い}れる。,Rake up fallen leaves and put them in a garbage bag.,Recoge las hojas caídas y colócalas en una bolsa de basura.
3,葉,よう,{秋}になって{通学路}の{木}が{落}[葉]し{始}めた。,{あき}になって{つうがくろ}の{き}が{らく}[よう]し{はじ}めた。,"In autumn, the trees along the route to school began to shed their leaves.","En otoño, los árboles a lo largo del camino a la escuela comenzaron a perder sus hojas."
3,薬,くすり,{病院}でお[薬]を{処方}してもらう。,{びょういん}でお[くすり]を{しょほう}してもらう。,Get your medicine prescribed at the hospital.,Obtenga su medicamento recetado en el hospital.
3,薬,やく,あの{倉庫}には{危険}な[薬]{品}がしまってある。,あの{そうこ}には{きけん}な[やく]{ひん}がしまってある。,There are dangerous chemicals stored in that warehouse.,Hay productos químicos peligrosos almacenados en ese almacén.
3,血,けつ,{転}んでひざから{出}[血]する。,{ころ}んでひざから{しゅっ}[けつ]する。,I fall and my knee bleeds.,Me caigo y me sangra la rodilla.
3,血,ち,{明日}の{宿題}を[血]まなこになって{探}す。,{あす}の{しゅくだい}を[ち]まなこになって{さが}す。,I'm desperately searching for tomorrow's homework.,Estoy buscando desesperadamente la tarea de mañana.
3,表,あらわ,{舌打}ちして{不満}を[表]す。,{したう}ちして{ふまん}を[あらわ]す。,Click your tongue to express your dissatisfaction.,Haga clic con la lengua para expresar su insatisfacción.
3,表,おもて,{百円玉}のどっち{側}が[表]か{知}ってる？,{ひゃくえんだま}のどっち{がわ}が[おもて]か{し}ってる？,Do you know which side of the 100 yen coin is heads?,¿Sabes qué cara de la moneda de 100 yenes es cara?
3,表,ひょう,{理科}での{実験}の{結果}を[表]にまとめる。,{りか}での{じっけん}の{けっか}を[ひょう]にまとめる。,Summarize the results of science experiments in a table.,Resumir los resultados de los experimentos científicos en una tabla.
3,詩,し,{今}の{気持}ちを[詩]にしてノートに{書}く。,{いま}の{きも}ちを[し]にしてノートに{か}く。,Write a poem about your current feelings in your notebook.,Escribe un poema sobre tus sentimientos actuales en tu cuaderno.
3,調,しら,ピアノの[調]べにうっとりする。,ピアノの[しら]べにうっとりする。,I'm enchanted by the sound of the piano.,Me encanta el sonido del piano.
3,調,ちょう,いん{石}が{落}ちた{場所}に[調]{査隊}を{向}かわせる。,いん{せき}が{お}ちた{ばしょ}に[ちょう]{さたい}を{む}かわせる。,A survey team is sent to the location where the meteorite fell.,Se envía un equipo de investigación al lugar donde cayó el meteorito.
3,談,だん,{休}けい{時間}の{間}、{雑}[談]する。,{きゅう}けい{じかん}の{あいだ}、{ざつ}[だん]する。,Chat during down time.,Charle durante el tiempo de inactividad.
3,豆,ず,{大}[豆]からしょうゆが{作}られる。,{だい}[ず]からしょうゆが{つく}られる。,Soy sauce is made from soybeans.,La salsa de soja se elabora a partir de semillas de soja.
3,豆,とう,{牛乳}と[豆]{乳}は{味}がちがう。,{ぎゅうにゅう}と[とう]{にゅう}は{あじ}がちがう。,Milk and soy milk have different tastes.,La leche y la leche de soja tienen sabores diferentes.
3,負,お,ランドセルを{背}[負]う。,ランドセルを{せ}[お]う。,Carry a school bag on your back.,Lleva una mochila escolar a la espalda.
3,負,ふ,まずは[負]{担}の{軽}い{筋}トレから{始}める。,まずは[ふ]{たん}の{かる}い{きん}トレから{はじ}める。,Start with light weight training.,Comience con entrenamiento con pesas ligeras.
3,負,ま,[負]けないように、{事前}に{作戦}を{立}てておく。,[ま]けないように、{じぜん}に{さくせん}を{た}てておく。,Plan your strategy in advance so you don't lose.,Planifica tu estrategia con antelación para no perder.
3,起,お,{見}たい{映画}が{放送}される{深夜}まで[起]きていた。,{み}たい{えいが}が{ほうそう}される{しんや}まで[お]きていた。,I stayed up until midnight when the movie I wanted to watch was on.,Me quedé despierto hasta la medianoche cuando estaba poniendo la película que quería ver.
3,起,き,{日直}が[起]{立}と{礼}の{号令}をかける。,{にっちょく}が[き]{りつ}と{れい}の{ごうれい}をかける。,The day shift commands everyone to stand up and bow.,El turno de día ordena a todos que se pongan de pie y hagan una reverencia.
3,路,じ,{家}[路]をかけ{足}で{急}ぐ。,{いえ}[じ]をかけ{あし}で{いそ}ぐ。,I hurried my way home.,Me apresuré a llegar a casa.
3,路,ろ,ふみ{切}りが{降}りて{線}[路]をわたれなくなる。,ふみ{き}りが{お}りて{せん}[ろ]をわたれなくなる。,The foot cutter will come down and you won't be able to cross the tracks.,El cortador de pies bajará y no podrás cruzar las vías.
3,身,しん,{成長期}になって[身]{長}がぐんぐんのびる。,{せいちょうき}になって[しん]{ちょう}がぐんぐんのびる。,"During the growth period, the height increases rapidly.","Durante el período de crecimiento, la altura aumenta rápidamente."
3,身,み,サルが[身]{軽}な{動}きで{木}に{登}る。,サルが[み]{がる}な{うご}きで{き}に{のぼ}る。,A monkey climbs a tree with nimble movements.,Un mono trepa a un árbol con movimientos ágiles.
3,転,ころ,まさかバナナの{皮}で[転]ぶなんて。マンガみたいだ。,まさかバナナの{かわ}で[ころ]ぶなんて。マンガみたいだ。,I never expected to fall on a banana peel. It's like a manga.,Nunca esperé caerme sobre una cáscara de plátano. Es como un manga.
3,転,ころ,りんごが{坂道}を[転]がり{落}ちる。,りんごが{さかみち}を[ころ]がり{お}ちる。,The apple rolls down the slope.,La manzana rueda cuesta abajo.
3,転,てん,バイクの{運}[転]めん{許}を{取得}する。,バイクの{うん}[てん]めん{もと}を{しゅとく}する。,Obtain a motorcycle driving permit.,Obtener un permiso de conducción de motocicletas.
3,軽,かる,カバンからいらない{物}を{取}り{出}して[軽]くする。,カバンからいらない{もの}を{と}り{だ}して[かる]くする。,Remove unnecessary items from your bag to make it lighter.,Retire los elementos innecesarios de su bolso para hacerlo más liviano.
3,軽,けい,[軽]{快}な{音楽}に{合}わせておどる。,[けい]{かい}な{おんがく}に{あ}わせておどる。,Dancing to light music.,Bailando con música ligera.
3,農,のう,{地元}の[農]{作物}が{安}く{売}られている。,{じもと}の[のう]{さくもつ}が{やす}く{う}られている。,Local produce is sold cheaply.,Los productos locales se venden a bajo precio.
3,返,かえ,{数年前}に{読}んだ{本}をまた{読}み[返]す。,{すうねんまえ}に{よ}んだ{ほん}をまた{よ}み[かえ]す。,Rereading a book I read a few years ago.,Releyendo un libro que leí hace unos años.
3,返,へん,はがきがあて{先不明}で[返]{送}されてきた。,はがきがあて{さきふめい}で[へん]{そう}されてきた。,A postcard was returned to me with an unknown address.,Me devolvieron una postal con dirección desconocida.
3,追,お,{入}ってきた{虫}を{外}へ[追]い{出}す。,{はい}ってきた{むし}を{そと}へ[お]い{だ}す。,Drive out the insects that have entered.,Expulsa los insectos que han entrado.
3,追,つい,クラスのめいぼに{転校生}の{名前}を[追]{加}する。,クラスのめいぼに{てんこうせい}の{なまえ}を[つい]{か}する。,Add the transfer student's name to the class list.,Agregue el nombre del estudiante transferido a la lista de clases.
3,送,おく,まちがった{住所}に{荷物}を[送]ってしまう。,まちがった{じゅうしょ}に{にもつ}を[おく]ってしまう。,I sent a package to the wrong address.,Envié un paquete a la dirección equivocada.
3,送,そう,{今週}から{新}しいテレビ{番組}が{放}[送]される。,{こんしゅう}から{あたら}しいテレビ{ばんぐみ}が{ほう}[そう]される。,A new TV program will be broadcast starting this week.,A partir de esta semana se emitirá un nuevo programa de televisión.
3,速,そく,{明日}は{昼}ごろから{急}[速]に{冷}えこむらしい。,{あす}は{ひる}ごろから{きゅう}[そく]に{ひ}えこむらしい。,It looks like it's going to get cold quickly from around noon tomorrow.,Parece que mañana hará frío rápidamente a partir del mediodía.
3,速,はや,{松本}さんは{暗算}がとても[速]い。,{まつもと}さんは{あんざん}がとても[はや]い。,Mr. Matsumoto is very fast at mental arithmetic.,El señor Matsumoto es muy rápido en aritmética mental.
3,進,しん,{科学}の[進]{歩}で{暮}らしが{豊}かになる。,{かがく}の[しん]{ぽ}で{く}らしが{ゆた}かになる。,Advances in science enrich our lives.,Los avances de la ciencia enriquecen nuestras vidas.
3,進,すす,ひまな{時間}に{宿題}を[進]める。,ひまな{じかん}に{しゅくだい}を[すす]める。,Do your homework in your free time.,Haz tu tarea en tu tiempo libre.
3,遊,あそ,{弟}は[遊]びつかれて、ねてしまいました。,{おとうと}は[あそ]びつかれて、ねてしまいました。,My younger brother got tired of playing and fell asleep.,Mi hermano menor se cansó de jugar y se quedó dormido.
3,遊,ゆう,{公園}に{新}しい[遊]{具}が{設置}される。,{こうえん}に{あたら}しい[ゆう]{ぐ}が{せっち}される。,New playground equipment will be installed in the park.,Se instalarán nuevos equipos de juegos infantiles en el parque.
3,運,うん,{明日}の[運]{動会}に{備}えて、{今日}は{早}めにねる。,{あす}の[うん]{どうかい}に{そな}えて、{きょう}は{はや}めにねる。,I slept early today in preparation for tomorrow's sports day.,Dormí temprano hoy en preparación para el día deportivo de mañana.
3,運,はこ,{大量}の{土}がトラックに{積}まれて、どこかへ[運]ばれていく。,{たいりょう}の{つち}がトラックに{つ}まれて、どこかへ[はこ]ばれていく。,A large amount of soil is loaded onto trucks and transported somewhere.,Se carga una gran cantidad de tierra en camiones y se transporta a algún lugar.
3,部,ぶ,{自転車}のこわれた[部]{品}を{取}りかえる。,{じてんしゃ}のこわれた[ぶ]{ひん}を{と}りかえる。,Replace broken parts on your bicycle.,Reemplaza las piezas rotas de tu bicicleta.
3,都,つ,その{日}はちょっと[都]{合}が{悪}い。,その{ひ}はちょっと[つ]{ごう}が{わる}い。,That day was a little inconvenient.,Ese día fue un poco incómodo.
3,都,と,アメリカの{首}[都]、ワシントンをおとずれる。,アメリカの{しゅ}[と]、ワシントンをおとずれる。,"Visit Washington, the capital of the United States.","Visita Washington, la capital de los Estados Unidos."
3,都,みやこ,パリは「{花}の[都]」と{呼}ばれている。,パリは「{はな}の[みやこ]」と{よ}ばれている。,"Paris is called the ""City of Flowers"".","París es llamada la ""Ciudad de las Flores""."
3,配,くば,[配]られたプリントにまちがいを{見}つける。,[くば]られたプリントにまちがいを{み}つける。,I found a mistake in the printout that was handed out.,Encontré un error en la copia impresa que se entregó.
3,配,はい,マラソンはペース[配]{分}が{重要}だ。,マラソンはペース[はい]{ぶん}が{じゅうよう}だ。,Pacing is important in a marathon.,El ritmo es importante en un maratón.
3,酒,さか,[酒]{場}に{旅人}がおとずれる。,[さか]{ば}に{たびびと}がおとずれる。,A traveler visits a bar.,Un viajero visita un bar.
3,酒,さけ,{病気}でお[酒]が{飲}めなくなる。,{びょうき}でお[さけ]が{の}めなくなる。,I can't drink alcohol because of my illness.,No puedo beber alcohol debido a mi enfermedad.
3,酒,しゅ,{二十才}の{誕生日}に{初}めて{飲}[酒]する。,{にじゅうさい}の{たんじょうび}に{はじ}めて{いん}[しゅ]する。,I drank alcohol for the first time on my 20th birthday.,Bebí alcohol por primera vez cuando cumplí 20 años.
3,重,え,{三}[重]{県}にある{伊勢神宮}は{有名}な{神社}だ。,{み}[え]{けん}にある{いせじんぐう}は{ゆうめい}な{じんじゃ}だ。,"Ise Jingu, located in Mie Prefecture, is a famous shrine.","Ise Jingu, ubicado en la prefectura de Mie, es un santuario famoso."
3,重,おも,[重]いボーリングの{玉}を{投}げる。,[おも]いボーリングの{たま}を{な}げる。,Throw a heavy bowling ball.,Lanza una bola de bolos pesada.
3,重,かさ,{今日}は{寒}いので[重]ね{着}して{出}かける。,{きょう}は{さむ}いので[かさ]ね{ぎ}して{で}かける。,"It's cold today, so I'm going out wearing layers.","Hace frío hoy, así que saldré en capas."
3,重,じゅう,あとから[重]{大}なミスに{気}づく。,あとから[じゅう]{だい}なミスに{き}づく。,I realized a serious mistake later.,Más tarde me di cuenta de un grave error.
3,重,ちょう,{話}し{合}う{相手}の{考}えを{尊}[重]する。,{はな}し{あ}う{あいて}の{かんが}えを{そん}[ちょう]する。,Respect the ideas of the person you are talking to.,Respeta las ideas de la persona con la que estás hablando.
3,鉄,てつ,{体}をきたえて、{鋼}[鉄]のような{体}を{手}に{入}れた。,{からだ}をきたえて、{こう}[てつ]のような{からだ}を{て}に{い}れた。,I have strengthened my body and gained a body like steel.,He fortalecido mi cuerpo y he ganado un cuerpo como el acero.
3,銀,ぎん,{絵画}コンクールで[銀]{賞}を{取}ったことがある。,{かいが}コンクールで[ぎん]{しょう}を{と}ったことがある。,I once won a silver prize in a painting contest.,Una vez gané un premio de plata en un concurso de pintura.
3,開,あ,プレゼントの{包}み{紙}をワクワクしながら[開]ける。,プレゼントの{つつ}み{がみ}をワクワクしながら[あ]ける。,I excitedly opened the gift wrapping paper.,Abrí con entusiasmo el papel de regalo.
3,開,かい,{物語}の{先}が{読}めない{展}[開]にドキドキする。,{ものがたり}の{さき}が{よ}めない{てん}[かい]にドキドキする。,I'm excited by the unpredictable development of the story.,Estoy emocionado por el desarrollo impredecible de la historia.
3,開,ひら,{窓}を[開]いて{空気}の{入}れかえをする。,{まど}を[ひら]いて{くうき}の{い}れかえをする。,Open the window and let the air circulate.,Abre la ventana y deja que el aire circule.
3,院,いん,{車}の{事故}で{骨折}して{入}[院]する。,{くるま}の{じこ}で{こっせつ}して{にゅう}[いん]する。,He suffered a broken bone in a car accident and was hospitalized.,Sufrió una fractura en un accidente automovilístico y fue hospitalizado.
3,陽,よう,{太}[陽]{光発電}のパネルがずらりと{並}んでいる。,{たい}[よう]{こうはつでん}のパネルがずらりと{なら}んでいる。,Solar power generation panels are lined up in rows.,Los paneles de generación de energía solar están alineados en filas.
3,階,かい,{四}[階]までエレベーターに{乗}っていく。,{よん}[かい]までエレベーターに{の}っていく。,Ride the elevator to the fourth floor.,Sube en ascensor hasta el cuarto piso.
3,集,あつ,{大会}の{会場}に{参加者}が[集]まる。,{たいかい}の{かいじょう}に{さんかしゃ}が[あつ]まる。,Participants gather at the tournament venue.,Los participantes se reúnen en el lugar del torneo.
3,集,しゅう,{本}を{読}むことに[集]{中}する。,{ほん}を{よ}むことに[しゅう]{ちゅう}する。,Concentrate on reading books.,Concéntrate en leer libros.
3,面,めん,{顔}[面]にボールが{当}たって{鼻血}が{出}た。,{がん}[めん]にボールが{あ}たって{はなじ}が{で}た。,"The ball hit him in the face, causing his nose to bleed.","La bala le dio en la cara, provocando que le sangrara la nariz."
3,題,だい,{作文}を{書}いた{後}で[題]{名}を{決}めた。,{さくぶん}を{か}いた{あと}で[だい]{めい}を{き}めた。,"After writing the essay, I decided on the title.","Después de escribir el ensayo, decidí el título."
3,飲,いん,この{図書館}では[飲]{食}は{禁止}です。,この{としょかん}では[いん]{しょく}は{きんし}です。,Eating and drinking are prohibited in this library.,Está prohibido comer y beber en esta biblioteca.
3,飲,の,{夏}は{水}をこまめに[飲]もう。,{なつ}は{みず}をこまめに[の]もう。,Drink plenty of water in the summer.,Beba mucha agua en verano.
3,館,かん,{体育}[館]の{天井}の{鉄骨}にボールがはさまってしまった。,{たいいく}[かん]の{てんじょう}の{てっこつ}にボールがはさまってしまった。,The ball got stuck in the steel frame of the gymnasium ceiling.,La pelota se atascó en la estructura de acero del techo del gimnasio.
3,館,やかた,{大金持}ちの{住}んでいる[館]に{招待}される。,{おおがねも}ちの{す}んでいる[やかた]に{しょうたい}される。,You are invited to a mansion where a very rich man lives.,Te invitan a una mansión donde vive un hombre muy rico.
3,駅,えき,あるネコが[駅]{長}に{就任}したというニュースを{見}た。,あるネコが[えき]{ちょう}に{しゅうにん}したというニュースを{み}た。,I saw on the news that a certain cat was appointed as stationmaster.,Vi en las noticias que cierto gato fue nombrado jefe de estación.
3,鼻,はな,[鼻]{先}に{虫}がぶつかってきた。,[はな]{さき}に{むし}がぶつかってきた。,An insect hit the tip of my nose.,Un insecto me golpeó la punta de la nariz.
4,不,ふ,{最近}は[不]{運}な{出来事}が{多}かった。,{さいきん}は[ふ]{うん}な{できごと}が{おお}かった。,There have been many unfortunate events recently.,Ha habido muchos acontecimientos desafortunados recientemente.
4,不,ぶ,カエルはなんだか[不]{気味}で{苦手}なんだよね。,カエルはなんだか[ぶ]{きみ}で{にがて}なんだよね。,Frogs are kind of creepy and I don't like them.,Las ranas dan un poco de miedo y no me gustan.
4,争,あらそ,{仲}の{悪}い{人}と{言}い[争]いになる。,{なか}の{わる}い{ひ}と{とい}い[あらそ]いになる。,You get into an argument with someone you don't get along with.,Te peleas con alguien con quien no te llevas bien.
4,争,そう,プールの{時間}にクロールの{競}[争]をする。,プールの{じかん}にクロールの{きょう}[そう]をする。,Have a competitive crawl during pool time.,Haga un crol competitivo durante el tiempo en la piscina.
4,井,い,おじいちゃんとおばあちゃんのいる{福}[井]{県}に{手紙}を{送}る。,おじいちゃんとおばあちゃんのいる{ふく}[い]{けん}に{てがみ}を{おく}る。,"Send a letter to Fukui Prefecture, where my grandpa and grandma are.","Envía una carta a la prefectura de Fukui, donde están mi abuelo y mi abuela."
4,付,つ,{辞典}のいろんなページにふせんを[付]ける。,{じてん}のいろんなページにふせんを[つ]ける。,Attach sticky notes to various pages of the dictionary.,Adjunte notas adhesivas a varias páginas del diccionario.
4,付,ふ,この{駅}[付]{近}には{銀行}やスーパーがあります。,この{えき}[ふ]{きん}には{ぎんこう}やスーパーがあります。,There are banks and supermarkets near this station.,Hay bancos y supermercados cerca de esta estación.
4,令,れい,{部下}に{命}[令]をする。,{ぶか}に{めい}[れい]をする。,give orders to subordinates.,dar órdenes a los subordinados.
4,以,い,{三分}[以]{内}に{出}かける{準備}を{済}ませた。,{さんふん}[い]{ない}に{で}かける{じゅんび}を{す}ませた。,I was ready to leave within three minutes.,Estaba listo para partir en tres minutos.
4,仲,なか,けんかした{友達}と[仲]{直}りする。,けんかした{ともだち}と[なか]{なお}りする。,Make up with a friend you fought with.,Haz las paces con un amigo con el que peleaste.
4,伝,つた,{冷}やあせがこめかみを[伝]って{落}ちる。,{ひ}やあせがこめかみを[つた]って{お}ちる。,Cold heat trickles down my temples.,El calor frío corre por mis sienes.
4,伝,つた,{好}きな{人}に{思}いを[伝]える。,{す}きな{ひと}に{おも}いを[つた]える。,Express your feelings to the person you love.,Expresa tus sentimientos a la persona que amas.
4,伝,でん,{父}は{毎年}、{正月}に{駅}[伝]を{見}ている。,{ちち}は{まいとし}、{しょうがつ}に{えき}[でん]を{み}ている。,My father watches the relay race every New Year.,Mi padre ve la carrera de relevos cada año nuevo.
4,位,い,この[位]{置}からだとテレビが{見}えない。,この[い]{ち}からだとテレビが{み}えない。,I can't see the TV from this position.,No puedo ver la televisión desde esta posición.
4,位,くらい,{千}の[位]を{四捨五入}する。,{せん}の[くらい]を{ししゃごにゅう}する。,Round to the nearest thousand.,Redondea al millar más cercano.
4,低,てい,{来週}は{気温}が{冬並}みに[低]{下}するらしい。,{らいしゅう}は{きおん}が{ふゆな}みに[てい]{か}するらしい。,It looks like temperatures will drop to winter levels next week.,Parece que las temperaturas bajarán a los niveles invernales la próxima semana.
4,低,ひく,この{楽器}は{独特}の[低]い{音}が{出}る。,この{がっき}は{どくとく}の[ひく]い{おと}が{で}る。,This instrument produces a unique low sound.,Este instrumento produce un sonido grave único.
4,佐,さ,[佐]{賀県}は{今日}、めずらしく{雪}が{降}った。,[さ]{がけん}は{きょう}、めずらしく{ゆき}が{ふ}った。,It snowed unusually in Saga Prefecture today.,Hoy nevó inusualmente en la prefectura de Saga.
4,例,たと,{分}かりやすい[例]え{話}が{思}いつかない。,{わ}かりやすい[たと]え{ばなし}が{おも}いつかない。,I can't think of an easy-to-understand analogy.,No puedo pensar en una analogía fácil de entender.
4,例,れい,{天気予報}では、{今年}の{冬}は[例]{年}より{寒}くなるらしい。,{てんきよほう}では、{ことし}の{ふゆ}は[れい]{ねん}より{さむ}くなるらしい。,"According to the weather forecast, this winter will be colder than usual.","Según la previsión meteorológica, este invierno será más frío de lo habitual."
4,便,たよ,いなかの{実家}から[便]りが{送}られてくる。,いなかの{じっか}から[たよ]りが{おく}られてくる。,News is sent from Inaka's parents' home.,Las noticias se envían desde la casa de los padres de Inaka.
4,便,びん,{郵}[便]{局}でアルバイトをする。,{ゆう}[びん]{きょく}でアルバイトをする。,Work part-time at a post office.,Trabaja a tiempo parcial en una oficina de correos.
4,便,べん,この{家}は{近}くに{駅}があって[便]{利}だ。,この{いえ}は{ちか}くに{えき}があって[べん]{り}だ。,This house is convenient because there is a station nearby.,Esta casa es conveniente porque hay una estación cerca.
4,信,しん,ゲーム{機同士}で{通}[信]をして{遊}ぶ。,ゲーム{きどうし}で{つう}[しん]をして{あそ}ぶ。,Game consoles communicate with each other and play.,Las consolas de juegos se comunican entre sí y juegan.
4,倉,くら,[倉]の{二階}から{本}を{持}ち{出}す。,[くら]の{にかい}から{ほん}を{も}ち{だ}す。,Bring out the books from the second floor of the warehouse.,Saca los libros del segundo piso del almacén.
4,倉,そう,{非常食}を[倉]{庫}にしまっておく。,{ひじょうしょく}を[そう]{こ}にしまっておく。,Store emergency food in the warehouse.,Almacene alimentos de emergencia en el almacén.
4,候,こう,{生徒会長}の{選挙}に{立}[候]{補}する。,{せいとかいちょう}の{せんきょ}に{りっ}[こう]{ほ}する。,Run for student council president election.,Postúlate para la elección de presidente del consejo estudiantil.
4,借,か,{銀行}からお{金}を[借]りる。,{ぎんこう}からお{かね}を[か]りる。,borrow money from a bank.,pedir prestado dinero a un banco.
4,借,しゃく,[借]{家}のゆかに{傷}をつけてしまう。,[しゃく]{や}のゆかに{きず}をつけてしまう。,Damage to the roof of the rented house.,Daños en el techo de la casa alquilada.
4,健,けん,{具合}の{悪}そうな{友達}を{保}[健]{室}に{連}れて{行}く。,{ぐあい}の{わる}そうな{ともだち}を{ほ}[けん]{しつ}に{つ}れて{い}く。,Take your sick friend to the nurse's office.,Lleva a tu amigo enfermo a la enfermería.
4,側,がわ,プリントの{裏}[側]に{落書}きする。,プリントの{うら}[がわ]に{らくが}きする。,Doodle on the back of the print.,Garabato en la parte posterior de la impresión.
4,側,そく,{箱}の[側]{面}に{中身}を{書}いておく。,{ばこ}の[そく]{めん}に{なかみ}を{か}いておく。,Write the contents on the side of the box.,Escribe el contenido en el costado de la caja.
4,働,どう,{勤}めている{会社}の{労}[働]{組合}に{入}る。,{つと}めている{かいしゃ}の{ろう}[どう]{くみあい}に{はい}る。,Join the labor union of the company you work for.,Afiliarse al sindicato de la empresa para la que trabaja.
4,働,はたら,{熱心}に[働]く。,{ねっしん}に[はたら]く。,Work hard.,Atarearse.
4,億,おく,いつか[億]{万長者}になって、{思}い{切}りぜいたくしてみたいなあ。,いつか[おく]{まんちょうじゃ}になって、{おも}い{き}りぜいたくしてみたいなあ。,I would like to become a millionaire someday and live in luxury to the fullest.,Me gustaría algún día convertirme en millonario y vivir al máximo el lujo.
4,兆,ちょう,もし{願}いがかなうのなら、{百}[兆]{円}ほしい！,もし{ねが}いがかなうのなら、{ひゃく}[ちょう]{えん}ほしい！,"If my wish could come true, I would like it to be 100 trillion yen!","Si mi deseo pudiera hacerse realidad, ¡me gustaría que fueran 100 billones de yenes!"
4,児,じ,{記念日}に[児]{童}たちにおかしが{配}られた。,{きねんび}に[じ]{どう}たちにおかしが{くば}られた。,Sweets were distributed to the children on the anniversary.,Se repartieron dulces a los niños con motivo del aniversario.
4,共,きょう,ペットの{写真}をＳＮＳで[共]{有}する。,ペットの{しゃしん}をＳＮＳで[きょう]{ゆう}する。,Share photos of your pet on SNS.,Comparte fotos de tu mascota en SNS.
4,共,とも,{勇者}が{仲間}たちと[共]にま{王}をたおす{旅}に{出}る。,{ゆうしゃ}が{なかま}たちと[とも]にま{おう}をたおす{たび}に{で}る。,A hero goes on a journey to defeat the king with his friends.,Un héroe emprende un viaje para derrotar al rey con sus amigos.
4,兵,ひょう,[兵]{庫県}の{県庁所在地}は{神戸市}だ。,[ひょう]{ごけん}の{けんちょうしょざいち}は{こうべし}だ。,The prefectural capital of Hyogo Prefecture is Kobe City.,La capital de la prefectura de Hyogo es la ciudad de Kobe.
4,兵,へい,セーラー{服}は、{水}[兵]が{着}るものでもある。,セーラー{ふく}は、{すい}[へい]が{き}るものでもある。,Sailor uniforms are also worn by sailors.,Los marineros también usan uniformes de marinero.
4,典,てん,{映画館}の{入場者特}[典]でパンフレットをもらった。,{えいがかん}の{にゅうじょうしゃとく}[てん]でパンフレットをもらった。,I received a pamphlet as a benefit for movie theater visitors.,Recibí un folleto como beneficio para los visitantes del cine.
4,冷,さ,たこ{焼}きが[冷]める{前}にほおばる。,たこ{や}きが[さ]める{まえ}にほおばる。,Eat the takoyaki before it gets cold.,Come el takoyaki antes de que se enfríe.
4,冷,つめ,{運動後}に[冷]たいジュースをがぶ{飲}みする。,{うんどうご}に[つめ]たいジュースをがぶ{の}みする。,Gulp down some cold juice after your workout.,Beba un poco de jugo frío después de hacer ejercicio.
4,冷,ひ,やけどした{部分}を{氷}で[冷]やす。,やけどした{ぶぶん}を{こおり}で[ひ]やす。,Cool the burnt area with ice.,Enfríe el área quemada con hielo.
4,冷,れい,{雪女}がとてつもない[冷]{気}を{放}つ。,{ゆきおんな}がとてつもない[れい]{き}を{はな}つ。,The Yuki-onna releases tremendous cold air.,La Yuki-onna libera un tremendo aire frío.
4,初,はつ,{群馬県}には{日本}[初]の{製糸工場}が{建}てられた。,{ぐんまけん}には{にっぽん}[はつ]の{せいしこうじょう}が{た}てられた。,Japan's first silk mill was built in Gunma Prefecture.,La primera fábrica de seda de Japón se construyó en la prefectura de Gunma.
4,初,しょ,[初]{心者向}けのジグソーパズルを{買}う。,[しょ]{しんしゃむ}けのジグソーパズルを{か}う。,Buy jigsaw puzzles for beginners.,Compra rompecabezas para principiantes.
4,初,はじ,{本物}のクマを[初]めて{見}る。,{ほんもの}のクマを[はじ]めて{み}る。,Seeing a real bear for the first time.,Ver un oso real por primera vez.
4,初,はつ,[初]{夢}で{富士山}の{夢}を{見}た。,[はつ]{ゆめ}で{ふじやま}の{ゆめ}を{み}た。,"In my first dream, I dreamed of Mt. Fuji.","En mi primer sueño, soñé con el monte Fuji."
4,別,べつ,{目}が{悪}く、キャベツとレタスを{区}[別]できない。,{め}が{わる}く、キャベツとレタスを{く}[べつ]できない。,My eyesight is so bad that I can't tell the difference between cabbage and lettuce.,Mi vista es tan mala que no puedo distinguir entre el repollo y la lechuga.
4,別,わか,{長}い{旅}の{中}で、{何度}も{出会}いと[別]れをくり{返}した。,{なが}い{たび}の{なか}で、{なんど}も{であ}いと[わか]れをくり{かえ}した。,"During the long journey, we met and parted many times.","Durante el largo viaje, nos encontramos y nos separamos muchas veces."
4,利,り,ボロボロの{服}をぞうきんにして{再}[利]{用}する。,ボロボロの{ふく}をぞうきんにして{さい}[り]{よう}する。,Reuse your tattered clothes by turning them into rags.,Reutiliza tu ropa hecha jirones convirtiéndola en harapos.
4,刷,さつ,クラス{全員分}のプリントを{印}[刷]する。,クラス{ぜんいんぶん}のプリントを{いん}[さつ]する。,Print out copies for the entire class.,Imprima copias para toda la clase.
4,刷,す,インクをつけて{版画}を[刷]るときはきんちょうする。,インクをつけて{はんが}を[す]るときはきんちょうする。,"When applying ink to print a print, it is done.","Cuando aplique tinta para imprimir una impresión, hágalo con cuidado."
4,副,ふく,かぜ{薬}の[副]{作用}でねむくなる。,かぜ{ぐすり}の[ふく]{さよう}でねむくなる。,I feel sleepy as a side effect of cold medicine.,Tengo sueño como efecto secundario de los medicamentos para el resfriado.
4,功,こう,{素晴}らしい[功]{績}をたたえて{賞状}がおくられる。,{すば}らしい[こう]{せき}をたたえて{しょうじょう}がおくられる。,Certificates are awarded in recognition of outstanding achievements.,Los certificados se otorgan en reconocimiento a logros destacados.
4,加,か,{昼休}みのドッジボールに{参}[加]する。,{ひるやす}みのドッジボールに{さん}[か]する。,Participate in dodgeball during lunch break.,Participe en balón prisionero durante el almuerzo.
4,加,くわ,{料理}がへたな{兄}が、{肉}じゃがに{大量}の{塩}を[加]える。,{りょうり}がへたな{あに}が、{にく}じゃがに{たいりょう}の{しお}を[くわ]える。,"My older brother, who is no good at cooking, adds a large amount of salt to the meat and potatoes.","Mi hermano, que no sabe cocinar, echa mucha sal a la carne y a las patatas."
4,努,つと,{授業}に{集中}するよう[努]める。,{じゅぎょう}に{しゅうちゅう}するよう[つと]める。,Try to concentrate in class.,Intenta concentrarte en clase.
4,努,ど,ゆうじくんは[努]{力家}だ。,ゆうじくんは[ど]{りょくか}だ。,Yuji-kun is a hard worker.,Yuji-kun es un gran trabajador.
4,労,ろう,{合戦}での{功}[労]に{応}じたほうびをあたえる。,{かっせん}での{こう}[ろう]に{おう}じたほうびをあたえる。,Give rewards based on your merits in battle.,Da recompensas según tus méritos en la batalla.
4,勇,いさ,[勇]み{足}な{行動}をしないよう、{言}い{聞}かせる。,[いさ]み{あし}な{こうどう}をしないよう、{い}い{き}かせる。,I tell them not to act too brave.,Les digo que no actúen con demasiada valentía.
4,勇,ゆう,{力強}い{言葉}に[勇]{気}をもらう。,{ちからづよ}い{ことば}に[ゆう]{き}をもらう。,Get courage from powerful words.,Obtenga coraje de palabras poderosas.
4,包,つつ,[包]みを{小}わきにかかえて{歩}く。,[つつ]みを{こ}わきにかかえて{ある}く。,I walk with the package under my arm.,Camino con el paquete bajo el brazo.
4,包,ほう,きょう{悪犯}を[包]{囲}してつかまえる。,きょう{わるはん}を[ほう]{い}してつかまえる。,Today we will surround and capture the criminals.,Hoy rodearemos y capturaremos a los criminales.
4,卒,そつ,[卒]{業式}の{日}に{泣}いてしまった。,[そつ]{ぎょうしき}の{ひ}に{な}いてしまった。,I cried on my graduation day.,Lloré el día de mi graduación.
4,協,きょう,{仲間}たちと[協]{力}して、ま{王}をたおすことができた。,{なかま}たちと[きょう]{りょく}して、ま{おう}をたおすことができた。,"By working together with my friends, I was able to defeat the king.","Trabajando junto con mis amigos, pude derrotar al rey."
4,単,たん,{英}[単]{語}をがんばって{暗記}する。,{えい}[たん]{ご}をがんばって{あんき}する。,Try your best to memorize English words.,Haz tu mejor esfuerzo para memorizar palabras en inglés.
4,博,はく,{一九七〇年}、{大阪}で{万国}[博]{覧会}が{開}かれた。,{いちきゅうななれいねん}、{おおさか}で{ばんこく}[はく]{らんかい}が{ひら}かれた。,"In 1970, the World's Fair was held in Osaka.",En 1970 se celebró la Exposición Universal en Osaka.
4,印,しるし,{自分}のものだと{分}かるように、{道具}に[印]をつけておく。,{じぶん}のものだと{わ}かるように、{どうぐ}に[しるし]をつけておく。,Mark your tools so you know they belong to you.,Marque sus herramientas para que sepa que le pertenecen.
4,参,さん,{遠足}におかしを{持}[参]する。,{えんそく}におかしを{じ}[さん]する。,Bring snacks on excursions.,Llevar snacks en las excursiones.
4,参,まい,おぼんの{日}に{墓}[参]りに{行}く。,おぼんの{ひ}に{はか}[まい]りに{い}く。,I go to visit a grave on Obon day.,Voy a visitar una tumba el día de Obon.
4,司,し,{討論会}で[司]{会}の{役}を{引}き{受}ける。,{とうろんかい}で[し]{かい}の{やく}を{ひ}き{う}ける。,Take on the role of moderator at a debate.,Asume el papel de moderador en un debate.
4,各,かく,{明日}の{図工}の{時間}は、[各]{自絵}の{具}を{持}ってきてください。,{あす}の{ずこう}の{じかん}は、[かく]{じえ}の{ぐ}を{も}ってきてください。,Please bring your own paints for tomorrow's art class.,Por favor traiga sus propias pinturas para la clase de arte de mañana.
4,周,しゅう,{桜}の{木}の[周]{辺}でお{花見}をする。,{さくら}の{き}の[しゅう]{へん}でお{はなみ}をする。,Enjoy cherry blossom viewing around the cherry blossom trees.,Disfrute viendo los cerezos en flor alrededor de los cerezos en flor.
4,周,まわ,[周]りの{人}に{助}けを{求}める。,[まわ]りの{ひと}に{たす}けを{もと}める。,Ask people around you for help.,Pide ayuda a las personas que te rodean.
4,唱,しょう,{合}[唱]の{練習}に{本気}で{取}り{組}む。,{がっ}[しょう]の{れんしゅう}に{ほんき}で{と}り{く}む。,Get serious about choir practice.,Tómate en serio la práctica del coro.
4,唱,とな,まほう{使}いがじゅもんを[唱]える。,まほう{つか}いがじゅもんを[とな]える。,The magician chants the spell.,El mago canta el hechizo.
4,器,き,ぼくは{不}[器]{用}で{絵}をかくのが{苦手}だ。,ぼくは{ぶ}[き]{よう}で{え}をかくのが{にがて}だ。,I'm clumsy and not good at drawing.,Soy torpe y no soy bueno dibujando.
4,固,かた,{紙}ねんどをかわかして[固]める。,{かみ}ねんどをかわかして[かた]める。,Heat and harden the paper clay.,Calentar y endurecer la arcilla de papel.
4,固,こ,{木}の{板}をネジでとめて[固]{定}する。,{き}の{いた}をネジでとめて[こ]{てい}する。,Secure the wooden board with screws.,Asegure la tabla de madera con tornillos.
4,城,しろ,[城]のあちこちにわなをしかける。,[しろ]のあちこちにわなをしかける。,Set traps all over the castle.,Coloca trampas por todo el castillo.
4,城,じょう,[城]{門}に{敵}がせめこんでくる。,[じょう]{もん}に{てき}がせめこんでくる。,Enemies are approaching the castle gate.,Los enemigos se acercan a la puerta del castillo.
4,埼,さい,[埼]{玉県}にある{鉄道博物館}に{行}く。,[さい]{たまけん}にある{てつどうはくぶつかん}に{い}く。,Go to the Railway Museum in Saitama Prefecture.,Vaya al Museo del Ferrocarril en la prefectura de Saitama.
4,塩,えん,{海}の{水}がしょっぱいのは、[塩]{分}がとけこんでいるからだ。,{うみ}の{みず}がしょっぱいのは、[えん]{ぶん}がとけこんでいるからだ。,Sea water is salty because it contains dissolved salt.,El agua de mar es salada porque contiene sal disuelta.
4,塩,しお,この{肉}じゃが、なんだか[塩]からくない？,この{にく}じゃが、なんだか[しお]からくない？,Isn't this meat and potatoes somehow salty?,¿No es esta carne y patatas algo salada?
4,変,か,このシリーズの{第四作目}では{主人公}が[変]わる。,このシリーズの{だいよんさくめ}では{しゅじんこう}が[か]わる。,The main character changes in the fourth installment of this series.,El personaje principal cambia en la cuarta entrega de esta serie.
4,変,へん,ヨウ{素液}を{加}えると、でんぷんが[変]{色}する。,ヨウ{そえき}を{くわ}えると、でんぷんが[へん]{しょく}する。,Adding iodine solution will change the color of the starch.,Agregar una solución de yodo cambiará el color del almidón.
4,夫,おっと,{家}に{来}た{友達}に[夫]をしょうかいする。,{いえ}に{き}た{ともだち}に[おっと]をしょうかいする。,I asked a friend who came to my house about my husband.,Le pregunté a una amiga que vino a mi casa por mi marido.
4,夫,ふ,{近所}に{子供}のいる[夫]{妻}が{引}っこしてくる。,{きんじょ}に{こども}のいる[ふ]{さい}が{ひ}っこしてくる。,A couple with children living in the neighborhood moves in.,Se muda una pareja con hijos que vive en el barrio.
4,失,うしな,ネコを{追}いかけていたが{見}[失]った。,ネコを{お}いかけていたが{み}[うしな]った。,"I was chasing a cat, but lost it.","Estaba persiguiendo a un gato, pero lo perdí."
4,失,しつ,お{客}さんに[失]{礼}なことを{言}っておこられた。,お{きゃく}さんに[しつ]{れい}なことを{い}っておこられた。,I got offended by saying something rude to a customer.,Me ofendí al decirle algo grosero a un cliente.
4,奈,なら,[奈]{良}の{大仏}は{約十五}メートルの{大}きさがある。,[なら]{}の{だいぶつ}は{やくじゅうご}メートルの{おお}きさがある。,The Great Buddha in Nara is approximately 15 meters in size.,El Gran Buda de Nara mide aproximadamente 15 metros.
4,好,こう,{今日}のごはんは{大}[好]{物}のハンバーグだ。,{きょう}のごはんは{だい}[こう]{ぶつ}のハンバーグだ。,Today's meal is my favorite hamburger steak.,La comida de hoy es mi hamburguesa favorita.
4,好,この,{宮田}さんはホラー{小説}が[好]みだ。,{みやた}さんはホラー{しょうせつ}が[この]みだ。,Mr. Miyata likes horror novels.,Al señor Miyata le gustan las novelas de terror.
4,好,す,{姉}はモンブランが{大}[好]きだ。,{あね}はモンブランが{だい}[す]きだ。,My sister loves Mont Blanc.,A mi hermana le encanta el Mont Blanc.
4,媛,えひめ,スーパーで{愛}[媛]{県}のミカンが{売}られていた。,スーパーで{}[えひめ]{けん}のミカンが{う}られていた。,Mandarin oranges from Ehime Prefecture were on sale at the supermarket.,En el supermercado se vendían mandarinas de la prefectura de Ehime.
4,季,き,[季]{節}の{変}わり{目}にかぜを{引}いてしまう。,[き]{せつ}の{か}わり{め}にかぜを{ひ}いてしまう。,I catch a cold when the seasons change.,Me resfrío cuando cambian las estaciones.
4,孫,そん,タイムマシンで{自分}の{子}[孫]に{会}いに{行}く。,タイムマシンで{じぶん}の{し}[そん]に{あ}いに{い}く。,Use a time machine to visit your descendants.,Utiliza una máquina del tiempo para visitar a tus descendientes.
4,孫,まご,おじいちゃんが[孫]をあまやかす。,おじいちゃんが[まご]をあまやかす。,Grandpa tricks his grandson.,El abuelo engaña a su nieto.
4,完,かん,{夏休}みの{自由研究}を[完]{成}させる。,{なつやす}みの{じゆうけんきゅう}を[かん]{せい}させる。,Complete independent research during summer vacation.,Complete una investigación independiente durante las vacaciones de verano.
4,官,かん,{警察}[官]が{犯人}を{取}りおさえた。,{けいさつ}[かん]が{はんにん}を{と}りおさえた。,A police officer apprehended the culprit.,Un policía detuvo al culpable.
4,害,がい,{運動会}の{障}[害]{物競走}で{一位}をとった。,{うんどうかい}の{しょう}[がい]{ぶつきょうそう}で{いちい}をとった。,I won first place in the obstacle course at the sports day.,Gané el primer lugar en la carrera de obstáculos del día deportivo.
4,富,と,{村田博士}は、こん{虫}の{知識}に[富]んでいる。,{むらたはかせ}は、こん{ちゅう}の{ちしき}に[と]んでいる。,Dr. Murata has a wealth of knowledge about insects.,El Dr. Murata tiene un gran conocimiento sobre insectos.
4,富,とみ,[富]をつかさどる{神様}においのりする。,[とみ]をつかさどる{かみさま}においのりする。,I worship the god who controls wealth.,Adoro al dios que controla la riqueza.
4,富,ふ,ビタミンが{豊}[富]な{野菜}を{食}べる。,ビタミンが{ほう}[ふ]な{やさい}を{た}べる。,Eat vegetables rich in vitamins.,Consuma verduras ricas en vitaminas.
4,察,さつ,{警}[察]{官}になることを{目指}して{勉強}する。,{けい}[さつ]{かん}になることを{めざ}して{べんきょう}する。,Studying to become a police officer.,Estudiando para ser policía.
4,岐,ぎ,{関ケ原}の{戦}いは[岐]{阜県}で{起}こった。,{せきがはら}の{たたか}いは[ぎ]{ふけん}で{お}こった。,The Battle of Sekigahara took place in Gifu Prefecture.,La batalla de Sekigahara tuvo lugar en la prefectura de Gifu.
4,岡,おか,おいしいお{茶}で{有名}な、{静}[岡]{県}に{行}く。,おいしいお{ちゃ}で{ゆうめい}な、{しず}[おか]{けん}に{い}く。,"Let's go to Shizuoka Prefecture, which is famous for its delicious tea.","Vayamos a la prefectura de Shizuoka, famosa por su delicioso té."
4,崎,さき,{長}[崎]{県}は{島}の{数}の{多}さでは{日本一}だ。,{なが}[さき]{けん}は{しま}の{かず}の{おお}さでは{にっぽんいち}だ。,Nagasaki prefecture has the largest number of islands in Japan.,La prefectura de Nagasaki tiene el mayor número de islas de Japón.
4,巣,す,ツバメの[巣]を{使}った{中国}の{料理}を{食}べる。,ツバメの[す]を{つか}った{ちゅうごく}の{りょうり}を{た}べる。,Eating Chinese food using bird's nest.,Comer comida china usando nido de pájaro.
4,差,さ,カーテンのすき{間}から{光}が[差]す。,カーテンのすき{ま}から{ひかり}が[さ]す。,Light shines through the gap in the curtains.,La luz brilla a través del hueco de las cortinas.
4,差,さ,{二位}と{大}[差]をつけてゴールする。,{にい}と{たい}[さ]をつけてゴールする。,He finishes with a huge difference from second place.,Termina con una diferencia enorme respecto al segundo lugar.
4,希,き,[希]{少}な{鉱石}が{高値}で{取引}される。,[き]{しょう}な{こうせき}が{たかね}で{とりひき}される。,Rare ores are traded at high prices.,Los minerales raros se comercializan a precios elevados.
4,席,せき,{新幹線}の[席]を{予約}する。,{しんかんせん}の[せき]を{よやく}する。,Reserve a seat on the Shinkansen.,Reserva un asiento en el Shinkansen.
4,帯,お,かぶと{虫}は{丸}みを[帯]びた{姿}をしている。,かぶと{むし}は{まる}みを[お]びた{すがた}をしている。,Beetles have a rounded shape.,Los escarabajos tienen una forma redondeada.
4,帯,おび,{着物}の[帯]をきつくしめ{直}す。,{きもの}の[おび]をきつくしめ{なお}す。,Tighten the obi of the kimono again.,Vuelve a apretar el obi del kimono.
4,帯,たい,{海岸地}[帯]にある{街}が{本}で{取}り{上}げられる。,{かいがんち}[たい]にある{まち}が{ほん}で{と}り{あ}げられる。,A book features a town on the coast.,Un libro presenta un pueblo de la costa.
4,底,そこ,ぬまの[底]からカッパが{現}れた。,ぬまの[そこ]からカッパが{あらわ}れた。,A raincoat appeared from the bottom of the mud.,Un impermeable apareció desde el fondo del barro.
4,底,てい,[底]{辺}と{高}さから{四角形}の{面積}を{計算}する。,[てい]{へん}と{たか}さから{よんかくけい}の{めんせき}を{けいさん}する。,Calculate the area of ​​a rectangle from its base and height.,Calcula el área de un rectángulo a partir de su base y altura.
4,府,ふ,{政}[府]がきん{急事態宣言}を{出}した。,{せい}[ふ]がきん{きゅうじたいせんげん}を{だ}した。,The government has declared a state of emergency.,El gobierno ha declarado el estado de emergencia.
4,康,こう,{健}[康]に{気}をつけて{規則正}しい{生活}をする。,{けん}[こう]に{き}をつけて{きそくただ}しい{せいかつ}をする。,Take care of your health and lead a regular life.,Cuida tu salud y lleva una vida normal.
4,建,けん,{近所}に{大}きなマンションが[建]{設}される。,{きんじょ}に{おお}きなマンションが[けん]{せつ}される。,A large condominium is being built nearby.,Cerca se está construyendo un gran condominio.
4,建,た,ずっと{空}き{地}だったところに{家}が[建]つ。,ずっと{あ}き{ち}だったところに{いえ}が[た]つ。,A house is being built on what was a vacant lot for a long time.,Se está construyendo una casa en lo que durante mucho tiempo estuvo baldío.
4,径,けい,{円}の{直}[径]から、その{円}の{外周}を{計算}する。,{えん}の{ちょっ}[けい]から、その{えん}の{がいしゅう}を{けいさん}する。,Calculate the circumference of a circle from its diameter.,Calcula la circunferencia de un círculo a partir de su diámetro.
4,徒,と,{宗教}の{信}[徒]たちが{教会}に{集}まる。,{しゅうきょう}の{しん}[と]たちが{きょうかい}に{あつ}まる。,Religious believers gather at church.,Los creyentes religiosos se reúnen en la iglesia.
4,必,かなら,{明日}こそ、{本}を{返}してね。[必]ずだよ。,{あす}こそ、{ほん}を{かえ}してね。[かなら]ずだよ。,Please return the book tomorrow. Definitely.,Por favor devuelve el libro mañana. Definitivamente.
4,必,ひつ,{料理}に[必]{要}なものを{買}いそろえる。,{りょうり}に[ひつ]{よう}なものを{か}いそろえる。,Buy everything you need for cooking.,Compra todo lo que necesitas para cocinar.
4,念,ねん,[念]{力}で、{曲}がったスプーンを{直}す。,[ねん]{りき}で、{ま}がったスプーンを{なお}す。,Use telekinesis to fix a bent spoon.,Usa la telequinesis para arreglar una cuchara doblada.
4,愛,あい,{誕生日}にもらったペンを[愛]{用}している。,{たんじょうび}にもらったペンを[あい]{よう}している。,I love the pen I received for my birthday.,Me encanta el bolígrafo que recibí por mi cumpleaños.
4,成,せい,{今学期}は{良}い[成]{績}で、{親}にほめてもらえた。,{こんがっき}は{よ}い[せい]{せき}で、{おや}にほめてもらえた。,I got good grades this semester and was praised by my parents.,Obtuve buenas calificaciones este semestre y mis padres me elogiaron.
4,成,な,ボランティアは{善意}によって[成]り{立}っている。,ボランティアは{ぜんい}によって[な]り{た}っている。,Volunteer work is based on goodwill.,El trabajo voluntario se basa en la buena voluntad.
4,戦,せん,サッカーの{作}[戦]を{立}てる。,サッカーの{さく}[せん]を{た}てる。,Develop a soccer strategy.,Desarrollar una estrategia de fútbol.
4,戦,たたか,チャンピオンの{座}をかけて[戦]う。,チャンピオンの{ざ}をかけて[たたか]う。,Fight for the title of champion.,Lucha por el título de campeón.
4,折,お,{針金}を[折]り{曲}げる。,{はりがね}を[お]り{ま}げる。,Bend the wire.,Dobla el alambre.
4,折,おり,ひまなときに[折]よく、{遊}びにさそわれる。,ひまなときに[おり]よく、{あそ}びにさそわれる。,"Occasionally, when I have free time, I am tempted to play.","De vez en cuando, cuando tengo tiempo libre, me siento tentado a jugar."
4,折,せつ,{信号}の{前}で{右}[折]してコンビニに{入}る。,{しんごう}の{まえ}で{う}[せつ]してコンビニに{はい}る。,Turn right in front of the traffic light and enter the convenience store.,Gire a la derecha frente al semáforo y entre a la tienda de conveniencia.
4,挙,あ,{左右}を{確認}して、{手}を[挙]げて{横断歩道}をわたる。,{さゆう}を{かくにん}して、{て}を[あ]げて{おうだんほどう}をわたる。,Look both ways and raise your hands to cross the crosswalk.,Mire a ambos lados y levante la mano para cruzar el paso de peatones.
4,改,あらた,{母}におこられて、{態度}を[改]める。,{はは}におこられて、{たいど}を[あらた]める。,"When my mother gets mad at me, I change my attitude.","Cuando mi madre se enoja conmigo, cambio de actitud."
4,改,かい,{正義}のヒーローのおかげで、{悪人}が[改]{心}した。,{せいぎ}のヒーローのおかげで、{あくにん}が[かい]{しん}した。,"Thanks to the hero of justice, the villain was reformed.","Gracias al héroe de la justicia, el villano se reformó."
4,敗,はい,{戦}いに[敗]{北}した{武将}がにげだす。,{たたか}いに[はい]{ぼく}した{ぶしょう}がにげだす。,A military commander who is defeated in battle flees.,Un comandante militar que es derrotado en batalla huye.
4,敗,やぶ,ヘビー{級王者}にいどむも[敗]れてしまった。,ヘビー{きゅうおうじゃ}にいどむも[やぶ]れてしまった。,Idomu lost to the heavyweight champion.,Idomu perdió ante el campeón de peso pesado.
4,散,さん,{庭}に{殺虫}ざいを[散]{布}する。,{にわ}に{さっちゅう}ざいを[さん]{ぷ}する。,Spray the garden with insecticide.,Rocíe el jardín con insecticida.
4,散,ち,{片付}けたばかりの{部屋}を[散]らかす。,{かたづ}けたばかりの{へや}を[ち]らかす。,Make a mess in the room you just cleaned.,Haz un desastre en la habitación que acabas de limpiar.
4,料,りょう,[料]{金}をはらって{高速道路}から{出}る。,[りょう]{きん}をはらって{こうそくどうろ}から{で}る。,Pay the toll and exit the expressway.,Pague el peaje y salga de la autopista.
4,旗,き,{色々}な{国}の{国}[旗]を{調}べる。,{いろいろ}な{くに}の{こっ}[き]を{しら}べる。,Look up the flags of various countries.,Busca las banderas de varios países.
4,旗,はた,{人類}が{初}めて{月}に{着}いたときに、[旗]が{立}てられた。,{じんるい}が{はじ}めて{つき}に{つ}いたときに、[はた]が{た}てられた。,The flag was erected when humans first landed on the moon.,La bandera se erigió cuando los humanos llegaron por primera vez a la luna.
4,昨,さく,[昨]{夜}は{風}の{音}がうるさくてねむれなかった。,[さく]{や}は{かぜ}の{おと}がうるさくてねむれなかった。,Last night I couldn't sleep because the wind was so loud.,Anoche no pude dormir porque el viento era muy fuerte.
4,最,さい,{勉強}の[最]{中}にじゃまをされておこる。,{べんきょう}の[さい]{ちゅう}にじゃまをされておこる。,I get interrupted while studying.,Me interrumpen mientras estudio.
4,最,もっと,お{店}の{中}で[最]も{大}きなスイカを{買}って{帰}る。,お{みせ}の{なか}で[もっと]も{おお}きなスイカを{か}って{かえ}る。,I bought the biggest watermelon in the store and took it home.,Compré la sandía más grande de la tienda y me la llevé a casa.
4,望,のぞ,あなたの[望]みを{三}つまでかなえましょう。,あなたの[のぞ]みを{みっ}つまでかなえましょう。,Let us make up to three of your wishes come true.,Hagamos realidad hasta tres de tus deseos.
4,望,ぼう,アンケートで{客}からの{要}[望]を{聞}く。,アンケートで{きゃく}からの{よう}[ぼう]を{き}く。,Listen to customer requests through surveys.,Escuche las solicitudes de los clientes a través de encuestas.
4,未,み,{宇宙飛行士}が[未]{知}のわく{星}に{降}り{立}つ。,{うちゅうひこうし}が[み]{ち}のわく{ほし}に{お}り{た}つ。,An astronaut lands on an unknown planet.,Un astronauta aterriza en un planeta desconocido.
4,末,すえ,うちの[末]っ{子}はまだ{三才}だ。,うちの[すえ]っ{こ}はまだ{さんさい}だ。,My youngest child is only three years old.,Mi hijo menor tiene sólo tres años.
4,末,まつ,まっ{茶}の{粉}[末]がかかったスイーツを{食}べる。,まっ{ちゃ}の{ふん}[まつ]がかかったスイーツを{た}べる。,Eating sweets sprinkled with matcha powder.,Comer dulces espolvoreados con polvo de matcha.
4,札,さつ,{改}[札]の{前}できっぷを{取}り{出}す。,{かい}[さつ]の{まえ}できっぷを{と}り{だ}す。,Take out your ticket in front of the ticket gate.,Saque su boleto frente a la taquilla.
4,札,ふだ,{名}[札]を{見}てその{人}の{名前}を{覚}える。,{な}[ふだ]を{み}てその{ひと}の{なまえ}を{おぼ}える。,Look at the name tag and remember the person's name.,Mire la etiqueta con el nombre y recuerde el nombre de la persona.
4,材,ざい,{新聞記者}から{取}[材]を{受}ける。,{しんぶんきしゃ}から{しゅ}[ざい]を{う}ける。,Interviewed by a newspaper reporter.,Entrevistado por un periodista.
4,束,そく,{練習}の{中}でチームの{結}[束]が{強}くなる。,{れんしゅう}の{なか}でチームの{けっ}[そく]が{つよ}くなる。,The team bond becomes stronger during practice.,El vínculo del equipo se fortalece durante la práctica.
4,束,たば,コードの{余}った{部分}を[束]ねておく。,コードの{あま}った{ぶぶん}を[たば]ねておく。,Bundle up the excess cord.,Agrupe el exceso de cable.
4,松,しょう,[松]・{竹}・{梅}の{中}からコースを{選}ぶ。,[しょう]・{ちく}・{ばい}の{なか}からコースを{えら}ぶ。,"Choose a course from pine, bamboo, or plum.","Elija un plato entre pino, bambú o ciruelo."
4,松,まつ,ぼんさいで[松]の{木}を{育}てる。,ぼんさいで[まつ]の{き}を{そだ}てる。,Grow pine trees with Bonsai.,Cultiva pinos con Bonsai.
4,果,か,[果]{樹園}でしぼりたてのジュースを{買}う。,[か]{じゅえん}でしぼりたてのジュースを{か}う。,Buy freshly squeezed juice at the orchard.,Compra jugo recién exprimido en el huerto.
4,果,は,くじ{引}きの{屋台}でおこづかいを{使}い[果]たす。,くじ{び}きの{やたい}でおこづかいを{つか}い[は]たす。,Use up your allowance at the lottery stall.,Utilice su asignación en el puesto de lotería.
4,栃,とち,{今}は[栃]{木県}に{住}んでいるが、{出身}は{東京}だ。,{いま}は[とち]{ぎけん}に{す}んでいるが、{しゅっしん}は{とうきょう}だ。,"I currently live in Tochigi Prefecture, but I am originally from Tokyo.","Actualmente vivo en la prefectura de Tochigi, pero soy originario de Tokio."
4,栄,えい,おかしばかりじゃなくて、もっと[栄]{養}のあるものも{食}べなさい。,おかしばかりじゃなくて、もっと[えい]{よう}のあるものも{た}べなさい。,"Don't just eat snacks, eat something more nutritious.","No te limites a comer snacks, come algo más nutritivo."
4,栄,さか,あの{街}は{観光名所}が{出来}てから、{急激}に[栄]えた。,あの{まち}は{かんこうめいしょ}が{でき}てから、{きゅうげき}に[さか]えた。,"After that town became a tourist attraction, it rapidly prospered.","Después de que esa ciudad se convirtiera en una atracción turística, prosperó rápidamente."
4,案,あん,ツアー{旅行}でガイドさんに[案]{内}してもらう。,ツアー{りょこう}でガイドさんに[あん]{ない}してもらう。,Ask a guide to guide you on a tour trip.,Pídele a un guía que te guíe en un viaje turístico.
4,梅,うめ,[梅]{干}し{入}りのおにぎりを{食}べる。,[うめ]{ぼ}し{い}りのおにぎりを{た}べる。,Eating rice balls with pickled plums.,Comer bolas de arroz con ciruelas encurtidas.
4,梅,ばい,[梅]{林}の{中}をのんびり{歩}く。,[ばい]{りん}の{なか}をのんびり{ある}く。,Take a leisurely walk through the plum grove.,Dé un paseo tranquilo por el ciruelo.
4,械,かい,とても{大}きな{機}[械]が{動}いている。,とても{おお}きな{き}[かい]が{うご}いている。,A very large machine is moving.,Una máquina muy grande se está moviendo.
4,極,きょく,{積}[極]{的}に{発表}していることを{先生}にほめられた。,{せっ}[きょく]{てき}に{はっぴょう}していることを{せんせい}にほめられた。,My teacher praised my active presentation.,Mi profesor elogió mi presentación activa.
4,標,ひょう,クマの[標]{本}が{展示}されている。,クマの[ひょう]{ほん}が{てんじ}されている。,Specimens of bears are on display.,Se exhiben ejemplares de osos.
4,機,き,この{電子}レンジにはたくさんの[機]{能}が{付}いている。,この{でんし}レンジにはたくさんの[き]{のう}が{つ}いている。,This microwave oven has many functions.,Este horno microondas tiene muchas funciones.
4,欠,か,ゆかに{落}としてお{皿}が[欠]けてしまった。,ゆかに{お}としてお{さら}が[か]けてしまった。,I dropped it in the water and the plate got chipped.,Lo tiré al agua y el plato se partió.
4,欠,けつ,{花}を{大}きく{育}てるには{水}と{日光}が{必要不可}[欠]だ。,{はな}を{おお}きく{そだ}てるには{みず}と{にっこう}が{ひつようふか}[けつ]だ。,Water and sunlight are essential for flowers to grow.,El agua y la luz del sol son esenciales para que crezcan las flores.
4,残,のこ,[残]っている。,[のこ]っている。,It remains.,Queda.
4,残,ざん,{大会}で{優勝}できなくてとても[残]{念}だ。,{たいかい}で{ゆうしょう}できなくてとても[ざん]{ねん}だ。,I'm very disappointed that I couldn't win the tournament.,Estoy muy decepcionado por no haber podido ganar el torneo.
4,残,のこ,おかしを{食}べ{過}ぎて{晩}ごはんを[残]した。,おかしを{た}べ{す}ぎて{ばん}ごはんを[のこ]した。,I ate too much snacks and left dinner behind.,Comí demasiados bocadillos y dejé la cena.
4,氏,し,{受付}の{人}に{自分}の[氏]{名}を{伝}える。,{うけつけ}の{ひと}に{じぶん}の[し]{めい}を{つた}える。,Tell the receptionist your name.,Dile a la recepcionista tu nombre.
4,民,みん,{市}[民]ホールでコンサートが{開}かれる。,{し}[みん]ホールでコンサートが{ひら}かれる。,A concert will be held at the Municipal Hall.,Se realizará un concierto en el Salón Municipal.
4,求,きゅう,ゆうかい{犯}からお{金}を{要}[求]される。,ゆうかい{はん}からお{かね}を{よう}[きゅう]される。,A thief demands money.,Un ladrón exige dinero.
4,求,もと,{年末}はおもちを{買}い[求]める{人}が{多}くなる。,{ねんまつ}はおもちを{か}い[もと]める{ひと}が{おお}くなる。,"At the end of the year, many people buy mochi.","Al final del año, mucha gente compra mochi."
4,沖,おき,{修学旅行}の{行}き{先}は[沖]{縄}だ。,{しゅうがくりょこう}の{い}き{さき}は[おき]{なわ}だ。,The destination of the school trip is Okinawa.,El destino del viaje escolar es Okinawa.
4,治,おさ,{王様}によって{国}が[治]められる。,{おうさま}によって{くに}が[おさ]められる。,The country is ruled by a king.,El país está gobernado por un rey.
4,治,じ,{政}[治]に{関心}を{持}つ。,{せい}[じ]に{かんしん}を{も}つ。,Interested in politics.,Interesado en la política.
4,治,ち,{病院}でケガを[治]りょうしてもらう。,{びょういん}でケガを[ち]りょうしてもらう。,Get your injuries treated at the hospital.,Trate sus lesiones en el hospital.
4,治,なお,ばんそうこうをはって{自然}に[治]るのを{待}つ。,ばんそうこうをはって{しぜん}に[なお]るのを{ま}つ。,Put on a bandage and wait for it to heal naturally.,Colóquese una venda y espere a que sane de forma natural.
4,法,ほう,{薬}は{用}[法]・{用量}を{守}ってお{飲}みください。,{くすり}は{よう}[ほう]・{ようりょう}を{まも}ってお{の}みください。,Please take the medicine according to the directions and dosage.,Tome el medicamento según las instrucciones y la dosis.
4,泣,な,{映画}を{見}て{思}わず[泣]いてしまった。,{えいが}を{み}て{おも}わず[な]いてしまった。,I burst into tears when I saw the movie.,Me eché a llorar cuando vi la película.
4,浅,あさ,{海}の[浅]いところで{遊}ぶ。,{うみ}の[あさ]いところで{あそ}ぶ。,Play in the shallows of the sea.,Juega en las aguas poco profundas del mar.
4,浴,あ,{川}で{野鳥}が{水}を[浴]びている。,{かわ}で{やちょう}が{みず}を[あ]びている。,Wild birds are bathing in the river.,Los pájaros salvajes se bañan en el río.
4,浴,あ,{記者会見}で{政治家}に{次々}と{質問}が[浴]びせられる。,{きしゃかいけん}で{せいじか}に{つぎつぎ}と{しつもん}が[あ]びせられる。,"At press conferences, politicians are bombarded with questions one after another.","En las ruedas de prensa, los políticos son bombardeados con preguntas una tras otra."
4,浴,よく,{来週}、みんなで{海水}[浴]に{行}かない？,{らいしゅう}、みんなで{かいすい}[よく]に{い}かない？,Shall we all go swimming at the beach next week?,¿Vamos todos a nadar a la playa la semana que viene?
4,清,きよ,{家}の{前}をほうきではき[清]める。,{いえ}の{まえ}をほうきではき[きよ]める。,Clean the front of your house with a broom.,Limpia el frente de tu casa con una escoba.
4,清,せい,{下書}きした{文章}をペンで[清]{書}する。,{したが}きした{ぶんしょう}をペンで[せい]{しょ}する。,Clean up the drafted text with a pen.,Limpia el texto redactado con un bolígrafo.
4,満,まん,{朝}の[満]{員電車}に{乗}りこむ。,{あさ}の[まん]{いんでんしゃ}に{の}りこむ。,Climb onto a crowded train in the morning.,Sube a un tren lleno de gente por la mañana.
4,満,み,{水}とうの{中}をジュースで[満]たす。,{すい}とうの{なか}をジュースで[み]たす。,Fill the water container with juice.,Llene el recipiente de agua con jugo.
4,満,み,{自信}に[満]ちた{態度}で{演説}をする。,{じしん}に[み]ちた{たいど}で{えんぜつ}をする。,Deliver your speech in a confident manner.,Pronuncia tu discurso con confianza.
4,滋,しが,テレビで[滋]{賀県}の{方言}を{知}った。,テレビで[しが]{けん}の{ほうげん}を{し}った。,I learned about the dialect of Shiga Prefecture on TV.,Aprendí sobre el dialecto de la prefectura de Shiga por televisión.
4,漁,ぎょ,{明治時代}は[漁]{村}だったのが{発展}して、{今}の{町}になった。,{めいじじだい}は[ぎょ]{そん}だったのが{はってん}して、{いま}の{まち}になった。,"It was a fishing village during the Meiji period, but it developed into the town it is today.","Fue un pueblo de pescadores durante el período Meiji, pero se convirtió en la ciudad que es hoy."
4,漁,ぎょ,[漁]{船}が{大漁旗}をあげて{帰}ってきた。,[ぎょ]{せん}が{たいりょうき}をあげて{かえ}ってきた。,The fishing boat returned with the flag of a big catch.,El pesquero regresó con la bandera de una gran pesca.
4,潟,がた,{新}[潟]{県}の{親}せきから{新米}が{届}いた。,{にい}[がた]{けん}の{しん}せきから{しんまい}が{とど}いた。,New rice arrived from relatives in Niigata Prefecture.,Llegó arroz nuevo de familiares en la prefectura de Niigata.
4,灯,とう,[灯]{台}の{光}をたよりにして{船}を{進}める。,[とう]{だい}の{ひかり}をたよりにして{ふね}を{すす}める。,Navigate the ship by relying on the light from the lighthouse.,Navega el barco confiando en la luz del faro.
4,無,な,{先生}が{休}んで、{今日}の{小}テストが[無]くなる。,{せんせい}が{やす}んで、{きょう}の{しょう}テストが[な]くなる。,The teacher is absent and there will be no quiz today.,El profesor está ausente y hoy no habrá examen.
4,無,ぶ,{火事}が{起}こりかけたが、[無]{事}に{消火}された。,{かじ}が{お}こりかけたが、[ぶ]{じ}に{しょうか}された。,"A fire almost broke out, but it was successfully extinguished.","Casi se produjo un incendio, pero fue extinguido con éxito."
4,無,む,{気}まずいふんいきで[無]{言}になる。,{き}まずいふんいきで[む]{ごん}になる。,It's awkward and I'm speechless.,Es incómodo y me quedo sin palabras.
4,然,ぜん,テレビがとつ[然]こわれてしまう。,テレビがとつ[ぜん]こわれてしまう。,The TV suddenly breaks.,El televisor se estropea de repente.
4,然,ねん,{天}[然]の{温泉}に{入}りに{行}く。,{てん}[ねん]の{おんせん}に{はい}りに{い}く。,Go to a natural hot spring.,Ir a una fuente termal natural.
4,焼,や,{朝}ごはんに{目玉}[焼]きを{食}べる。,{あさ}ごはんに{めだま}[や]きを{た}べる。,I eat fried eggs for breakfast.,Como huevos fritos en el desayuno.
4,照,しょう,{暗}くなってきたので[照]{明}をつける。,{くら}くなってきたので[しょう]{めい}をつける。,"It's getting dark, so I turn on the lights.","Está oscureciendo, así que enciendo las luces."
4,照,て,かのじょは[照]れ{屋}ですぐ{顔}が{赤}くなる。,かのじょは[て]れ{や}ですぐ{かお}が{あか}くなる。,Kanojo is shy and her face turns red easily.,Kanojo es tímida y su cara se pone roja fácilmente.
4,熊,くま,{白}[熊]がいるのは{南極}だったっけ？,{しろ}[くま]がいるのは{なんきょく}だったっけ？,Were there polar bears in Antarctica?,¿Había osos polares en la Antártida?
4,熱,ねつ,しゅみのバスケに{情}[熱]を{燃}やす。,しゅみのバスケに{じょう}[ねつ]を{も}やす。,Passionate about Shumi's basketball.,Apasionado del baloncesto de Shumi.
4,牧,ぼく,{教会}の[牧]{師}さんになやみを{相談}する。,{きょうかい}の[ぼく]{し}さんになやみを{そうだん}する。,Talk to your church pastor about your concerns.,Hable con el pastor de su iglesia sobre sus inquietudes.
4,特,とく,{旅行先}の[特]{産品}を{使}ったおかしを{食}べる。,{りょこうさき}の[とく]{さんひん}を{つか}ったおかしを{た}べる。,Eat snacks made with special products from your travel destination.,Come snacks elaborados con productos especiales de tu destino de viaje.
4,産,う,ウミガメがなみだを{流}しながら{卵}を[産]む。,ウミガメがなみだを{なが}しながら{たまご}を[う]む。,A sea turtle lays eggs while shedding water.,Una tortuga marina pone huevos mientras vierte agua.
4,産,さん,{現代}はインターネット{関連}の[産]{業}が{多}い。,{げんだい}はインターネット{かんれん}の[さん]{ぎょう}が{おお}い。,"Nowadays, there are many industries related to the Internet.",Hoy en día existen muchas industrias relacionadas con Internet.
4,的,てき,うらない{師}の{予言}が[的]{中}する。,うらない{し}の{よげん}が[てき]{ちゅう}する。,Master's prediction comes true.,La predicción del Maestro se hace realidad.
4,的,まと,{話}を{聞}かず、[的]はずれなことを{言}ってしまう。,{はなし}を{き}かず、[まと]はずれなことを{い}ってしまう。,They don't listen and say things that are off topic.,No escuchan y dicen cosas que están fuera de tema.
4,省,しょう,{長}い{話}を[省]{略}して{説明}する。,{なが}い{はなし}を[しょう]{りゃく}して{せつめい}する。,I'll omit the long story and explain.,Omitiré la larga historia y la explicaré.
4,省,せい,{反}[省]{文}を{書}く。,{はん}[せい]{ぶん}を{か}く。,Write a reflection.,Escribe una reflexión.
4,省,はぶ,{余計}な{手間}を[省]いて{作業}する。,{よけい}な{てま}を[はぶ]いて{さぎょう}する。,Work without unnecessary hassle.,Trabaje sin molestias innecesarias.
4,祝,いわ,{大会}の{優勝}をみんなでお[祝]いする。,{たいかい}の{ゆうしょう}をみんなでお[いわ]いする。,We all congratulate each other on winning the tournament.,Todos nos felicitamos por ganar el torneo.
4,祝,しゅく,{友達}のけっこんを[祝]{福}する。,{ともだち}のけっこんを[しゅく]{ふく}する。,Celebrate your friend's birthday.,Celebra el cumpleaños de tu amigo.
4,票,ひょう,{信}らいできる{人}に{投}[票]する。,{しん}らいできる{ひと}に{とう}[ひょう]する。,Vote for people you trust.,Vota por personas en las que confías.
4,種,しゅ,いろいろな[種]{類}の{薬品}を{調合}する。,いろいろな[しゅ]{るい}の{やくひん}を{ちょうごう}する。,Mix various types of drugs.,Mezcla varios tipos de drogas.
4,種,たね,{庭}に{花}の[種]をたくさんまく。,{にわ}に{はな}の[たね]をたくさんまく。,Sow lots of flower seeds in the garden.,Siembre muchas semillas de flores en el jardín.
4,積,せき,{一番面}[積]が{広}い{部屋}にテレビを{置}く。,{いちばんめん}[せき]が{ひろ}い{へや}にテレビを{お}く。,Place the TV in the room with the largest area.,Coloque el televisor en la habitación con mayor superficie.
4,積,つ,{雪}が[積]もって{歩}きづらくなる。,{ゆき}が[つ]もって{ある}きづらくなる。,The snow piles up and makes it difficult to walk.,La nieve se acumula y dificulta el paso.
4,競,きょう,{友達}と{計算}の{速}さで[競]{争}する。,{ともだち}と{けいさん}の{はや}さで[きょう]{そう}する。,Compete with your friends in calculation speed.,Compite con tus amigos en velocidad de cálculo.
4,競,けい,この{牧場}では[競]{馬}に{出}る{馬}を{育}てている。,この{ぼくじょう}では[けい]{ば}に{で}る{うま}を{そだ}てている。,This farm raises horses that compete in races.,Esta finca cría caballos que compiten en carreras.
4,笑,わら,となりの{教室}から[笑]い{声}が{聞}こえてきた。,となりの{きょうしつ}から[わら]い{ごえ}が{き}こえてきた。,Laughter could be heard coming from the classroom next door.,Se podían escuchar risas provenientes del salón de al lado.
4,管,かん,[管]{制}とうが{飛行機}のパイロットに{指示}する。,[かん]{せい}とうが{ひこうき}のパイロットに{しじ}する。,Air traffic control gives instructions to the pilot of the plane.,El control de tráfico aéreo da instrucciones al piloto del avión.
4,管,くだ,{古}い[管]を{新品}のホースに{取}りかえる。,{ふる}い[くだ]を{しんぴん}のホースに{と}りかえる。,Replace the old pipe with a new hose.,Reemplace la tubería vieja con una manguera nueva.
4,節,せつ,おこづかいを[節]{約}して{貯金}する。,おこづかいを[せつ]{やく}して{ちょきん}する。,Save money and save money.,Ahorre dinero y ahorre dinero.
4,節,ふし,{四月}は{学年}が{変}わる[節]{目}の{時期}だ。,{よんがつ}は{がくねん}が{か}わる[ふし]{め}の{じき}だ。,April is a turning point when the school year changes.,Abril es un punto de inflexión cuando cambia el año escolar.
4,約,やく,ネットでホテルを{予}[約]する。,ネットでホテルを{よ}[やく]する。,Book a hotel online.,Reserva un hotel en línea.
4,結,けつ,{書}いていた{物語}を{完}[結]させる。,{か}いていた{ものがたり}を{かん}[けつ]させる。,Finish the story you were writing.,Termina la historia que estabas escribiendo.
4,結,むす,リレーの{前}にくつひもをしっかり[結]んでおく。,リレーの{まえ}にくつひもをしっかり[むす]んでおく。,Tie the shoelaces securely before the relay.,Ate los cordones de forma segura antes del relevo.
4,給,きゅう,ガソリンスタンドで{車}に[給]{油}する。,ガソリンスタンドで{くるま}に[きゅう]{ゆ}する。,Refuel your car at a gas station.,Reposta combustible en tu coche en una gasolinera.
4,続,ぞく,{大人気映画}の[続]{編}が{公開}される。,{だいにんきえいが}の[ぞく]{へん}が{こうかい}される。,A sequel to the popular movie will be released.,Se estrenará una secuela de la popular película.
4,続,つづ,カラオケで{二時間}のあいだ{歌}い[続]ける。,カラオケで{にじかん}のあいだ{うた}い[つづ]ける。,Singing at karaoke for two hours straight.,Cantar en karaoke durante dos horas seguidas.
4,縄,なわ,[縄]とびの{難}しいわざを{身}につけた。,[なわ]とびの{むずか}しいわざを{み}につけた。,I learned the difficult skill of jumping rope.,Aprendí la difícil habilidad de saltar la cuerda.
4,置,お,テーブルの{上}にお{皿}とコップを[置]く。,テーブルの{うえ}にお{さら}とコップを[お]く。,Place the plate and cup on the table.,Coloca el plato y la taza sobre la mesa.
4,置,ち,{机}がボロボロのまま{放}[置]されている。,{つくえ}がボロボロのまま{ほう}[ち]されている。,The desk was left in a dilapidated state.,El escritorio quedó en estado ruinoso.
4,群,ぐん,[群]{馬県}はこんにゃくの{生産量}が{全国一位}だ。,[ぐん]{まけん}はこんにゃくの{せいさんりょう}が{ぜんこくいちい}だ。,Gunma Prefecture ranks first in the nation in konnyaku production.,La prefectura de Gunma ocupa el primer lugar del país en producción de konnyaku.
4,群,む,ゾウは[群]れを{作}って{暮}らしている。,ゾウは[む]れを{つく}って{く}らしている。,Elephants live in herds.,Los elefantes viven en manadas.
4,群,むら,セール{品}に{買}い{物客}が[群]がる。,セール{ひん}に{か}い{ものきゃく}が[むら]がる。,Shoppers flock to the sale items.,Los compradores acuden en masa a los artículos en oferta.
4,老,お,{年}[老]いて{激}しい{運動}ができなくなる。,{とし}[お]いて{はげ}しい{うんどう}ができなくなる。,"As you get older, you won't be able to do strenuous exercise anymore.","A medida que envejezcas, ya no podrás hacer ejercicio extenuante."
4,老,ろう,{道}ばたの[老]{人}に{道}をたずねる。,{みち}ばたの[ろう]{じん}に{みち}をたずねる。,Ask an old man on the roadside for directions.,Pídele direcciones a un anciano al costado de la carretera.
4,臣,しん,{王}さまが[臣]{下}たちに{命令}する。,{おう}さまが[しん]{か}たちに{めいれい}する。,The king gives orders to his subjects.,El rey da órdenes a sus súbditos.
4,臣,じん,{総理大}[臣]が{中心}になって{会議}が{行}われる。,{そうりだい}[じん]が{ちゅうしん}になって{かいぎ}が{おこな}われる。,The meeting is led by the Prime Minister.,La reunión está encabezada por el Primer Ministro.
4,良,りょう,{不}[良]{同士}のけんかに{巻}きこまれる。,{ふ}[りょう]{どうし}のけんかに{ま}きこまれる。,Gets caught up in a fight between delinquents.,Se ve envuelto en una pelea entre delincuentes.
4,芸,げい,サーカスではいろいろな{曲}[芸]が{見}られて{楽}しかった。,サーカスではいろいろな{きょく}[げい]が{み}られて{たの}しかった。,It was fun to see all kinds of acrobatics at the circus.,Fue divertido ver todo tipo de acrobacias en el circo.
4,芽,が,{昨日植}えた{種}がもう{発}[芽]していた。,{きのうう}えた{たね}がもう{はつ}[が]していた。,The seeds I planted yesterday have already germinated.,Las semillas que planté ayer ya germinaron.
4,芽,め,{学級委員}になって、{責任感}が[芽]{生}える。,{がっきゅういいん}になって、{せきにんかん}が[め]{ば}える。,Becoming a class representative gives you a sense of responsibility.,Convertirse en representante de la clase le da un sentido de responsabilidad.
4,英,えい,{上手}に[英]{語}を{話}せる{人}には、すごくあこがれる。,{じょうず}に[えい]{ご}を{はな}せる{ひと}には、すごくあこがれる。,I really admire people who can speak English well.,Realmente admiro a las personas que hablan bien inglés.
4,茨,いばらき,{外国旅行}から、{家}のある[茨]{城県}に{帰}る。,{がいこくりょこう}から、{いえ}のある[いばらき]{けん}に{かえ}る。,"After traveling abroad, I returned to my home in Ibaraki Prefecture.","Después de viajar al extranjero, regresé a mi casa en la prefectura de Ibaraki."
4,菜,さい,{山}[菜]を{採}りに{山}に{入}る。,{さん}[さい]を{と}りに{やま}に{はい}る。,Going into the mountains to pick wild vegetables.,Ir a las montañas a recoger hortalizas silvestres.
4,菜,な,{料理}に[菜]{種油}を{使}う。,{りょうり}に[な]{たねあぶら}を{つか}う。,Use rapeseed oil in cooking.,Utilice aceite de colza para cocinar.
4,街,がい,{夜}になって[街]{灯}が{光}るようになる。,{よる}になって[がい]{とう}が{ひか}るようになる。,"At night, the street lights come on.",Por la noche se encienden las luces de la calle.
4,街,まち,[街]のあちこちでお{祭}りの{音}がする。,[まち]のあちこちでお{まつ}りの{おと}がする。,The sounds of festivals can be heard all over the city.,Los sonidos de las fiestas se pueden escuchar por toda la ciudad.
4,衣,い,お{医者}さんが{白}[衣]をぬいで、{家}に{帰}った。,お{いしゃ}さんが{はく}[い]をぬいで、{いえ}に{かえ}った。,The doctor took off his white coat and went home.,El médico se quitó la bata blanca y se fue a casa.
4,要,かなめ,この{道路}は、この{街}の{交通}の[要]になっている。,この{どうろ}は、この{まち}の{こうつう}の[かなめ]になっている。,This road is the main transportation hub for this city.,Esta carretera es el principal centro de transporte de esta ciudad.
4,要,よう,{必}[要]なもののメモを{持}って{買}い{物}に{行}く。,{ひつ}[よう]なもののメモを{も}って{か}い{もの}に{い}く。,Go shopping with a note of what you need.,Ve de compras con una nota de lo que necesitas.
4,覚,おぼ,{漢字}の{読}み{方}を[覚]えるために{勉強}する。,{かんじ}の{よ}み{かた}を[おぼ]えるために{べんきょう}する。,Study to learn how to read kanji.,Estudia para aprender a leer kanji.
4,覚,かく,{悪}いくせを{自}[覚]して{直}そうとする。,{わる}いくせを{じ}[かく]して{なお}そうとする。,Be aware of your bad habits and try to correct them.,Sea consciente de sus malos hábitos y trate de corregirlos.
4,覚,さ,ねぼうしてお{昼}ごろに{目}を[覚]ました。,ねぼうしてお{ひる}ごろに{め}を[さ]ました。,I slept around and woke up around noon.,Dormí y me desperté alrededor del mediodía.
4,観,かん,ゆかりさんはいつも{楽}[観]{的}だ。,ゆかりさんはいつも{らっ}[かん]{てき}だ。,Yukari is always optimistic.,Yukari siempre es optimista.
4,訓,くん,この{問題}の{答}えは[訓]{読}みではありません。,この{もんだい}の{こた}えは[くん]{よ}みではありません。,The answer to this question is not Kunyoku.,La respuesta a esta pregunta no es Kunyoku.
4,試,こころ,{今}までにない{新}しい{方法}を[試]みる。,{いま}までにない{あたら}しい{ほうほう}を[こころ]みる。,Try new methods that have never been tried before.,Pruebe nuevos métodos que nunca antes se hayan probado.
4,試,し,サッカーの[試]{合}を{見}のがしてしまう。,サッカーの[し]{あい}を{み}のがしてしまう。,I miss watching the soccer match.,Extraño ver el partido de fútbol.
4,説,せつ,ある{地域}の{伝}[説]について{調}べる。,ある{ちいき}の{でん}[せつ]について{しら}べる。,Find out about the legends of a certain area.,Infórmate sobre las leyendas de una determinada zona.
4,説,と,{親}を[説]きふせて{遊}ぶ{許可}をもらう。,{おや}を[と]きふせて{あそ}ぶ{きょか}をもらう。,Convince your parents and get permission to play.,Convence a tus padres y obtén permiso para jugar.
4,課,か,{放}[課]{後}にコンビニに{寄}り{道}する。,{ほう}[か]{ご}にコンビニに{よ}り{みち}する。,I take a detour to a convenience store after school.,Tomo un desvío hacia una tienda de conveniencia después de la escuela.
4,議,ぎ,お{正月}に{不思}[議]な{夢}を{見}た。,お{しょうがつ}に{ふし}[ぎ]な{ゆめ}を{み}た。,I had a strange dream on New Year's Day.,Tuve un sueño extraño el día de Año Nuevo.
4,貨,か,{百}[貨]{店}でやっていたくじ{引}きで{当}たった。,{ひゃっ}[か]{てん}でやっていたくじ{び}きで{あ}たった。,I won a lottery at a department store.,Gané la lotería en unos grandes almacenes.
4,賀,が,{遠}くの{親}せきから{年}[賀]{状}が{届}く。,{とお}くの{しん}せきから{ねん}[が]{じょう}が{とど}く。,New Year's cards arrive from distant relatives.,Las tarjetas de Año Nuevo llegan de parientes lejanos.
4,軍,ぐん,[軍]{手}を{着}けて{畑}を{耕}す。,[ぐん]{て}を{つ}けて{はたけ}を{たがや}す。,Put on work gloves and plow the field.,Ponte guantes de trabajo y ara el campo.
4,輪,りん,たった{一}[輪]の{花}を{大切}に{育}てる。,たった{いち}[りん]の{はな}を{たいせつ}に{そだ}てる。,Cultivating just one flower with care.,Cultivar con cuidado una sola flor.
4,輪,わ,けっこん{指}[輪]を{差}し{出}してプロポーズする。,けっこん{ゆび}[わ]を{さ}し{だ}してプロポーズする。,Kekkon presents the ring and proposes.,Kekkon presenta el anillo y le propone matrimonio.
4,辞,じ,リーダーに{推}せんされたが、[辞]{退}した。,リーダーに{すい}せんされたが、[じ]{たい}した。,"I was recommended by the leader, but I declined.","El líder me recomendó, pero lo rechacé."
4,辺,あた,{目的地}はあのビルの[辺]りにある。,{もくてきち}はあのビルの[あた]りにある。,The destination is around that building.,El destino está alrededor de ese edificio.
4,辺,へん,ボールペン？その[辺]に{置}いといたよ。,ボールペン？その[へん]に{お}いといたよ。,Ballpoint pen? I left it there.,¿Bolígrafo? Lo dejé ahí.
4,辺,べ,{岸}[辺]で{海}をながめながら{思}いにふける。,{きし}[べ]で{うみ}をながめながら{おも}いにふける。,I am lost in thought while looking out at the sea from the shore.,Estoy perdido en mis pensamientos mientras miro el mar desde la orilla.
4,連,つ,おぼっちゃまがしつじを[連]れて{歩}いている。,おぼっちゃまがしつじを[つ]れて{ある}いている。,Obochama is walking with Shitsuji.,Obochama camina con Shitsuji.
4,連,つら,{遠}くまで[連]なっている{万里}の{長城}を{写真}にとる。,{とお}くまで[つら]なっている{ばんり}の{ちょうじょう}を{しゃしん}にとる。,Take photos of the Great Wall of China that stretches far into the distance.,Tome fotografías de la Gran Muralla China que se extiende a lo lejos.
4,連,れん,[連]{続}で{当}たりくじを{引}き{当}てる。,[れん]{ぞく}で{あ}たりくじを{ひ}き{あ}てる。,Draw a winning lottery ticket in a row.,Saque un billete de lotería ganador seguido.
4,達,たつ,{空手}の[達]{人}がかわらを{割}った。,{からて}の[たつ]{じん}がかわらを{わ}った。,The karate master broke the Kawara.,El maestro de karate rompió el Kawara.
4,選,えら,{自分}に{似合}う{服}を[選]んでもらう。,{じぶん}に{にあ}う{ふく}を[えら]んでもらう。,Let them choose clothes that suit them.,Que elijan la ropa que les quede bien.
4,選,せん,{書道}コンクールに{入}[選]した。,{しょどう}コンクールに{にゅう}[せん]した。,I won a calligraphy contest.,Gané un concurso de caligrafía.
4,郡,ぐん,{北海道}には、{百七十九}の{市町村}と、{六十四}の[郡]がある。,{ほっかいどう}には、{ひゃくななじゅうきゅう}の{しちょうそん}と、{むそし}の[ぐん]がある。,Hokkaido has 179 municipalities and 64 counties.,Hokkaido tiene 179 municipios y 64 condados.
4,量,はか,{健康}しん{断}で{体重}を[量]る。,{けんこう}しん{だん}で{たいじゅう}を[はか]る。,Weigh yourself with a healthy shear.,Pésese con una cizalla saludable.
4,量,りょう,{畑}から{大}[量]のじゃがいもがとれた。,{はたけ}から{たい}[りょう]のじゃがいもがとれた。,A large amount of potatoes were harvested from the field.,Se recogió una gran cantidad de patatas del campo.
4,録,ろく,バラエティ{番組}を[録]{画}する。,バラエティ{ばんぐみ}を[ろく]{が}する。,Record a variety show.,Graba un programa de variedades.
4,鏡,かがみ,[鏡]もちにカビが{生}えてしまった。,[かがみ]もちにカビが{は}えてしまった。,Mold has grown on the mirror holder.,Ha crecido moho en el soporte del espejo.
4,鏡,きょう,{望遠}[鏡]でだれも{知}らない{星}を{探}す。,{ぼうえん}[きょう]でだれも{し}らない{ほし}を{さが}す。,Use a telescope to find stars that no one knows about.,Utilice un telescopio para encontrar estrellas que nadie conoce.
4,関,かか,{前}に[関]わったことのある{人}から{手紙}が{届}いた。,{まえ}に[かか]わったことのある{ひと}から{てがみ}が{とど}いた。,I received a letter from someone I had worked with before.,Recibí una carta de alguien con quien había trabajado antes.
4,関,かん,いきなり[関]{係}ない{話}を{始}める。,いきなり[かん]{けい}ない{はなし}を{はじ}める。,Suddenly start talking about something unrelated.,De repente empieza a hablar de algo que no tiene relación.
4,関,せき,{巻}き{物}をぬすんだにん{者}が[関]{所}でつかまった。,{ま}き{もの}をぬすんだにん{じゃ}が[せき]{しょ}でつかまった。,The ninja who stole the scroll was caught at the checkpoint.,El ninja que robó el pergamino fue atrapado en el puesto de control.
4,阜,ぎふ,{岐}[阜]{城}は{信長}が{住}んでいた{城}として{有名}だ。,{}[ぎふ]{じょう}は{のぶな}が{がす}んでいた{しろ}として{ゆうめい}だ。,Gifu Castle is famous as the castle where Nobunaga lived.,El castillo de Gifu es famoso por ser el castillo donde vivió Nobunaga.
4,阪,おおさか,{大}[阪]は「{食}いだおれの{街}」と{言}われている。,{}[おおさか]は「{く}いだおれの{まち}」と{い}われている。,Osaka is said to be ``the city of foodies.'',"Se dice que Osaka es ""la ciudad de los amantes de la comida""."
4,陸,りく,{魚}が[陸]に{打}ち{上}げられる。,{さかな}が[りく]に{う}ち{あ}げられる。,Fish are washed ashore.,Los peces son arrastrados a la orilla.
4,静,しず,ねている{赤}ちゃんを[静]かに{運}ぶ。,ねている{あか}ちゃんを[しず]かに{はこ}ぶ。,Gently carry a sleeping baby.,Lleve con cuidado a un bebé dormido.
4,静,せい,{冬}はよく[静]{電気}が{起}こるからきらいだ。,{ふゆ}はよく[せい]{でんき}が{お}こるからきらいだ。,I don't like it in the winter because I often get static electricity.,No me gusta el invierno porque a menudo tengo electricidad estática.
4,順,じゅん,{教}えてもらった{道}[順]をメモする。,{おし}えてもらった{みち}[じゅん]をメモする。,Make a note of the directions given to you.,Tome nota de las instrucciones que le dieron.
4,願,ねが,{君}、{昨日}も{一生}のお[願]いって{言}ってたよね。,{きみ}、{きのう}も{いっしょう}のお[ねが]いって{い}ってたよね。,You said yesterday that you wanted me to do it for the rest of your life.,Ayer dijiste que querías que lo hiciera por el resto de tu vida.
4,類,たぐい,[類]まれな{才能}の{持}ち{主}と{話}す。,[たぐい]まれな{さいのう}の{も}ち{ぬし}と{はな}す。,Talk to people of extraordinary talent.,Habla con personas de extraordinario talento.
4,類,るい,{書}[類]をまとめてファイルに{入}れる。,{しょ}[るい]をまとめてファイルに{い}れる。,Gather documents and put them in a file.,Reúna los documentos y guárdelos en un archivo.
4,飛,と,テーブルにケチャップが[飛]び{散}る。,テーブルにケチャップが[と]び{ち}る。,Ketchup splatters on the table.,El ketchup salpica la mesa.
4,飛,ひ,[飛]{行機}に{乗}って{旅行}に{行}く。,[ひ]{こうき}に{の}って{りょこう}に{い}く。,Get on a plane and go on a trip.,Sube a un avión y emprende un viaje.
4,飯,はん,お{正月}に{赤}[飯]をたく。,お{しょうがつ}に{せき}[はん]をたく。,We make sekihan on New Year's Day.,Hacemos sekihan el día de Año Nuevo.
4,飯,めし,この{程度}のことなら、{朝}[飯]{前}だよ。,この{ていど}のことなら、{あさ}[めし]{まえ}だよ。,"If it's something like this, it's a piece of cake.","Si es algo como esto, es pan comido."
4,養,やしな,{会社}に{勤}めて{子}どもたちを[養]う。,{かいしゃ}に{つと}めて{こ}どもたちを[やしな]う。,I work at a company and support my children.,Trabajo en una empresa y mantengo a mis hijos.
4,養,よう,スポーツ{選手}が{病気}で{休}[養]する。,スポーツ{せんしゅ}が{びょうき}で{きゅう}[よう]する。,Athletes take time off due to illness.,Los deportistas se toman un tiempo libre por enfermedad.
4,香,か,[香]{川県}にはうどん{以外}にもいろいろな{名産品}がある。,[か]{がわけん}にはうどん{いがい}にもいろいろな{めいさんひん}がある。,Kagawa Prefecture has many other specialty products besides udon.,La prefectura de Kagawa tiene muchos otros productos especiales además del udon.
4,香,かお,この{通}りは{花屋}があるから、いつも{花}の[香]りがする。,この{とお}りは{はなや}があるから、いつも{はな}の[かお]りがする。,"There's a flower shop on this street, so it always smells like flowers.","Hay una floristería en esta calle, por lo que siempre huele a flores."
4,験,けん,{気合}を{入}れて{受}[験]{勉強}をする。,{きあい}を{い}れて{じゅ}[けん]{べんきょう}をする。,Study with enthusiasm for the entrance exam.,Estudia con entusiasmo para el examen de ingreso.
4,鹿,かごしま,[鹿]{児島県}から、{親}せきのおばさんが{遊}びに{来}た。,[かごしま]{けん}から、{しん}せきのおばさんが{あそ}びに{き}た。,A relative's aunt came to visit from Kagoshima Prefecture.,La tía de un familiar vino de visita desde la prefectura de Kagoshima.
4,鹿,しか,{奈良県}にはあちこちに[鹿]がいた。,{ならけん}にはあちこちに[しか]がいた。,There were deer everywhere in Nara Prefecture.,Había ciervos por todas partes en la prefectura de Nara.
5,久,きゅう,マラソンでは{持}[久]{力}が{試}される。,マラソンでは{じ}[きゅう]{りょく}が{ため}される。,A marathon tests your endurance.,Un maratón pone a prueba tu resistencia.
5,久,ひさ,{同窓会}で[久]しぶりに{友}だちに{会}う。,{どうそうかい}で[ひさ]しぶりに{とも}だちに{あ}う。,I met my friends for the first time in a while at a class reunion.,Conocí a mis amigos por primera vez en mucho tiempo en una reunión de clase.
5,仏,ぶつ,おそう{式}でおぼうさんが{念}[仏]を{唱}える。,おそう{しき}でおぼうさんが{ねん}[ぶつ]を{とな}える。,Obou-san chants the Nembutsu at the Oso Ceremony.,Obou-san canta el Nembutsu en la Ceremonia del Oso.
5,仏,ほとけ,[仏]{様}に{手}を{合}わせる。,[ほとけ]{さま}に{て}を{あ}わせる。,Put your hands on the Buddha.,Pon tus manos sobre el Buda.
5,仮,か,ハロウィンの{日}に、みんなで[仮]{装}して{集}まる。,ハロウィンの{ひ}に、みんなで[か]{そう}して{あつ}まる。,"On Halloween, everyone dresses up and gathers.","En Halloween, todos se disfrazan y se reúnen."
5,仮,かり,[仮]にこうだったらの、{例}え{話}をする。,[かり]にこうだったらの、{たと}え{ばなし}をする。,Let me give you an example of what would happen if this were the case.,Déjame darte un ejemplo de lo que pasaría si este fuera el caso.
5,件,けん,{先}に{勉強}することを{条}[件]に、{遊}ぶ{許可}をもらう。,{さき}に{べんきょう}することを{じょう}[けん]に、{あそ}ぶ{きょか}をもらう。,I was given permission to play on the condition that I study first.,Me dieron permiso para jugar con la condición de que primero estudiara.
5,任,にん,{自分}の{言葉}に{責}[任]を{持}とうとする。,{じぶん}の{ことば}に{せき}[にん]を{も}とうとする。,Try to take responsibility for your words.,Trate de asumir la responsabilidad de sus palabras.
5,任,まか,そうじ{当番}なのに{人}[任]せにしないでよ。,そうじ{とうばん}なのに{ひと}[まか]せにしないでよ。,Don't leave it to others when it's your turn to clean.,No dejes que otros se encarguen de limpiar cuando te toque limpiar.
5,似,に,{兄}だと{思}ったが、[似]ている{別}の{人}だった。,{あに}だと{おも}ったが、[に]ている{べつ}の{ひと}だった。,"I thought it was my brother, but it turned out to be someone else who looked like him.","Pensé que era mi hermano, pero resultó ser otra persona que se parecía a él."
5,余,あま,[余]った{野菜}や{肉}をまとめてなべに{入}れる。,[あま]った{やさい}や{にく}をまとめてなべに{い}れる。,Add the remaining vegetables and meat to the pot.,Agrega las verduras y la carne restantes a la olla.
5,余,あま,{勉強}の{成果}を[余]すところなくテストで{発揮}する。,{べんきょう}の{せいか}を[あま]すところなくテストで{はっき}する。,Demonstrate the results of your studies to the fullest on the test.,Demuestra al máximo los resultados de tus estudios en el examen.
5,余,よ,ヘビの{絵}に[余]{計}な{足}を{書}き{足}してしまう。,ヘビの{え}に[よ]{けい}な{あし}を{か}き{た}してしまう。,I ended up adding extra legs to the snake picture.,Terminé agregando patas adicionales a la imagen de la serpiente.
5,価,か,おかしが{安}[価]で{売}られている。,おかしが{あん}[か]で{う}られている。,Sweets are sold at low prices.,Los dulces se venden a precios bajos.
5,保,たも,{清潔感}を{常}に[保]つ。,{せいけつかん}を{つね}に[たも]つ。,Always maintain a sense of cleanliness.,Mantenga siempre una sensación de limpieza.
5,保,ほ,{三時間}かけて{作}ったデータを[保]{存}し{忘}れてしまう。,{さんじかん}かけて{つく}ったデータを[ほ]{ぞん}し{わす}れてしまう。,I forget to save the data I spent three hours creating.,Me olvido de guardar los datos que pasé tres horas creando.
5,修,おさ,{大学}で{生物学}を[修]めた。,{だいがく}で{せいぶつがく}を[おさ]めた。,I studied biology at university.,Estudié biología en la universidad.
5,修,しゅう,{書}きまちがえたところを[修]{正液}で{直}す。,{か}きまちがえたところを[しゅう]{せいえき}で{なお}す。,Correct any mistakes you made with correction fluid.,Corrija cualquier error que haya cometido con líquido corrector.
5,個,こ,わたしのクラスには[個]{性的}な{人}がたくさんいる。,わたしのクラスには[こ]{せいてき}な{ひと}がたくさんいる。,There are many unique people in my class.,Hay muchas personas únicas en mi clase.
5,停,てい,[停]{留所}でバスが{来}るのを{待}つ。,[てい]{りゅうじょ}でバスが{く}るのを{ま}つ。,Wait for the bus to arrive at the stop.,Espere a que llegue el autobús a la parada.
5,備,そな,もしもの{時}のために、いろいろと[備]える。,もしもの{とき}のために、いろいろと[そな]える。,Prepare in various ways just in case.,Prepárese de varias maneras por si acaso.
5,備,び,{予}[備]のティッシュをたなにしまう。,{よ}[び]のティッシュをたなにしまう。,Store extra tissues in a drawer.,Guarde pañuelos sobrantes en un cajón.
5,像,ぞう,ぼくの{学校}には{二宮金次郎}の{銅}[像]がある。,ぼくの{がっこう}には{にのみやきんじろう}の{どう}[ぞう]がある。,There is a bronze statue of Kinjiro Ninomiya at my school.,En mi escuela hay una estatua de bronce de Kinjiro Ninomiya.
5,再,さ,[再]{来週}のコンサートが{今}から{楽}しみだ。,[さ]{らいしゅう}のコンサートが{いま}から{たの}しみだ。,I'm already looking forward to the concert next week.,Ya estoy deseando que llegue el concierto de la semana que viene.
5,再,さい,{昔}の{友}だちと{久}しぶりに[再]{会}する。,{むかし}の{とも}だちと{ひさ}しぶりに[さい]{かい}する。,Reuniting with old friends for the first time in a while.,Reunirse con viejos amigos por primera vez en mucho tiempo.
5,再,ふたた,{前}にも{買}ったおかしを[再]び{買}う。,{まえ}にも{か}ったおかしを[ふたた]び{か}う。,I will buy the snacks I bought before again.,Volveré a comprar los bocadillos que compré antes.
5,刊,かん,{週}[刊]{誌}を{買}って{読}む。,{しゅう}[かん]{し}を{か}って{よ}む。,Buy and read weekly magazines.,Compra y lee revistas semanales.
5,判,はん,{素早}く[判]{断}して{指示}を{出}す。,{すばや}く[はん]{だん}して{しじ}を{だ}す。,Make quick decisions and issue instructions.,Tome decisiones rápidas y emita instrucciones.
5,判,ばん,このお{店}は{評}[判]がとても{良}いんだよ。,このお{みせ}は{ひょう}[ばん]がとても{よ}いんだよ。,This store has a very good reputation.,Esta tienda tiene muy buena reputación.
5,制,せい,{遊}ぶ{時間}に[制]{約}をかけられる。,{あそ}ぶ{じかん}に[せい]{やく}をかけられる。,Play time is restricted.,El tiempo de juego está restringido.
5,則,そく,{校}[則]を{守}って{生活}するよう{心}がける。,{こう}[そく]を{まも}って{せいかつ}するよう{こころ}がける。,Make sure to follow the school rules and live your life.,Asegúrate de seguir las reglas de la escuela y vivir tu vida.
5,効,き,{薬}がよく[効]いてすぐ{元気}になった。,{くすり}がよく[き]いてすぐ{げんき}になった。,The medicine worked well and I felt well soon.,El medicamento funcionó bien y me sentí bien pronto.
5,効,こう,[効]{率}よく{動}いて、{仕事}を{終}わらせた。,[こう]{りつ}よく{うご}いて、{しごと}を{お}わらせた。,Worked efficiently and got the job done.,Trabajó eficientemente y realizó el trabajo.
5,務,つと,{今年}から{放送委員長}を[務]めることになった。,{ことし}から{ほうそういいんちょう}を[つと]めることになった。,"Starting this year, he will serve as the chairman of the broadcasting committee.","A partir de este año, ocupará el cargo de presidente del comité de radiodifusión."
5,務,む,スパイへ、{暗号}で{任}[務]が{伝}えられる。,スパイへ、{あんごう}で{にん}[む]が{つた}えられる。,The mission is conveyed to the spy in code.,La misión se transmite al espía en código.
5,勢,いきお,[勢]いよく{海}に{飛}びこむ。,[いきお]いよく{うみ}に{と}びこむ。,Jump into the sea with great force.,Salta al mar con mucha fuerza.
5,勢,せい,{来年}の{運}[勢]をうらなってもらう。,{らいねん}の{うん}[せい]をうらなってもらう。,Get your fortune told for next year.,Obtenga su adivinación para el próximo año.
5,厚,あつ,{分}[厚]い{本}を{一週間}かけて{読}んだ。,{ぶ}[あつ]い{ほん}を{いちしゅうかん}かけて{よ}んだ。,I read a thick book over the course of a week.,Leí un libro grueso en el transcurso de una semana.
5,句,く,{国語}の{宿題}で{俳}[句]を{考}える。,{こくご}の{しゅくだい}で{はい}[く]を{かんが}える。,Thinking about haiku for Japanese language homework.,Pensando en haiku para la tarea de idioma japonés.
5,可,か,{一分}で{日本}からアメリカに{行}くなんて{不}[可]{能}だ。,{いちふん}で{にっぽん}からアメリカに{い}くなんて{ふ}[か]{のう}だ。,It is impossible to go from Japan to America in one minute.,Es imposible ir de Japón a Estados Unidos en un minuto.
5,史,し,{父}から{借}りた{歴}[史]{小説}を{読}む。,{ちち}から{か}りた{れき}[し]{しょうせつ}を{よ}む。,I read a historical novel that I borrowed from my father.,Leí una novela histórica que tomé prestada de mi padre.
5,告,こく,ずっと{好}きだった{人}に[告]{白}する。,ずっと{す}きだった{ひと}に[こく]{はく}する。,Confess to the person you've loved for a long time.,Confiésate a la persona que amas desde hace mucho tiempo.
5,告,つ,だれかの[告]げ{口}で{秘密}がバレてしまった。,だれかの[つ]げ{ぐち}で{ひみつ}がバレてしまった。,The secret was revealed by someone telling me.,El secreto fue revelado por alguien que me lo dijo.
5,喜,き,{宝}くじが{当}たって[喜]{色満面}の{笑}みをうかべる。,{たから}くじが{あ}たって[き]{しょくまんめん}の{え}みをうかべる。,He smiles with joy after winning the lottery.,Sonríe de alegría después de ganar la lotería.
5,喜,よろこ,{友達}から{誕生日}プレゼントをもらって[喜]ぶ。,{ともだち}から{たんじょうび}プレゼントをもらって[よろこ]ぶ。,I am happy to receive a birthday present from my friend.,Estoy feliz de recibir un regalo de cumpleaños de mi amigo.
5,営,いとな,{松本}さんのお{父}さんは、ケーキ{屋}さんを[営]んでいる。,{まつもと}さんのお{とう}さんは、ケーキ{や}さんを[いとな]んでいる。,Matsumoto's father runs a cake shop.,El padre de Matsumoto tiene una pastelería.
5,営,えい,{大体}のコンビニは{二十四時間}[営]{業}だ。,{だいたい}のコンビニは{にじゅうよんじかん}[えい]{ぎょう}だ。,Most convenience stores are open 24 hours a day.,La mayoría de las tiendas de conveniencia están abiertas las 24 horas del día.
5,因,いん,{今日}ねぼうした{原}[因]は、{昨日}の{夜}ふかしだろう。,{きょう}ねぼうした{げん}[いん]は、{きのう}の{よ}ふかしだろう。,The reason why I felt sleepy today was probably because I was asleep last night.,La razón por la que sentí sueño hoy probablemente fue porque estuve dormido anoche.
5,団,だん,{古}い[団]{地}が{建}て{直}されてきれいになった。,{ふる}い[だん]{ち}が{た}て{なお}されてきれいになった。,The old housing complex has been rebuilt and is now beautiful.,El antiguo complejo de viviendas ha sido reconstruido y ahora es hermoso.
5,囲,い,{広}いはん[囲]の{中}で、{迷子}の{犬}を{探}す。,{ひろ}いはん[い]の{なか}で、{まいご}の{いぬ}を{さが}す。,Search for a lost dog in a large enclosure.,Busque un perro perdido en un recinto grande.
5,囲,かこ,{犬}をみんなで{取}り[囲]んでなでる。,{いぬ}をみんなで{と}り[かこ]んでなでる。,Everyone surrounds the dog and strokes it.,Todos rodean al perro y lo acarician.
5,圧,あつ,{田村}くんは、{低気}[圧]の{日}は{頭}が{痛}くなる。,{たむら}くんは、{ていき}[あつ]の{ひ}は{あたま}が{いた}くなる。,Tamura-kun gets a headache on days with low pressure.,A Tamura-kun le duele la cabeza los días con baja presión.
5,在,あ,お{宝}の[在]りかを{聞}き{出}す。,お{たから}の[あ]りかを{き}き{だ}す。,Find out where the treasure is.,Descubra dónde está el tesoro.
5,在,ざい,かれはＵＦＯの{存}[在]を{信}じている。,かれはＵＦＯの{そん}[ざい]を{しん}じている。,He believes in the existence of UFOs.,Él cree en la existencia de los ovnis.
5,均,きん,{給食}を[均]{等}に{盛}り{付}ける。,{きゅうしょく}を[きん]{とう}に{も}り{つ}ける。,Arrange school lunches evenly.,Organice los almuerzos escolares de manera uniforme.
5,型,かた,[型]にはまらない{意外}な{発想}をする。,[かた]にはまらない{いがい}な{はっそう}をする。,Come up with unexpected and unconventional ideas.,Proponga ideas inesperadas y poco convencionales.
5,型,けい,{博物館}に{大}きな{飛行機}の{模}[型]がかざられている。,{はくぶつかん}に{おお}きな{ひこうき}の{も}[けい]がかざられている。,A large model of an airplane is displayed in the museum.,En el museo se exhibe un modelo grande de un avión.
5,基,き,[基]{本}をしっかり{勉強}して{応用問題}を{解}く。,[き]{ほん}をしっかり{べんきょう}して{おうようもんだい}を{と}く。,Study the basics thoroughly and solve applied problems.,Estudie los conceptos básicos a fondo y resuelva problemas aplicados.
5,堂,どう,いつも、お{昼}の{食}[堂]は{混}んでいる。,いつも、お{ひる}の{しょく}[どう]は{こ}んでいる。,The cafeteria is always crowded at lunchtime.,La cafetería siempre está llena a la hora del almuerzo.
5,報,ほう,ニュースの{放送中}に{速}[報]が{届}く。,ニュースの{ほうそうちゅう}に{そく}[ほう]が{とど}く。,Breaking news will be delivered during the news broadcast.,Las últimas noticias se entregarán durante la transmisión de noticias.
5,境,きょう,かん[境]{問題}を{解決}する{方法}を{考}える。,かん[きょう]{もんだい}を{かいけつ}する{ほうほう}を{かんが}える。,Think of ways to solve environmental problems.,Piense en formas de resolver los problemas ambientales.
5,境,さかい,[境]{目}に{線}を{引}いてわかりやすくする。,[さかい]{め}に{せん}を{ひ}いてわかりやすくする。,Draw a line at the boundary to make it easier to understand.,Dibuja una línea en el límite para que sea más fácil de entender.
5,墓,はか,この[墓]{場}はすぐとなりにお{寺}がある。,この[はか]{ば}はすぐとなりにお{てら}がある。,There is a temple right next to this cemetery.,Hay un templo justo al lado de este cementerio.
5,墓,ぼ,{祖父}の[墓]{前}に{花}を{供}える。,{そふ}の[ぼ]{ぜん}に{はな}を{そな}える。,Place flowers at your grandfather's grave.,Coloca flores en la tumba de tu abuelo.
5,増,ぞう,{冬}はかぜをひく{人}が[増]{加}する。,{ふゆ}はかぜをひく{ひと}が[ぞう]{か}する。,"In winter, the number of people who catch a cold increases.",En invierno aumenta el número de personas que se resfrían.
5,増,ふ,{学校}の{図書室}に{新}しい{本}が[増]える。,{がっこう}の{としょしつ}に{あたら}しい{ほん}が[ふ]える。,New books will be added to the school library.,Se agregarán nuevos libros a la biblioteca de la escuela.
5,増,ま,{夏}が{近}づいてだんだん{暑}さが[増]してくる。,{なつ}が{ちか}づいてだんだん{あつ}さが[ま]してくる。,"As summer approaches, the heat gradually increases.","A medida que se acerca el verano, el calor aumenta gradualmente."
5,士,し,{武}[士]に{二言}はない。うそはつかないよ。,{ぶ}[し]に{にごん}はない。うそはつかないよ。,There are no two words for a samurai. I can't lie.,No hay dos palabras para un samurái. No puedo mentir.
5,夢,む,{悪}[夢]を{見}て、{朝}から{最悪}の{気分}だ。,{あく}[む]を{み}て、{あさ}から{さいあく}の{きぶん}だ。,I had a nightmare and have been feeling the worst since morning.,Tuve una pesadilla y me siento peor desde la mañana.
5,夢,ゆめ,{昔}から、ごうか{客船}での{世界一周旅行}を[夢]{見}ている。,{むかし}から、ごうか{きゃくせん}での{せかいいちしゅうりょこう}を[ゆめ]{み}ている。,I have always dreamed of traveling around the world on a Gouka cruise ship.,Siempre soñé con viajar alrededor del mundo en un crucero Gouka.
5,妻,さい,あの{夫}[妻]はとても{仲}がいいことで{有名}だ。,あの{ふ}[さい]はとても{なか}がいいことで{ゆうめい}だ。,That couple is famous for being very close.,Esa pareja es famosa por ser muy unida.
5,婦,ふ,{家政}[婦]さんにそうじをたのむ。,{かせい}[ふ]さんにそうじをたのむ。,Ask the housekeeper to clean it for you.,Pídale al ama de llaves que lo limpie por usted.
5,容,よう,{美}[容]{室}でかみの{毛}を{切}ってもらう。,{び}[よう]{しつ}でかみの{け}を{き}ってもらう。,Have your hair cut at a beauty salon.,Córtate el pelo en un salón de belleza.
5,寄,き,{魚}をしっかり{焼}いて[寄]{生虫}の{対策}をする。,{さかな}をしっかり{や}いて[き]{せいちゅう}の{たいさく}をする。,Cook the fish thoroughly to prevent parasites.,Cocine bien el pescado para prevenir parásitos.
5,寄,よ,[寄]り{道}せずにまっすぐ{家}に{帰}る。,[よ]り{みち}せずにまっすぐ{いえ}に{かえ}る。,Go straight home without making any detours.,Vuelve directamente a casa sin desviarte.
5,導,みちび,{様々}なヒントから{答}えを[導]き{出}す。,{さまざま}なヒントから{こた}えを[みちび]き{だ}す。,Deduce the answer from various hints.,Deduzca la respuesta a partir de varias pistas.
5,居,い,[居]{間}でこたつに{入}ってダラダラする。,[い]{ま}でこたつに{はい}ってダラダラする。,I sit under the kotatsu in the living room and laze around.,Me siento debajo del kotatsu en la sala de estar y holgazaneo.
5,居,きょ,{一人暮}らしのための{新}[居]を{探}す。,{ひとりぐ}らしのための{しん}[きょ]を{さが}す。,Looking for a new home to live alone.,Buscando un nuevo hogar para vivir solo.
5,属,ぞく,{金}[属]は{電気}を{通}しやすい。,{きん}[ぞく]は{でんき}を{とお}しやすい。,Metals easily conduct electricity.,Los metales conducen fácilmente la electricidad.
5,布,ぬの,さいほうに{使}う[布]を{買}いに{行}く。,さいほうに{つか}う[ぬの]を{か}いに{い}く。,I'm going to buy some cloth to use for Saiho.,Voy a comprar algo de tela para usar con Saiho.
5,布,ふ,{落}ちていたさい[布]を{交番}に{届}ける。,{お}ちていたさい[ふ]を{こうばん}に{とど}ける。,Deliver the fallen cloth to the police box.,Entrega la tela caída a la cabina de policía.
5,師,し,{医}[師]から{病気}の{説明}をしてもらう。,{い}[し]から{びょうき}の{せつめい}をしてもらう。,Ask your doctor to explain your illness.,Pídale a su médico que le explique su enfermedad.
5,常,じょう,とつぜん{非}[常]ベルが{鳴}っておどろく。,とつぜん{ひ}[じょう]ベルが{な}っておどろく。,I was surprised when the emergency bell suddenly rang.,Me sorprendió cuando de repente sonó el timbre de emergencia.
5,常,つね,[常]{日}ごろからものを{大切}にする。,[つね]{ひ}ごろからものを{たいせつ}にする。,Cherish things on a daily basis.,Aprecia las cosas a diario.
5,幹,かん,{修学旅行}で、{新}[幹]{線}に{乗}って{東京}に{行}く。,{しゅうがくりょこう}で、{しん}[かん]{せん}に{の}って{とうきょう}に{い}く。,I'm going to Tokyo on a school trip by taking the Shinkansen.,Me voy a Tokio de viaje escolar cogiendo el Shinkansen.
5,幹,みき,{木}の[幹]にもたれかかって{少}し{休}む。,{き}の[みき]にもたれかかって{すこ}し{やす}む。,I lean against the trunk of a tree and rest for a while.,Me apoyo en el tronco de un árbol y descanso un rato.
5,序,じょ,{学芸会}で{発表}する{順}[序]が{決}まる。,{がくげいかい}で{はっぴょう}する{じゅん}[じょ]が{き}まる。,The order of presentations at the school performance will be determined.,Se determinará el orden de las presentaciones en la función escolar.
5,弁,べん,[弁]{護士}と{検事}が{法}ていで{争}う。,[べん]{ごし}と{けんじ}が{ほう}ていで{あらそ}う。,Lawyers and prosecutors fight in court.,Abogados y fiscales pelean en los tribunales.
5,張,ちょう,{父}が{出}[張]で{二日}の{間}、いなくなる。,{ちち}が{しゅっ}[ちょう]で{ふたか}の{あいだ}、いなくなる。,My father will be gone for two days on a business trip.,Mi padre se ausentará dos días por un viaje de negocios.
5,張,は,{妹}は、おばけはいると{言}い[張]っている。,{いもうと}は、おばけはいると{い}い[は]っている。,My sister insists that there are ghosts.,Mi hermana insiste en que hay fantasmas.
5,往,おう,{行}きと{帰}りで、{家}と{学校}を[往]{復}する。,{い}きと{かえ}りで、{いえ}と{がっこう}を[おう]{ふく}する。,I go back and forth between home and school.,Voy y vengo entre casa y la escuela.
5,得,え,{本}を{売}ることでお{金}を[得]る。,{ほん}を{う}ることでお{かね}を[え]る。,Earn money by selling books.,Gana dinero vendiendo libros.
5,得,とく,ポイントカードを{今作}るとお[得]ですよ。,ポイントカードを{いまつく}るとお[とく]ですよ。,It's a good idea to get a point card now.,Es una buena idea obtener una tarjeta de puntos ahora.
5,復,ふく,{職員室}と{教室}を{何度}も{往}[復]する。,{しょくいんしつ}と{きょうしつ}を{なんど}も{おう}[ふく]する。,I go back and forth between the staff room and the classroom many times.,Voy y vengo entre la sala de profesores y el salón de clases muchas veces.
5,志,こころざ,{入院}したのをきっかけに{医者}を[志]す。,{にゅういん}したのをきっかけに{いしゃ}を[こころざ]す。,"After being hospitalized, he decided to become a doctor.","Después de ser hospitalizado, decidió ser médico."
5,志,こころざし,{高}い[志]を{持}って{勉強}に{取}り{組}む。,{たか}い[こころざし]を{も}って{べんきょう}に{と}り{く}む。,Approach your studies with high aspirations.,Acércate a tus estudios con altas aspiraciones.
5,志,し,{強}い{意}[志]で{最後}までやり{通}す。,{つよ}い{い}[し]で{さいご}までやり{とお}す。,Follow through to the end with strong will.,Sigue hasta el final con gran voluntad.
5,応,おう,テストの[応]{用問題}で{答}えをまちがえた。,テストの[おう]{ようもんだい}で{こた}えをまちがえた。,I gave the wrong answer on an applied question on a test.,Di una respuesta incorrecta a una pregunta aplicada en un examen.
5,応,こた,あっちで{手}をふっている{友達}に、こっちも{手}をふって[応]える。,あっちで{て}をふっている{ともだち}に、こっちも{て}をふって[こた]える。,"When my friend is waving over there, I wave in response.","Cuando mi amigo saluda allí, yo saludo en respuesta."
5,快,かい,エアコンで{部屋}を[快]{適}な{温度}にする。,エアコンで{へや}を[かい]{てき}な{おんど}にする。,Keep the room at a comfortable temperature with an air conditioner.,Mantenga la habitación a una temperatura agradable con un aire acondicionado.
5,性,せい,{個}[性]{的}な{作品}を{作}り{上}げる。,{こ}[せい]{てき}な{さくひん}を{つく}り{あ}げる。,Create unique works.,Crea obras únicas.
5,情,じょう,{私}とかれの{間}には{固}い{友}[情]がある。,{わたくし}とかれの{あいだ}には{かた}い{ゆう}[じょう]がある。,There is a strong friendship between me and him.,Hay una fuerte amistad entre él y yo.
5,情,なさ,{佐藤}くんは[情]け{深}い{性格}だ。,{さとう}くんは[なさ]け{ぶか}い{せいかく}だ。,Sato-kun has a compassionate personality.,Sato-kun tiene una personalidad compasiva.
5,態,たい,とんでもない{事}[態]になってしまった。,とんでもない{じ}[たい]になってしまった。,The situation has become unbelievable.,La situación se ha vuelto increíble.
5,慣,かん,いつもの{習}[慣]で、{歯}みがきして{顔}を{洗}う。,いつもの{しゅう}[かん]で、{は}みがきして{かお}を{あら}う。,Brush your teeth and wash your face as usual.,Cepíllate los dientes y lávate la cara como de costumbre.
5,慣,な,{新}しい{学年}に[慣]れてきん{張}しなくなる。,{あたら}しい{がくねん}に[な]れてきん{ばり}しなくなる。,They get used to the new school year and are no longer nervous.,Se acostumbran al nuevo año escolar y ya no están nerviosos.
5,技,ぎ,{素晴}らしい{演}[技]で{人々}を{感動}させる。,{すば}らしい{えん}[ぎ]で{ひとびと}を{かんどう}させる。,Impress people with your wonderful acting.,Impresiona a la gente con tu maravillosa actuación.
5,招,まね,{先生}が{生徒}を{手}[招]きして{呼}ぶ。,{せんせい}が{せいと}を{て}[まね]きして{よ}ぶ。,The teacher beckons the students.,El profesor hace una seña a los alumnos.
5,授,じ,[授]{業}の{最後}までやる{気}が{持続}しない。,[じ]{ゅぎょう}の{さいご}までやる{き}が{じぞく}しない。,I can't stay motivated until the end of the class.,No puedo mantenerme motivado hasta el final de la clase.
5,授,じゅ,{暗記}のコツを{伝}[授]してもらう。,{あんき}のコツを{でん}[じゅ]してもらう。,Ask them to teach you memorization tips.,Pídales que le enseñen consejos de memorización.
5,採,さい,{先生}が{算数}プリントを[採]{点}する。,{せんせい}が{さんすう}プリントを[さい]{てん}する。,The teacher grades the math printouts.,El maestro califica las impresiones de matemáticas.
5,採,と,{農園}でいちごを[採]って{集}める。,{のうえん}でいちごを[と]って{あつ}める。,Pick and collect strawberries at the farm.,Recoge y recolecta fresas en la granja.
5,接,せつ,アルバイトの{面}[接]を{受}ける。,アルバイトの{めん}[せつ]を{う}ける。,Have an interview for a part-time job.,Tener una entrevista para un trabajo a tiempo parcial.
5,提,てい,その[提]{案}を{受}け{入}れることはできない。,その[てい]{あん}を{う}け{い}れることはできない。,I cannot accept that proposal.,No puedo aceptar esa propuesta.
5,損,そん,セールのことを{知}らず、[損]してしまった。,セールのことを{し}らず、[そん]してしまった。,I didn't know about the sale and ended up losing money.,No sabía de la venta y terminé perdiendo dinero.
5,支,ささ,たのまれてキャタツを[支]える。,たのまれてキャタツを[ささ]える。,Support the cat at your request.,Apoye al gato cuando lo solicite.
5,支,し,ま{王}によって{世界}が[支]{配}される。,ま{おう}によって{せかい}が[し]{はい}される。,The world is ruled by a king.,El mundo está gobernado por un rey.
5,政,せい,{国民}の{声}を[政]{府}に{伝}える。,{こくみん}の{こえ}を[せい]{ふ}に{つた}える。,convey the voice of the people to the government.,Transmitir la voz del pueblo al gobierno.
5,故,こ,パソコンが[故]{障}したので{修理}してもらった。,パソコンが[こ]{しょう}したので{しゅうり}してもらった。,"My computer broke down, so I had it repaired.","Mi computadora se averió, así que la hice reparar."
5,救,きゅう,{立}てこもり{犯}から{人質}を[救]{出}する。,{た}てこもり{はん}から{ひとじち}を[きゅう]{しゅつ}する。,Rescue the hostages from the robbers.,Rescata a los rehenes de los ladrones.
5,救,すく,{努力}を{認}めてもらえて、[救]われた{気持}ちになる。,{どりょく}を{みと}めてもらえて、[すく]われた{きも}ちになる。,I feel relieved when my efforts are recognized.,Me siento aliviado cuando se reconocen mis esfuerzos.
5,断,ことわ,いそがしかったので、テレビの{取材}を[断]った。,いそがしかったので、テレビの{しゅざい}を[ことわ]った。,I declined a TV interview because I was busy.,Rechacé una entrevista televisiva porque estaba ocupado.
5,断,だん,{探}ていは、かの{女}が{犯人}だと[断]{言}した。,{もとむ}ていは、かの{おんな}が{はんにん}だと[だん]{げん}した。,The detective determined that the woman was the culprit.,El detective determinó que la mujer era la culpable.
5,旧,きゅう,{停電}してからすぐ{次}の{日}に{復}[旧]した。,{ていでん}してからすぐ{つぎ}の{ひ}に{ふっ}[きゅう]した。,The power was restored the next day after the power went out.,La energía se restableció al día siguiente después del corte de energía.
5,易,い,{安}[易]な{選}たくをして、{後}かいする。,{あん}[い]な{せん}たくをして、{こう}かいする。,Make the easy choice and leave it behind.,Toma la decisión fácil y déjalo atrás.
5,易,えき,{日本}は{色}んな{国}と{貿}[易]をしている。,{にっぽん}は{いろ}んな{くに}と{ぼう}[えき]をしている。,Japan trades with various countries.,Japón comercia con varios países.
5,易,やさ,テストの{中}に[易]しい{問題}が{混}ざっていた。,テストの{なか}に[やさ]しい{もんだい}が{ま}ざっていた。,There were some easy questions mixed into the test.,Hubo algunas preguntas fáciles mezcladas en la prueba.
5,暴,あば,ネコがつめ{切}りのとちゅうで[暴]れ{出}す。,ネコがつめ{き}りのとちゅうで[あば]れ{だ}す。,A cat goes wild with a nail clipper.,Un gato se vuelve loco con un cortaúñas.
5,暴,ぼう,きょう[暴]なライオンをおりに{閉}じ{込}める。,きょう[ぼう]なライオンをおりに{と}じ{こ}める。,Lock up a ferocious lion in a cage.,Encierra a un león feroz en una jaula.
5,条,じょう,{日本}は{様々}な{国}と[条]{約}を{結}んでいる。,{にっぽん}は{さまざま}な{くに}と[じょう]{やく}を{むす}んでいる。,Japan has concluded treaties with various countries.,Japón ha celebrado tratados con varios países.
5,枝,えだ,{落}ちている[枝]を{集}めてたき{火}をする。,{お}ちている[えだ]を{あつ}めてたき{び}をする。,Collect fallen branches and make a bonfire.,Recoge ramas caídas y enciende una hoguera.
5,査,さ,{好}きな{食}べ{物}をアンケートで{調}[査]する。,{す}きな{た}べ{もの}をアンケートで{ちょう}[さ]する。,Survey your favorite foods.,Encuesta tus comidas favoritas.
5,格,かく,{性}[格]しん{断}テストで、みんなで{盛}り{上}がる。,{せい}[かく]しん{だん}テストで、みんなで{も}り{あ}がる。,Everyone gets excited with the personality test.,Todo el mundo se emociona con el test de personalidad.
5,桜,さくら,{去年}の{春}は、[桜]の{木}の{下}でお{花見}をした。,{きょねん}の{はる}は、[さくら]の{き}の{もと}でお{はなみ}をした。,"Last spring, we enjoyed cherry blossom viewing under the cherry blossom trees.","La primavera pasada, disfrutamos viendo los cerezos en flor bajo los cerezos en flor."
5,検,けん,{空港}で{手荷物}[検]{査}を{受}ける。,{くうこう}で{てにもつ}[けん]{さ}を{う}ける。,Pass baggage inspection at the airport.,Pasar la inspección de equipaje en el aeropuerto.
5,構,かま,{竹刀}を[構]えて{試合開始}の{合図}を{待}つ。,{しない}を[かま]えて{しあいかいし}の{あいず}を{ま}つ。,He holds his bamboo sword and waits for the signal to start the match.,Sostiene su espada de bambú y espera la señal para comenzar el partido.
5,構,こう,{全体}の[構]{成}を{考}えてから{作文}を{書}き{始}める。,{ぜんたい}の[こう]{せい}を{かんが}えてから{さくぶん}を{か}き{はじ}める。,Start writing your essay after thinking about the overall structure.,Empiece a escribir su ensayo después de pensar en la estructura general.
5,武,ぶ,{戦国}[武]{将}たちの{名前}を{暗記}した。,{せんごく}[ぶ]{しょう}たちの{なまえ}を{あんき}した。,I memorized the names of Sengoku warlords.,Memoricé los nombres de los señores de la guerra Sengoku.
5,武,む,{強敵}があらわれ、[武]{者}ぶるいする。,{きょうてき}があらわれ、[む]{しゃ}ぶるいする。,A strong enemy appears and fights as a warrior.,Aparece un enemigo fuerte y lucha como un guerrero.
5,歴,れき,{長}い[歴]{史}のある{寺院}をおとずれる。,{なが}い[れき]{し}のある{じいん}をおとずれる。,Visit a temple with a long history.,Visita un templo con una larga historia.
5,殺,ころ,{部屋}に{入}ってきた{虫}は[殺]さず{外}ににがしている。,{へや}に{はい}ってきた{むし}は[ころ]さず{そと}ににがしている。,Insects that come into the room are not killed and are left outside.,Los insectos que entran en la habitación no mueren y se quedan afuera.
5,殺,さつ,{必}[殺]わざで{敵}をみんなやっつけた。,{ひっ}[さつ]わざで{てき}をみんなやっつけた。,Defeated all enemies with special moves.,Derrotó a todos los enemigos con movimientos especiales.
5,毒,どく,お{店}に{入}る{前}に{手}を{消}[毒]する。,お{みせ}に{はい}る{まえ}に{て}を{しょう}[どく]する。,Disinfect your hands before entering the store.,Desinfecta tus manos antes de entrar a la tienda.
5,比,くら,{二}つのメロンを[比]べて、{重}い{方}を{買}っていく。,{ふた}つのメロンを[くら]べて、{おも}い{ほう}を{か}っていく。,Compare the two melons and buy the heavier one.,Compara los dos melones y compra el más pesado.
5,比,ひ,カレーに{入}れるスパイスの[比]{率}を{変}える。,カレーに{い}れるスパイスの[ひ]{りつ}を{か}える。,Vary the ratio of spices in your curry.,Varíe la proporción de especias en su curry.
5,永,えい,{全部}の{歯}が、[永]{久歯}に{生}えかわった。,{ぜんぶ}の{は}が、[えい]{きゅうし}に{は}えかわった。,All teeth have been replaced by permanent teeth.,Todos los dientes han sido reemplazados por dientes permanentes.
5,永,なが,オニをたおして、ももたろうたちは{末}[永]く{幸}せに{暮}らした。,オニをたおして、ももたろうたちは{すえ}[なが]く{しあわ}せに{く}らした。,"After defeating Oni, Momotarou and his friends lived happily ever after.","Después de derrotar a Oni, Momotarou y sus amigos vivieron felices para siempre."
5,河,か,[河]{口}の{近}くではめずらしい{魚}がつれる。,[か]{こう}の{ちか}くではめずらしい{さかな}がつれる。,Rare fish can be caught near the river mouth.,Se pueden pescar peces raros cerca de la desembocadura del río.
5,河,かわ,{今日}は{天気}がいいから、{遠}くの[河]までつりに{行}こう。,{きょう}は{てんき}がいいから、{とお}くの[かわ]までつりに{い}こう。,"The weather is nice today, so let's go fishing at a distant river.","Hoy hace buen tiempo, así que vayamos a pescar a un río lejano."
5,液,えき,{森}の{木}の{樹}[液]に、たくさんの{虫}が{集}まる。,{もり}の{き}の{じゅ}[えき]に、たくさんの{むし}が{あつ}まる。,Many insects gather in the sap of trees in the forest.,Muchos insectos se reúnen en la savia de los árboles del bosque.
5,混,こ,{朝}と{夕方}の{電車}は[混]んでいる。,{あさ}と{ゆうがた}の{でんしゃ}は[こ]んでいる。,Trains are crowded in the morning and evening.,Los trenes están llenos de gente por la mañana y por la noche.
5,混,こん,{案内図}が{分}かりづらくて[混]{乱}した。,{あんないず}が{わ}かりづらくて[こん]{らん}した。,The guide map was difficult to understand and I was confused.,El mapa guía era difícil de entender y estaba confundido.
5,混,ま,{生}クリームに{砂糖}も[混]ぜてあわ{立}てる。,{なま}クリームに{さとう}も[ま]ぜてあわ{だ}てる。,Mix the sugar with the fresh cream and whisk.,Mezclar el azúcar con la nata fresca y batir.
5,減,げん,{親}せきの{子}とのバスケ{勝負}で{手加}[減]する。,{しん}せきの{こ}とのバスケ{しょうぶ}で{てか}[げん]する。,He goes easy on himself in a basketball game with a relative's child.,Se muestra suave consigo mismo en un partido de baloncesto con el hijo de un familiar.
5,減,へ,{何回}も{確認}して{忘}れ{物}を[減]らす。,{なんかい}も{かくにん}して{わす}れ{もの}を[へ]らす。,Check it multiple times to reduce forgetting things.,Compruébalo varias veces para reducir el olvido de cosas.
5,測,そく,{身長}[測]{定}の{結果}を{比}べ{合}う。,{しんちょう}[そく]{てい}の{けっか}を{くら}べ{あ}う。,Compare the height measurement results.,Compare los resultados de la medición de altura.
5,測,はか,{天}びんで{水}の{重量}を[測]る。,{てん}びんで{みず}の{じゅうりょう}を[はか]る。,Measure the weight of the water using a balance.,Mida el peso del agua utilizando una balanza.
5,準,じゅん,{災害}が{起}こったときに{備}えて[準]{備}しておく。,{さいがい}が{お}こったときに{そな}えて[じゅん]{び}しておく。,Be prepared in case a disaster occurs.,Esté preparado en caso de que ocurra un desastre.
5,演,えん,{来週}の[演]{奏会}のために、{必死}で{練習}する。,{らいしゅう}の[えん]{そうかい}のために、{ひっし}で{れんしゅう}する。,I'm practicing hard for next week's concert.,Estoy practicando mucho para el concierto de la próxima semana.
5,潔,けつ,こまめにそうじをして{清}[潔]にする。,こまめにそうじをして{せい}[けつ]にする。,Clean frequently and keep it clean.,Límpielo con frecuencia y manténgalo limpio.
5,災,さい,この{学校}では{毎年}、{防}[災]{訓練}が{行}われる。,この{がっこう}では{まいとし}、{ぼう}[さい]{くんれん}が{おこな}われる。,Disaster prevention drills are held at this school every year.,Todos los años se llevan a cabo simulacros de prevención de desastres en esta escuela.
5,燃,ねん,[燃]{料切}れでバイクが{動}かなくなる。,[ねん]{りょうき}れでバイクが{うご}かなくなる。,The bike won't start because it runs out of fuel.,La moto no arranca porque se queda sin combustible.
5,燃,も,{明日}は[燃]えるゴミの{日}だね。,{あす}は[も]えるゴミの{ひ}だね。,Tomorrow is Burnable Garbage Day.,Mañana es el Día de la Basura Quemable.
5,版,はん,[版]{画}をほるとちゅうで{指先}をけがした。,[はん]{が}をほるとちゅうで{ゆびさき}をけがした。,I injured my fingertip while hoisting a print.,Me lastimé la yema del dedo mientras levantaba una huella.
5,犯,はん,{店}にある{防}[犯]カメラの{点検}をする。,{みせ}にある{ぼう}[はん]カメラの{てんけん}をする。,Check the security cameras in the store.,Revisa las cámaras de seguridad de la tienda.
5,状,じょう,シャーベットがとけて{液}[状]になる。,シャーベットがとけて{えき}[じょう]になる。,The sherbet will melt and become liquid.,El sorbete se derretirá y se volverá líquido.
5,独,どく,けっこんして、[独]{身}でなくなる。,けっこんして、[どく]{しん}でなくなる。,Get over it and stop being single.,Supéralo y deja de estar soltero.
5,独,ひと,{薬}ざい{師}が[独]り{言}をつぶやく。,{くすり}ざい{し}が[ひと]り{ごと}をつぶやく。,The druggist muttered to himself.,El farmacéutico murmuró para sí mismo.
5,率,ひき,{将軍}が{大勢}の{軍隊}を[率]いる。,{しょうぐん}が{おおぜい}の{ぐんたい}を[ひき]いる。,A general leads a large army.,Un general dirige un gran ejército.
5,率,りつ,{百分}[率]の{計算}を{覚}える。,{ひゃくぶん}[りつ]の{けいさん}を{おぼ}える。,Learn to calculate percentages.,Aprende a calcular porcentajes.
5,現,あらわ,{草}むらからいきなり{犬}が[現]れる。,{くさ}むらからいきなり{いぬ}が[あらわ]れる。,A dog suddenly appears from the grass.,De repente aparece un perro entre la hierba.
5,現,げん,{目的地}と[現]{在地}をナビに{入力}する。,{もくてきち}と[げん]{ざいち}をナビに{にゅうりょく}する。,Enter your destination and current location into the navigation system.,Ingrese su destino y ubicación actual en el sistema de navegación.
5,留,と,シャチが{大口}を{開}けて、えものを{仕}[留]める。,シャチが{おおぐち}を{あ}けて、えものを{し}[と]める。,The killer whale opens its mouth and kills the prey.,La orca abre la boca y mata a la presa.
5,留,りゅう,{海水}を{蒸}[留]して{安全}に{飲}む。,{かいすい}を{じょう}[りゅう]して{あんぜん}に{の}む。,Distill seawater and make it safe to drink.,Destila agua de mar y hazla segura para beber.
5,留,る,{今}、{親}は{二人}とも[留]{守}にしています。,{いま}、{おや}は{ふたり}とも[る]{す}にしています。,Both parents are currently away.,Ambos padres se encuentran actualmente ausentes.
5,略,りゃく,{本名}を[略]したニックネームで{呼}び{合}う。,{ほんみょう}を[りゃく]したニックネームで{よ}び{あ}う。,They call each other by nicknames that are abbreviations of their real names.,Se llaman entre sí por apodos que son abreviaturas de sus nombres reales.
5,益,えき,ものを{売}って{得}た{利}[益]で{生活}する。,ものを{う}って{え}た{り}[えき]で{せいかつ}する。,Live off the profits you make by selling things.,Vive de las ganancias que obtienes vendiendo cosas.
5,眼,がん,[眼]{科}で{視力検査}をしてもらった。,[がん]{か}で{しりょくけんさ}をしてもらった。,I had my eyesight tested at an ophthalmologist.,Me hice un examen de la vista con un oftalmólogo.
5,破,は,{難}しい{漢字}だらけの{本}を{読}[破]した。,{むずか}しい{かんじ}だらけの{ほん}を{どく}[は]した。,I read through a book full of difficult kanji.,Leí un libro lleno de kanji difíciles.
5,破,やぶ,{型}[破]りなやり{方}に{文句}を{言}われた。,{かた}[やぶ]りなやり{かた}に{もんく}を{い}われた。,People complained about the unconventional approach.,La gente se quejó del enfoque poco convencional.
5,確,かく,{宝}くじが{当}たる[確]{率}ってどれくらいだろう。,{たから}くじが{あ}たる[かく]{りつ}ってどれくらいだろう。,What are the chances of winning the lottery?,¿Cuáles son las posibilidades de ganar la lotería?
5,確,たし,{答}えをまちがえてないか[確]かめる。,{こた}えをまちがえてないか[たし]かめる。,Make sure you are correct in your answer.,Asegúrate de estar en lo correcto en tu respuesta.
5,示,しめ,{定期券}を[示]して{改札}を{通}る。,{ていきけん}を[しめ]して{かいさつ}を{とお}る。,Show your commuter pass and go through the ticket gate.,Muestra tu pase de viaje diario y pasa por la puerta de entrada.
5,示,じ,{画面}に{目的地}までの{道順}が{表}[示]される。,{がめん}に{もくてきち}までの{みちじゅん}が{ひょう}[じ]される。,Directions to the destination will be displayed on the screen.,Las indicaciones para llegar al destino se mostrarán en la pantalla.
5,祖,そ,[祖]{父}あてにメールを{送}る。,[そ]{ふ}あてにメールを{おく}る。,Send an email to your grandfather.,Envía un correo electrónico a tu abuelo.
5,禁,きん,ゲームのやりすぎで{母}に[禁]{止}されてしまった。,ゲームのやりすぎで{はは}に[きん]{し}されてしまった。,My mother banned me because I played too many games.,Mi madre me prohibió porque jugaba demasiados juegos.
5,移,い,{教室}から{理科室}へ[移]{動}する。,{きょうしつ}から{りかしつ}へ[い]{どう}する。,Move from the classroom to the science room.,Pasar del aula al salón de ciencias.
5,移,うつ,アサガオの{植木}ばちを、げん{関前}から{庭}に[移]す。,アサガオの{うえき}ばちを、げん{せきぜん}から{にわ}に[うつ]す。,Move the morning glory plant from the front of the garden to the garden.,Mueva la planta de campanilla del frente del jardín al jardín.
5,程,てい,かれの{演奏}は{音}[程]がずれまくっている。,かれの{えんそう}は{おん}[てい]がずれまくっている。,His playing is out of tune.,Su forma de tocar está desafinada.
5,税,ぜい,{国民}は{国}に{対}して{納}[税]する{義務}がある。,{こくみん}は{くに}に{たい}して{のう}[ぜい]する{ぎむ}がある。,Citizens have an obligation to pay taxes to the country.,Los ciudadanos tienen la obligación de pagar impuestos al país.
5,築,きず,{相手}と{強}い{信}らい{関係}を[築]く。,{あいて}と{つよ}い{しん}らい{かんけい}を[きず]く。,Build strong trusting relationships with others.,Construir relaciones sólidas de confianza con los demás.
5,築,ちく,{古}くなった{家}を{改}[築]する。,{ふる}くなった{いえ}を{かい}[ちく]する。,Renovate an old house.,Renovar una casa antigua.
5,粉,こ,おもちには{何}をつけるのが{好}き？{私}はきな[粉]。,おもちには{なん}をつけるのが{す}き？{わたし}はきな[こ]。,What do you like to put on rice cakes? I am soybean flour.,¿Qué te gusta ponerle a las tortitas de arroz? Soy harina de soja.
5,粉,こな,[粉]{薬}を{飲}もうとしてせきこんでしまう。,[こな]{ぐすり}を{の}もうとしてせきこんでしまう。,I end up coughing while trying to swallow the powder.,Termino tosiendo mientras intento tragar el polvo.
5,粉,ふん,{花}[粉]しょうでくしゃみが{止}まらなくなる。,{か}[ふん]しょうでくしゃみが{と}まらなくなる。,I can't stop sneezing because of pollen.,No puedo dejar de estornudar por el polen.
5,精,せい,[精]{密機械}の{組}み{立}てをロボットに{任}せる。,[せい]{みつきかい}の{く}み{た}てをロボットに{まか}せる。,Entrusting the assembly of precision machinery to robots.,Confiar el montaje de maquinaria de precisión a robots.
5,紀,き,{風}[紀]{委員会}が{学生}の{服装}を{取}りしまる。,{ふう}[き]{いいんかいが}が{くせい}の{ふくそう}を{と}りしまる。,The Discipline Committee controls student clothing.,El Comité de Disciplina controla la vestimenta de los estudiantes.
5,素,そ,{高級}な[素]{材}を{使}った{商品}が{売}られる。,{こうきゅう}な[そ]{ざい}を{つか}った{しょうひん}が{う}られる。,Products made from high-quality materials are sold.,Se venden productos elaborados con materiales de alta calidad.
5,経,けい,イライラして{神}[経]{質}になってしまう。,イライラして{しん}[けい]{しつ}になってしまう。,I get irritated and nervous.,Me irrito y me pongo nervioso.
5,経,へ,いろいろな{場所}を[経]て{荷物}が{自宅}に{届}く。,いろいろな{ばしょ}を[へ]て{にもつ}が{じたく}に{とど}く。,Packages arrive at your home after passing through various locations.,Los paquetes llegan a tu domicilio después de pasar por diversas localidades.
5,統,とう,{豊臣秀吉}は{天下}[統]{一}をした{人物}だ。,{とよとみひでよし}は{てんか}[とう]{いつ}をした{じんぶつ}だ。,Toyotomi Hideyoshi was the man who unified Japan.,Toyotomi Hideyoshi fue el hombre que unificó Japón.
5,絶,ぜつ,ゆうれいを{見}て{気}[絶]してしまった。,ゆうれいを{み}て{き}[ぜつ]してしまった。,I fainted when I saw Yuurei.,Me desmayé cuando vi a Yuurei.
5,絶,た,かれはいつも{笑顔}を[絶]やさない。,かれはいつも{えがお}を[た]やさない。,He never stops smiling.,Nunca deja de sonreír.
5,綿,めん,{役者}との{打}ち{合}わせを[綿]{密}に{行}う。,{やくしゃ}との{う}ち{あ}わせを[めん]{みつ}に{おこな}う。,Conduct detailed meetings with actors.,Realizar reuniones detalladas con los actores.
5,綿,わた,ぬいぐるみの{中}に[綿]をつめる。,ぬいぐるみの{なか}に[わた]をつめる。,Stuff cotton inside the stuffed animal.,Rellena algodón dentro del animal de peluche.
5,総,そう,{漢字辞典}のさく{引}で[総]{画数}から{漢字}を{探}す。,{かんじじてん}のさく{ひき}で[そう]{かくすう}から{かんじ}を{さが}す。,Search for kanji based on the total number of strokes in the kanji dictionary.,Busque kanji según el número total de trazos en el diccionario de kanji.
5,編,あ,お{地蔵}さんの{頭}に[編]みがさをかぶせる。,お{じぞう}さんの{あたま}に[あ]みがさをかぶせる。,Place a woven gasa on the Jizo's head.,Coloca una gasa tejida sobre la cabeza del Jizo.
5,編,へん,パレードの{音楽隊}を[編]{成}する。,パレードの{おんがくたい}を[へん]{せい}する。,Organize a parade band.,Organiza una banda de desfile.
5,績,せき,{先生}から{成}[績]{表}をわたされる。,{せんせい}から{せい}[せき]{ひょう}をわたされる。,The teacher hands you a gradebook.,El profesor te entrega un libro de calificaciones.
5,織,お,[織]りひめとひこ{星}は{年}に{一度}しか{会}えない。,[お]りひめとひこ{ぼし}は{ねん}に{いちど}しか{あ}えない。,Orihime and Hikoboshi can only meet once a year.,Orihime y Hikoboshi sólo pueden verse una vez al año.
5,織,しき,{悪}の{組}[織]にせんにゅうする。,{あく}の{そ}[しき]にせんにゅうする。,Send a message to an evil organization.,Envía un mensaje a una organización malvada.
5,罪,ざい,{会社}のミスについて{社長}が{謝}[罪]する。,{かいしゃ}のミスについて{しゃちょう}が{しゃ}[ざい]する。,The president apologizes for the company's mistake.,El presidente se disculpa por el error de la empresa.
5,罪,つみ,とても{重}い[罪]をおかしてしまう。,とても{おも}い[つみ]をおかしてしまう。,I have committed a very serious crime.,He cometido un delito muy grave.
5,義,ぎ,{中学校}までは[義]{務教育}だ。,{ちゅうがっこう}までは[ぎ]{むきょういく}だ。,Education is compulsory up to junior high school.,La educación es obligatoria hasta la escuela secundaria.
5,耕,こう,あれた{土地}を{整備}して[耕]{地}にする。,あれた{とち}を{せいび}して[こう]{ち}にする。,Develop the old land and turn it into arable land.,Desarrollar la antigua tierra y convertirla en tierra cultivable.
5,耕,たがや,{小}さな{畑}をクワで[耕]す。,{ちい}さな{はたけ}をクワで[たがや]す。,Plow a small field with a hoe.,Arar un campo pequeño con una azada.
5,職,しょく,[職]{人}のたくみなわざを{見学}する。,[しょく]{にん}のたくみなわざを{けんがく}する。,Observe the skillful work of the craftsmen.,Observe el hábil trabajo de los artesanos.
5,肥,こ,よく[肥]えた、まるまるとしたブタがいる。,よく[こ]えた、まるまるとしたブタがいる。,"There is a fat, plump pig.",Hay un cerdo gordo y regordete.
5,肥,こえ,{畑}の{横}にある[肥]だめに{落}ちそうになる。,{はたけ}の{よこ}にある[こえ]だめに{お}ちそうになる。,It almost falls into the manure trough next to the field.,Casi cae al estiércol que hay al lado del campo.
5,肥,ひ,ホームセンターで[肥]{料}を{買}う。,ホームセンターで[ひ]{りょう}を{か}う。,Buy fertilizer at a home center.,Compra fertilizante en un centro para el hogar.
5,能,のう,{機械}の{説明書}を{読}んで、{機}[能]を{確}にんする。,{きかい}の{せつめいしょ}を{よ}んで、{き}[のう]を{かく}にんする。,Read the machine's manual to make sure it functions properly.,Lea el manual de la máquina para asegurarse de que funcione correctamente.
5,脈,みゃく,この{町}は{周}りが{山}[脈]で{囲}まれている。,この{まち}は{まわ}りが{さん}[みゃく]で{かこ}まれている。,This town is surrounded by mountains.,Este pueblo está rodeado de montañas.
5,興,きょう,ペンギンの{暮}らし{方}について[興]{味}を{持}つ。,ペンギンの{く}らし{かた}について[きょう]{み}を{も}つ。,Interested in how penguins live.,Interesado en cómo viven los pingüinos.
5,興,こう,{映画}の{派手}なアクションに[興]{奮}する。,{えいが}の{はで}なアクションに[こう]{ふん}する。,I get excited about the flashy action in movies.,Me entusiasma la acción llamativa de las películas.
5,舎,しゃ,{校}[舎]の{中}に{忘}れ{物}をする。,{こう}[しゃ]の{なか}に{わす}れ{もの}をする。,Lost something in the school building.,Perdí algo en el edificio de la escuela.
5,航,こう,{船}が{汽笛}を{鳴}らして{出}[航]する。,{ふね}が{きてき}を{な}らして{しゅっ}[こう]する。,The ship sounds its whistle and sets sail.,El barco hace sonar su silbato y zarpa.
5,術,じゅつ,{芸}[術]{作品}をじっくりとかんしょうする。,{げい}[じゅつ]{さくひん}をじっくりとかんしょうする。,Study the works of art carefully.,Estudia las obras de arte con atención.
5,衛,えい,{人工}[衛]{星}の{打}ち{上}げに{成功}する。,{じんこう}[えい]{せい}の{う}ち{あ}げに{せいこう}する。,Successfully launches an artificial satellite.,Lanza con éxito un satélite artificial.
5,製,せい,{特}[製]のクリスマスケーキを{作}った。,{とく}[せい]のクリスマスケーキを{つく}った。,I made a special Christmas cake.,Hice un pastel especial de Navidad.
5,複,ふく,トンボの{目}を{観察}すると、[複]{眼}なのがわかった。,トンボの{め}を{かんさつ}すると、[ふく]{がん}なのがわかった。,"When we looked at the dragonfly's eyes, we found that they had compound eyes.","Cuando miramos los ojos de la libélula, descubrimos que tenían ojos compuestos."
5,規,き,{決}められた[規]{則}に{従}って{行動}する。,{き}められた[き]{そく}に{したが}って{こうどう}する。,Act according to established rules.,Actuar según las reglas establecidas.
5,解,かい,アイドルグループが[解]{散}して{兄}が{落}ち{込}んでいる。,アイドルグループが[かい]{さん}して{あに}が{お}ち{こ}んでいる。,My brother is depressed because his idol group has disbanded.,Mi hermano está deprimido porque su grupo ídolo se disolvió.
5,解,と,{二人}ともゲームが{好}きと{分}かってから{一気}に{打}ち[解]けた。,{ふたり}ともゲームが{す}きと{わ}かってから{いっき}に{う}ち[と]けた。,"Once we found out that we both liked games, we hit it off right away.","Una vez que descubrimos que a ambos nos gustaban los juegos, nos llevamos bien de inmediato."
5,設,せつ,{町}に{新}しくスーパーが{建}[設]される。,{まち}に{あたら}しくスーパーが{けん}[せつ]される。,A new supermarket is being built in town.,Se está construyendo un nuevo supermercado en la ciudad.
5,設,もう,{犯人}をつかまえるため、{道路}に{検問所}を[設]ける。,{はんにん}をつかまえるため、{どうろ}に{けんもんしょ}を[もう]ける。,Checkpoints will be set up on roads to catch criminals.,Se instalarán puestos de control en las carreteras para atrapar a los delincuentes.
5,許,きょ,{放課後}に{学校}でケーキを{作}る[許]{可}をもらう。,{ほうかご}に{がっこう}でケーキを{つく}る[きょ]{か}をもらう。,Get permission to make a cake at school after school.,Obtenga permiso para hacer un pastel en la escuela después de la escuela.
5,証,しょう,{理論}が{正}しいことを{実験}で[証]{明}する。,{りろん}が{ただ}しいことを{じっけん}で[しょう]{めい}する。,Experiments prove that the theory is correct.,Los experimentos demuestran que la teoría es correcta.
5,評,ひょう,{自分}の{絵}に{対}する{他}の{人}の[評]{価}が{気}になる。,{じぶん}の{え}に{たい}する{ほか}の{ひと}の[ひょう]{か}が{き}になる。,I'm curious about other people's evaluations of my paintings.,Tengo curiosidad por las evaluaciones que otras personas hacen de mis pinturas.
5,講,こう,{車}のめん{許}を{取}るために[講]{習}を{受}ける。,{くるま}のめん{もと}を{と}るために[こう]{しゅう}を{う}ける。,Attend a course to obtain a driver's license.,Asistir a un curso para obtener una licencia de conducir.
5,謝,しゃ,{仕事}のミスを[謝]{罪}する。,{しごと}のミスを[しゃ]{ざい}する。,Apologize for mistakes at work.,Pide disculpas por los errores en el trabajo.
5,識,しき,{本}を{読}んでいろいろな{知}[識]を{身}につける。,{ほん}を{よ}んでいろいろな{ち}[しき]を{み}につける。,Read books and acquire various knowledge.,Leer libros y adquirir diversos conocimientos.
5,護,ご,{母}の{友達}には{弁}[護]{士}がいる。,{はは}の{ともだち}には{べん}[ご]{し}がいる。,My mother's friend is a lawyer.,La amiga de mi madre es abogada.
5,豊,ほう,{今年}の[豊]{作}を{神}に{感謝}して、{祭}りを{行}う。,{ことし}の[ほう]{さく}を{かみ}に{かんしゃ}して、{まつ}りを{おこな}う。,A festival is held to thank the gods for this year's bountiful harvest.,Se celebra un festival para agradecer a los dioses por la abundante cosecha de este año.
5,豊,ゆた,{平和}で{心}[豊]かな{暮}らしをする。,{へいわ}で{こころ}[ゆた]かな{く}らしをする。,Live a peaceful and fulfilling life.,Viva una vida pacífica y plena.
5,象,しょう,{気}[象]{情報}をもとにして{天気}を{予測}する。,{き}[しょう]{じょうほう}をもとにして{てんき}を{よそく}する。,Predict the weather based on weather information.,Predice el tiempo basándose en la información meteorológica.
5,象,ぞう,[象]が{鼻}でリンゴをつかんで{食}べた。,[ぞう]が{はな}でリンゴをつかんで{た}べた。,The elephant grabbed an apple with its trunk and ate it.,El elefante agarró una manzana con su trompa y se la comió.
5,財,ざい,{貴重}な[財]{産}を{金庫}の{中}に{入}れておく。,{きちょう}な[ざい]{さん}を{きんこ}の{なか}に{い}れておく。,Keep valuable assets in a safe.,Mantenga los activos valiosos en una caja fuerte.
5,貧,びん,[貧]ぼう{神}にとりつかれてしまう。,[びん]ぼう{がみ}にとりつかれてしまう。,I am obsessed with the god of poverty.,Estoy obsesionado con el dios de la pobreza.
5,貧,まず,[貧]しい{人同士}で{助}け{合}う。,[まず]しい{ひとどうし}で{たす}け{あ}う。,Help each other among the poor.,Ayúdense unos a otros entre los pobres.
5,責,せ,そんなに{人}の{失敗}を[責]めるのはやめようよ。,そんなに{ひと}の{しっぱい}を[せ]めるのはやめようよ。,Stop blaming others for their failures so much.,Deja de culpar tanto a los demás por sus fracasos.
5,責,せき,[責]{任}の{重}い{仕事}を{引}き{受}ける。,[せき]{にん}の{おも}い{しごと}を{ひ}き{う}ける。,Accept a job with heavy responsibility.,Acepta un trabajo con gran responsabilidad.
5,貯,ちょ,もしものときに{備}えて[貯]{金}する。,もしものときに{そな}えて[ちょ]{きん}する。,Save money for emergencies.,Ahorre dinero para emergencias.
5,貸,か,お{店}を[貸]し{切}ってパーティーをする。,お{みせ}を[か]し{き}ってパーティーをする。,Rent out the store and have a party.,Alquila la tienda y organiza una fiesta.
5,費,ひ,{冬}は{灯油}の{消}[費]が{多}くなる。,{ふゆ}は{とうゆ}の{しょう}[ひ]が{おお}くなる。,Kerosene consumption increases in winter.,El consumo de queroseno aumenta en invierno.
5,貿,ぼう,かつては{長崎}の{出島}で[貿]{易}が{行}われていた。,かつては{ながさき}の{でじま}で[ぼう]{えき}が{おこな}われていた。,Trade was once carried out at Dejima in Nagasaki.,"Antiguamente el comercio se realizaba en Dejima, en Nagasaki."
5,資,し,{会議}で{使}う[資]{料}を{人数分}コピーする。,{かいぎ}で{つか}う[し]{りょう}を{にんずうぶん}コピーする。,Copy the materials to be used at the meeting for each person.,Copie los materiales que se utilizarán en la reunión para cada persona.
5,賛,さん,{先生}へのプレゼント{計画}に[賛]{成}する。,{せんせい}へのプレゼント{けいかく}に[さん]{せい}する。,Agree to the teacher gift plan.,Acepte el plan de obsequio para maestros.
5,賞,しょう,ビンゴ{大会}で[賞]{品}をもらう。,ビンゴ{たいかい}で[しょう]{ひん}をもらう。,Win prizes at the bingo tournament.,Gana premios en el torneo de bingo.
5,質,しつ,{授業}の{後}、{先生}に[質]{問}しに{行}く。,{じゅぎょう}の{あと}、{せんせい}に[しつ]{もん}しに{い}く。,"After class, go ask the teacher a question.","Después de clase, ve y hazle una pregunta al profesor."
5,輸,ゆ,{大}けがをしたかん{者}に[輸]{血}を{行}う。,{だい}けがをしたかん{しゃ}に[ゆ]{けつ}を{おこな}う。,Perform blood transfusions for seriously injured patients.,Realizar transfusiones de sangre a pacientes gravemente heridos.
5,述,じゅつ,{国語}のテストで{作者}の{気持}ちについて{記}[述]する。,{こくご}のテストで{さくしゃ}の{きも}ちについて{き}[じゅつ]する。,Describing the author's feelings in a Japanese language test.,Describir los sentimientos del autor en una prueba de idioma japonés.
5,述,の,{相手}に{対}する{反論}を[述]べる。,{あいて}に{たい}する{はんろん}を[の]べる。,State your argument against your opponent.,Expresa tu argumento contra tu oponente.
5,迷,まよ,おばけの{館}に[迷]いこんでしまう。,おばけの{やかた}に[まよ]いこんでしまう。,I get lost in a haunted house.,Me pierdo en una casa embrujada.
5,逆,ぎゃく,ふざけながらあやまったら[逆]{効果}だった。,ふざけながらあやまったら[ぎゃく]{こうか}だった。,"I made a mistake while joking around, but it had the opposite effect.","Cometí un error mientras bromeaba, pero tuvo el efecto contrario."
5,逆,さか,{地図}を[逆]さまに{読}んでいたせいで{迷子}になった。,{ちず}を[さか]さまに{よ}んでいたせいで{まいご}になった。,I got lost because I was reading the map upside down.,Me perdí porque estaba leyendo el mapa al revés.
5,造,ぞう,{部屋}の{窓辺}に[造]{花}をかざる。,{へや}の{まどべ}に[ぞう]{か}をかざる。,Place artificial flowers on the windowsill of your room.,Coloque flores artificiales en el alféizar de la ventana de su habitación.
5,造,つく,{大人数}のチームで{貨物船}を[造]る。,{おおにんずう}のチームで{かもつせん}を[つく]る。,Build a cargo ship with a large team.,Construye un barco de carga con un gran equipo.
5,過,か,オタマジャクシがカエルになるまでの[過]{程}を{観察}する。,オタマジャクシがカエルになるまでの[か]{てい}を{かんさつ}する。,Observe the process of a tadpole becoming a frog.,Observe el proceso por el que un renacuajo se convierte en rana.
5,適,てき,{問題}を{解決}する{最}[適]な{方法}を{考}える。,{もんだい}を{かいけつ}する{さい}[てき]な{ほうほう}を{かんが}える。,Think about the best way to solve a problem.,Piensa en la mejor manera de resolver un problema.
5,酸,さん,{植物}は{光合成}で[酸]{素}を{生}み{出}す。,{しょくぶつ}は{ひかりごうせい}で[さん]{そ}を{う}み{だ}す。,Plants produce oxygen through photosynthesis.,Las plantas producen oxígeno a través de la fotosíntesis.
5,鉱,こう,この{街}には{昔}、[鉱]{山}があった。,この{まち}には{むかし}、[こう]{ざん}があった。,There used to be a mine in this town.,Solía ​​haber una mina en este pueblo.
5,銅,どう,{十円玉}は[銅]から{作}られている。,{じゅうえんたま}は[どう]から{つく}られている。,Ten yen coins are made from copper.,Las monedas de diez yenes están hechas de cobre.
5,防,ぼう,あ、[防]{火}とびらの{前}にものは{置}かないで！カギをかけてどろぼうを{防}ぐ。,あ、[ぼう]{か}とびらの{まえ}にものは{お}かないで！カギをかけてどろぼうを{ふせ}ぐ。,"Oh, don't put anything in front of the fire door! Lock the door to prevent thieves.","¡Oh, no pongas nada delante de la puerta contra incendios! Cierra la puerta para evitar ladrones."
5,限,かぎ,[限]られた{時間}でクイズに{答}える。,[かぎ]られた{じかん}でクイズに{こた}える。,Answer the quiz in limited time.,Responda el cuestionario en un tiempo limitado.
5,限,げん,{期間}[限]{定}のおかしをつい{買}ってしまう。,{きかん}[げん]{てい}のおかしをつい{か}ってしまう。,I end up buying limited time snacks.,Termino comprando bocadillos por tiempo limitado.
5,険,けわ,とても[険]しい{山道}を{歩}く。,とても[けわ]しい{さんどう}を{ある}く。,Walk on a very steep mountain path.,Camina por un sendero de montaña muy empinado.
5,険,けん,{消防士}はかなり{危}[険]な{仕事}だ。,{しょうぼうし}はかなり{き}[けん]な{しごと}だ。,Being a firefighter is a pretty dangerous job.,Ser bombero es un trabajo bastante peligroso.
5,際,さい,{写真}ではなく、{実}[際]にオーロラを{見}たことがある。,{しゃしん}ではなく、{じっ}[さい]にオーロラを{み}たことがある。,"I have actually seen the aurora borealis, not just a photo.","De hecho, he visto la aurora boreal, no solo una foto."
5,雑,ざつ,たまたま{会}った{友達}と[雑]{談}する。,たまたま{あ}った{ともだち}と[ざつ]{だん}する。,Chat with friends you meet by chance.,Chatea con amigos que conoces por casualidad.
5,雑,ぞう,[雑]{木林}で{野鳥}を{探}す。,[ぞう]{きばやし}で{やちょう}を{さが}す。,Look for wild birds in the wooded area.,Busque aves silvestres en la zona boscosa.
5,非,ひ,{防災訓練}で[非]{常}ベルが{鳴}る。,{ぼうさいくんれん}で[ひ]{じょう}ベルが{な}る。,An emergency bell rings during a disaster drill.,Suena una campana de emergencia durante un simulacro de desastre.
5,領,りょう,アメリカで{大統}[領]の{選挙}が{行}われる。,アメリカで{だいとう}[りょう]の{せんきょ}が{おこな}われる。,A presidential election is held in America.,Se celebran elecciones presidenciales en Estados Unidos.
5,額,がく,もらった{賞状}を[額]ぶちに{入}れてかざる。,もらった{しょうじょう}を[がく]ぶちに{い}れてかざる。,I put the certificate I received in my frame.,Puse el certificado que recibí en mi marco.
5,額,ひたい,[額]と{額}を{合}わせて{熱}を{測}る。,[ひたい]と{ひたい}を{あ}わせて{ねつ}を{はか}る。,Measure your temperature by pressing your forehead together.,Mide tu temperatura presionando tu frente.
5,飼,か,{犬}が[飼]い{主}とはぐれてしまう。,{いぬ}が[か]い{ぬし}とはぐれてしまう。,A dog gets separated from its owner.,Un perro se separa de su dueño.
5,飼,し,[飼]{育員}がペンギンにエサをあげている。,[し]{いくいん}がペンギンにエサをあげている。,A zookeeper is feeding the penguins.,Un cuidador del zoológico alimenta a los pingüinos.
6,並,なみ,イチョウの[並]{木道}を{歩}く。,イチョウの[なみ]{きみち}を{ある}く。,Walk along the avenue lined with ginkgo trees.,Camine por la avenida bordeada de árboles de ginkgo.
6,並,なら,{本}をタイトル{順}に[並]べてたなにしまう。,{ほん}をタイトル{じゅん}に[なら]べてたなにしまう。,I put the books in order of title.,Puse los libros en orden de título.
6,乱,みだ,テレビの{画面}が[乱]れて{見}づらくなる。,テレビの{がめん}が[みだ]れて{み}づらくなる。,The TV screen becomes distorted and difficult to see.,La pantalla del televisor se distorsiona y resulta difícil de ver.
6,乱,らん,{本}を[乱]{雑}に{積}み{上}げる。,{ほん}を[らん]{ざつ}に{つ}み{あ}げる。,Stack books in a messy manner.,Apila los libros de forma desordenada.
6,乳,ちち,{牛}の[乳]しぼりを{体験}する。,{うし}の[ちち]しぼりを{たいけん}する。,Experience milking a cow.,Experiencia ordeñando una vaca.
6,乳,にゅう,この{農場}では[乳]{牛}が{飼育}されている。,この{のうじょう}では[にゅう]{ぎゅう}が{しいく}されている。,Dairy cows are raised on this farm.,En esta finca se crían vacas lecheras.
6,亡,ぼう,{医者}によって{死}[亡]が{確認}される。,{いしゃ}によって{し}[ぼう]が{かくにん}される。,Death is confirmed by a doctor.,La muerte es confirmada por un médico.
6,仁,じん,[仁]{義}を{大切}にし、{恩}は{必}ず{返}す。,[じん]{ぎ}を{たいせつ}にし、{おん}は{かなら}ず{かえ}す。,Value humanity and be sure to return the favor.,Valora la humanidad y asegúrate de devolver el favor.
6,供,きょう,デパートで、けしょう{品}の{試}[供]{品}をもらった。,デパートで、けしょう{ひん}の{し}[きょう]{ひん}をもらった。,I received a free sample of a cheap product at a department store.,Recibí una muestra gratis de un producto barato en unos grandes almacenes.
6,供,そな,お{墓}の[供]え{物}をぬすんだらばちが{当}たるよ。,お{はか}の[そな]え{もの}をぬすんだらばちが{あ}たるよ。,"If you steal the offerings from the grave, you'll win a drumstick.","Si robas las ofrendas de la tumba, ganarás una baqueta."
6,供,とも,ももたろうのお[供]には、ネコはいない。,ももたろうのお[とも]には、ネコはいない。,Momotaro doesn't have a cat with him.,Momotaro no tiene un gato con él.
6,俵,たわら,{昔}、[俵]は{米}や{塩}などの{入}れ{物}に{使}われた。,{むかし}、[たわら]は{べい}や{しお}などの{い}れ{もの}に{つか}われた。,"In the old days, straw bales were used to store rice, salt, etc.","Antiguamente se utilizaban fardos de paja para almacenar arroz, sal, etc."
6,俵,ひょう,すもうは{土}[俵]から{足}が{出}たら{負}けだよ。,すもうは{ど}[ひょう]から{あし}が{で}たら{ま}けだよ。,"In sumo, if your foot comes out of the ring, you lose.","En el sumo, si tu pie sale del ring, pierdes."
6,値,ち,とても{価}[値]のある{経験}だった。,とても{か}[ち]のある{けいけん}だった。,It was a very valuable experience.,Fue una experiencia muy valiosa.
6,値,ね,{古}い{機種}のスマホが[値]{下}げして{売}られる。,{ふる}い{きしゅ}のスマホが[ね]{さ}げして{う}られる。,Older smartphone models are sold at reduced prices.,Los modelos de teléfonos inteligentes más antiguos se venden a precios reducidos.
6,傷,きず,{転}んでできた[傷]に{消毒液}をかける。,{ころ}んでできた[きず]に{しょうどくえき}をかける。,Apply disinfectant to the wound caused by the fall.,Aplicar desinfectante en la herida provocada por la caída.
6,傷,しょう,{自転車}にぶつかって{軽}[傷]をおう。,{じてんしゃ}にぶつかって{けい}[しょう]をおう。,I was hit by a bicycle and suffered a minor injury.,Me atropelló una bicicleta y sufrí una herida leve.
6,優,ゆう,おじいさんが{電車}の[優]{先席}にすわる。,おじいさんが{でんしゃ}の[ゆう]{せんせき}にすわる。,An old man sits in the priority seat on the train.,Un anciano se sienta en el asiento prioritario del tren.
6,党,とう,{悪}[党]のアジトにせんにゅうする。,{あく}[とう]のアジトにせんにゅうする。,Call the villain's hideout.,Llama al escondite del villano.
6,冊,さつ,{図書室}で{本}を{二}[冊]{借}りる。,{としょしつ}で{ほん}を{に}[さつ]{か}りる。,Borrow two books from the library.,Pide prestados dos libros de la biblioteca.
6,処,しょ,[処]{方}せんを{持}って{薬局}に{行}く。,[しょ]{ほう}せんを{も}って{やっきょく}に{い}く。,Go to the pharmacy with your prescription.,Acude a la farmacia con tu receta.
6,刻,きざ,{目覚}まし{時計}が{数分}[刻]みで{鳴}るよう{設定}する。,{めざ}まし{どけい}が{かずふん}[きざ]みで{な}るよう{せってい}する。,Set your alarm clock to go off every few minutes.,Configure su despertador para que suene cada pocos minutos.
6,刻,こく,うで{時計}で{今}の{時}[刻]を{確認}する。,うで{とけい}で{いま}の{じ}[こく]を{かくにん}する。,Check the current time on your wrist watch.,Consulta la hora actual en tu reloj de pulsera.
6,割,わ,{列}に[割]りこんできた{人}に{注意}をする。,{れつ}に[わ]りこんできた{ひと}に{ちゅうい}をする。,Be careful of people who cut into your line.,Tenga cuidado con las personas que se interponen en su línea.
6,割,わり,{学芸会}での{自分}の{役}[割]を{果}たす。,{がくげいかい}での{じぶん}の{やく}[わり]を{は}たす。,Play your role in the school play.,Juega tu papel en la obra de la escuela.
6,創,そう,◯◯{社}は{今年}で[創]{業}から{五十周年}だ。,◯◯{しゃ}は{ことし}で[そう]{ぎょう}から{ごじゅうしゅうねん}だ。,This year marks the 50th anniversary of ◯◯ company's founding.,Este año se cumple el 50 aniversario de la fundación de la empresa ◯◯.
6,創,つく,あの{芸術家}はいつも{独特}な{作品}を[創]る。,あの{げいじゅつか}はいつも{どくとく}な{さくひん}を[つく]る。,That artist always creates unique works.,Ese artista siempre crea obras únicas.
6,劇,げき,おじいちゃんはいつもテレビで{時代}[劇]を{見}ている。,おじいちゃんはいつもテレビで{じだい}[げき]を{み}ている。,Grandpa always watches historical dramas on TV.,El abuelo siempre ve dramas históricos en la televisión.
6,勤,きん,{明日}は[勤]{労感謝}の{日}だから{学校}は{休}みだ。,{あす}は[きん]{ろうかんしゃ}の{ひ}だから{がっこう}は{やす}みだ。,"Tomorrow is Labor Day, so school will be closed.","Mañana es el Día del Trabajo, por lo que la escuela estará cerrada."
6,危,あぶ,{立入禁止}の{場所}に{入}って[危]ない{目}にあう。,{たちいりきんし}の{ばしょ}に{はい}って[あぶ]ない{め}にあう。,Entering a restricted area and putting yourself in danger.,Entrar en una zona restringida y ponerse en peligro.
6,危,き,ハチはその[危]{険}な{毒針}を{武器}にしている。,ハチはその[き]{けん}な{どくばり}を{ぶき}にしている。,Bees use their dangerous stingers as weapons.,Las abejas utilizan sus peligrosos aguijones como armas.
6,卵,たまご,{朝}に[卵]かけご{飯}を{食}べる。,{あさ}に[たまご]かけご{はん}を{た}べる。,I eat egg-cooked rice in the morning.,Por la mañana como arroz cocido con huevo.
6,厳,きび,あの{先生}、[厳]しいから{苦手}なんだよなあ。,あの{せんせい}、[きび]しいから{にがて}なんだよなあ。,That teacher is so strict that I don't like it.,Ese profesor es tan estricto que no me gusta.
6,厳,げん,{授業中}のおしゃべりを[厳]{禁}される。,{じゅぎょうちゅう}のおしゃべりを[げん]{きん}される。,Talking during class is strictly prohibited.,Está estrictamente prohibido hablar durante la clase.
6,収,おさ,コレクションを{専用}のたなに[収]める。,コレクションを{せんよう}のたなに[おさ]める。,Store your collection in a special cabinet.,Guarde su colección en un gabinete especial.
6,収,しゅう,{本}だなに{買}ってきた{本}を[収]{納}する。,{ほん}だなに{か}ってきた{ほん}を[しゅう]{のう}する。,I store the books I bought in a bookshelf.,Guardo los libros que compré en una estantería.
6,后,ごう,ニュースで{天皇}と{皇}[后]の{映像}が{流}れる。,ニュースで{てんのう}と{こう}[ごう]の{えいぞう}が{なが}れる。,A video of the Emperor and Empress is shown on the news.,En las noticias se muestra un vídeo del Emperador y la Emperatriz.
6,否,ひ,{試験}の{合}[否]が{発表}されるのは{来月}だ。,{しけん}の{ごう}[ひ]が{はっぴょう}されるのは{らいげつ}だ。,The results of the exam will be announced next month.,Los resultados del examen se anunciarán el próximo mes.
6,吸,きゅう,{出番}の{前}に{深呼}[吸]をして{落}ち{着}く。,{でばん}の{まえ}に{しんこ}[きゅう]をして{お}ち{つ}く。,Take a deep breath and calm down before your turn.,Respira hondo y cálmate antes de tu turno.
6,吸,す,ストローでジュースを[吸]って{飲}む。,ストローでジュースを[す]って{の}む。,Drink the juice by sucking it through a straw.,Beba el jugo chupándolo con una pajita.
6,呼,こ,{何度}も{深}[呼]{吸}して{落}ち{着}こうとする。,{なんど}も{しん}[こ]{きゅう}して{お}ち{つ}こうとする。,I take several deep breaths and try to calm down.,Respiro profundamente varias veces y trato de calmarme.
6,呼,よ,{遠}くにいる{友達}をあだ{名}で[呼]ぶ。,{とお}くにいる{ともだち}をあだ{な}で[よ]ぶ。,Call a friend who is far away by a nickname.,Llama a un amigo que está lejos por un apodo.
6,善,ぜん,{乱}れた{生活}リズムを{改}[善]する。,{みだ}れた{せいかつ}リズムを{かい}[ぜん]する。,Improve your disrupted life rhythm.,Mejora tu ritmo de vida alterado.
6,善,よ,[善]い{行}いをして{人}からほめられる。,[よ]い{おこな}いをして{ひと}からほめられる。,Do good deeds and be praised by others.,Haz buenas obras y sé elogiado por los demás.
6,困,こま,{無茶}なことを{言}って{他}の{人}を[困]らせてしまう。,{むちゃ}なことを{い}って{ほか}の{ひと}を[こま]らせてしまう。,Saying unreasonable things and causing trouble to others.,Decir cosas irrazonables y causar problemas a los demás.
6,困,こん,[困]{難}な{問題}を{必死}になって{解決}した。,[こん]{なん}な{もんだい}を{ひっし}になって{かいけつ}した。,He worked hard to solve difficult problems.,Trabajó duro para resolver problemas difíciles.
6,垂,すい,{分度器}と{定規}を{使}って[垂]{直}な{線}を{引}く。,{ぶんどき}と{じょうぎ}を{つか}って[すい]{ちょく}な{せん}を{ひ}く。,Draw a vertical line using a protractor and ruler.,Dibuja una línea vertical usando un transportador y una regla.
6,垂,た,とんかつにソースを[垂]らす。,とんかつにソースを[た]らす。,Drizzle the sauce over the tonkatsu.,Rocíe la salsa sobre el tonkatsu.
6,域,いき,{日}のしずむ{時間}は、{地}[域]ごとにちがう。,{ひ}のしずむ{じかん}は、{ち}[いき]ごとにちがう。,The time of sunset differs from region to region.,La hora del atardecer difiere de una región a otra.
6,奏,そう,{演}[奏]{会}のチケットを{買}う。,{えん}[そう]{かい}のチケットを{か}う。,Buy tickets for a concert.,Compra entradas para un concierto.
6,奮,ふる,{大会}を{開}きます。みな{様}、[奮]ってご{参加}ください！,{たいかい}を{ひら}きます。みな{さま}、[ふる]ってご{さんか}ください！,"We will hold a tournament. Everyone, please join us!","Realizaremos un torneo. ¡Todos, únanse a nosotros!"
6,奮,ふん,クラスメイトの{応}えんで[奮]{起}する。,クラスメイトの{おう}えんで[ふん]{き}する。,I am inspired by the responses of my classmates.,Me inspiran las respuestas de mis compañeros de clase.
6,姿,し,[姿]{勢}の{悪}いすわり{方}を{注意}される。,[し]{せい}の{わる}いすわり{かた}を{ちゅうい}される。,I was warned about the way I sit with bad posture.,Me advirtieron sobre la forma en que me siento con mala postura.
6,姿,すがた,{事件}の{真犯人}が[姿]を{現}す。,{じけん}の{しんはんにん}が[すがた]を{あらわ}す。,The true culprit of the incident appears.,Aparece el verdadero culpable del incidente.
6,存,そん,この{世}には{様々}な{生}き{物}が[存]{在}する。,この{よ}には{さまざま}な{い}き{もの}が[そん]{ざい}する。,There are various living things in this world.,Hay varios seres vivos en este mundo.
6,存,ぞん,{遊園地}を{思}う[存]{分}に{楽}しむ。,{ゆうえんち}を{おも}う[ぞん]{ぶん}に{たの}しむ。,Enjoy the amusement park to your heart's content.,Disfruta del parque de atracciones a tu antojo.
6,孝,こう,{母}のかたをもんで{親}[孝]{行}する。,{はは}のかたをもんで{おや}[こう]{こう}する。,Show your filial piety by massaging your mother.,Muestra tu piedad filial masajeando a tu madre.
6,宅,たく,バスがおくれて、{帰}[宅]がおそくなった。,バスがおくれて、{き}[たく]がおそくなった。,"The bus was late, so I was late getting home.","El autobús llegó tarde, así que llegué tarde a casa."
6,宇,う,ある{日}、いきなり[宇]{宙人}がやってきた。,ある{ひ}、いきなり[う]{ちゅうにん}がやってきた。,"One day, an alien suddenly came.","Un día, de repente llegó un extraterrestre."
6,宗,しゅう,ぼくはどの[宗]{教}にも{入}っていない。,ぼくはどの[しゅう]{きょう}にも{はい}っていない。,I'm not a member of any religion.,No soy miembro de ninguna religión.
6,宙,ちゅう,{宇}[宙]{人}からメッセージが{届}いた。,{う}[ちゅう]{にん}からメッセージが{とど}いた。,I received a message from an alien.,Recibí un mensaje de un extraterrestre.
6,宝,たから,{海}ぞくが{残}したなぞを{解}いて[宝]を{探}す。,{かい}ぞくが{のこ}したなぞを{と}いて[たから]を{さが}す。,Find the treasure by solving the riddles left behind by the ocean.,Encuentra el tesoro resolviendo los acertijos que deja el océano.
6,宝,ほう,{奈良県}にある{東大寺}は{国}[宝]に{指定}されている。,{ならけん}にある{とうだいじ}は{こく}[ほう]に{してい}されている。,Todaiji Temple in Nara Prefecture is designated as a national treasure.,El templo Todaiji en la prefectura de Nara está designado tesoro nacional.
6,宣,せん,テレビで{商品}を[宣]{伝}する。,テレビで{しょうひん}を[せん]{でん}する。,Advertise your products on TV.,Anuncie sus productos en la televisión.
6,密,みつ,{秘}[密]のレシピで{究極}のカレーを{作}る。,{ひ}[みつ]のレシピで{きゅうきょく}のカレーを{つく}る。,Make the ultimate curry with a secret recipe.,Prepara el curry definitivo con una receta secreta.
6,寸,すん,ちこく[寸]{前}の{時間}に{会議室}に{入}る。,ちこく[すん]{ぜん}の{じかん}に{かいぎしつ}に{はい}る。,I entered the conference room just in time.,Entré a la sala de conferencias justo a tiempo.
6,専,せん,おふろ[専]{用}の{洗}ざいを{買}う。,おふろ[せん]{よう}の{せん}ざいを{か}う。,Buy a washcloth specifically for your bath.,Compra una toallita específica para tu baño.
6,射,い,{的}の{真}ん{中}をねらって{矢}を[射]る。,{まと}の{ま}ん{なか}をねらって{や}を[い]る。,Shoot an arrow at the center of the target.,Dispara una flecha al centro del objetivo.
6,射,しゃ,{小}さい{子}が{注}[射]をいやがって{泣}く。,{ちい}さい{こ}が{ちゅう}[しゃ]をいやがって{な}く。,A small child refuses an injection and cries.,Un niño pequeño rechaza una inyección y llora.
6,将,しょう,{戦国時代}には{様々}な{武}[将]が{現}れた。,{せんごくじだい}には{さまざま}な{ぶ}[しょう]が{あらわ}れた。,Various military commanders appeared during the Sengoku period.,Durante el período Sengoku aparecieron varios comandantes militares.
6,尊,そん,{相手}の{価値観}を[尊]{重}する。,{あいて}の{かちかん}を[そん]{ちょう}する。,Respect the values ​​of others.,Respeta los valores de los demás.
6,就,しゅう,☆ ○ {建設会社}に[就]{職}する。,☆ ○ {けんせつかいしゃ}に[しゅう]{しょく}する。,☆ ○ Get a job at a construction company.,☆ ○ Consigue un trabajo en una empresa constructora.
6,尺,しゃく,{地図}の{縮}[尺]を{読}みまちがえる。,{ちず}の{しゅく}[しゃく]を{よ}みまちがえる。,Misreading the scale of the map.,Interpretar mal la escala del mapa.
6,届,とど,{建物}のすみずみまでそうじが{行}き[届]いている。,{たてもの}のすみずみまでそうじが{い}き[とど]いている。,Every corner of the building is thoroughly cleaned.,Se limpia minuciosamente cada rincón del edificio.
6,届,とど,{落}とし{物}を{交番}まで[届]ける。,{お}とし{もの}を{こうばん}まで[とど]ける。,Deliver the lost item to the police box.,Entregue el artículo perdido a la cabina de policía.
6,展,てん,[展]{覧会}に{自分}の{絵}を{出展}する。,[てん]{らんかい}に{じぶん}の{え}を{しゅってん}する。,Exhibit your own paintings at an exhibition.,Exponga sus propias pinturas en una exposición.
6,層,そう,このビルは{階}[層]ごとにちがう{店}が{入}っている。,このビルは{かい}[そう]ごとにちがう{みせ}が{はい}っている。,This building has different shops on each floor.,Este edificio cuenta con diferentes comercios en cada planta.
6,己,こ,{自}[己]{分}せきをして{長所}と{短所}を{整理}する。,{じ}[こ]{ぶん}せきをして{ちょうしょ}と{たんしょ}を{せいり}する。,Take stock of yourself and sort out your strengths and weaknesses.,Haz un balance de ti mismo y ordena tus fortalezas y debilidades.
6,巻,かん,{映画}を{見}た。{圧}[巻]のはく{力}だったよ。,{えいが}を{み}た。{あっ}[かん]のはく{りょく}だったよ。,I saw a movie. It was an amazing effort.,Vi una película. Fue un esfuerzo asombroso.
6,巻,ま,にん{者}に{大切}な[巻]き{物}をぬすまれた。,にん{じゃ}に{たいせつ}な[ま]き{もの}をぬすまれた。,An important scroll was stolen by a ninja.,Un ninja robó un pergamino importante.
6,巻,まき,{赤}[巻]{紙}・{青巻紙}・{黄巻紙}！,{あか}[まき]{がみ}・{あおまきがみ}・{きまきがみ}！,"Red rolling paper, blue rolling paper, yellow rolling paper!","¡Papel de fumar rojo, papel de fumar azul, papel de fumar amarillo!"
6,幕,ばく,{新選組}が{活}やくしたのは[幕]{末}のころだ。,{しんせんぐみ}が{かつ}やくしたのは[ばく]{まつ}のころだ。,The Shinsengumi became active at the end of the Edo period.,El Shinsengumi entró en actividad al final del período Edo.
6,幕,まく,{劇}が{終}わったあと、[幕]を{下}ろす。,{げき}が{お}わったあと、[まく]を{お}ろす。,"After the play is over, the curtain is lowered.","Una vez finalizada la obra, se baja el telón."
6,干,かん,[干]{潮}になった{砂}はまで{貝}を{集}める。,[かん]{ちょう}になった{すな}はまで{かい}を{あつ}める。,"At low tide, the sand collects shellfish.","Durante la marea baja, la arena recoge mariscos."
6,干,ほ,{天気}がいいので{外}に{洗}たく{物}を[干]した。,{てんき}がいいので{そと}に{せん}たく{ぶつ}を[ほ]した。,"The weather was nice, so I hung out the laundry to dry outside.","Hacía buen tiempo, así que tendí la ropa para que se secara afuera."
6,幼,おさな,[幼]いころのことが{少}しずつ{思}い{出}せなくなる。,[おさな]いころのことが{すこ}しずつ{おも}い{だ}せなくなる。,"Little by little, I can no longer remember things from my childhood.",Poco a poco ya no puedo recordar cosas de mi infancia.
6,幼,よう,[幼]{虫}に、エサとしてキャベツの{葉}をあたえる。,[よう]{ちゅう}に、エサとしてキャベツの{は}をあたえる。,Feed the larvae with cabbage leaves as food.,Alimente a las larvas con hojas de col como alimento.
6,庁,ちょう,{東京都}[庁]{舎}の{前}で{写真}をとる。,{とうきょうと}[ちょう]{しゃ}の{まえ}で{しゃしん}をとる。,Take a photo in front of the Tokyo Metropolitan Government Building.,Tome una foto frente al edificio del Gobierno Metropolitano de Tokio.
6,座,ざ,{冬}の{夜空}でオリオン[座]を{探}す。,{ふゆ}の{よぞら}でオリオン[ざ]を{さが}す。,Search for Orion in the winter night sky.,Busca a Orión en el cielo nocturno de invierno.
6,延,えん,{雨}が{降}ったせいで、{今日}の{運動会}は[延]{期}になった。,{あめ}が{ふ}ったせいで、{きょう}の{うんどうかい}は[えん]{き}になった。,"Because of the rain, today's sports day has been postponed.","A causa de la lluvia, la jornada deportiva de hoy ha sido aplazada."
6,延,の,{冬休}みの{宿題}を{先}[延]ばしにしていたら、{最終日}はすごく{大変}だった。,{ふゆやす}みの{しゅくだい}を{さき}[の]ばしにしていたら、{さいしゅうび}はすごく{たいへん}だった。,"I had been putting off doing my homework for winter break, and the last day was really tough.",Había estado postergando mis tareas por las vacaciones de invierno y el último día fue muy duro.
6,律,りつ,{法}[律]を{勉強}して{弁護士}になる。,{ほう}[りつ]を{べんきょう}して{べんごし}になる。,Study law and become a lawyer.,Estudia derecho y conviértete en abogado.
6,従,したが,しつけで{犬}が{命令}に[従]うようになる。,しつけで{いぬ}が{めいれい}に[したが]うようになる。,Training will make your dog follow commands.,El entrenamiento hará que tu perro siga órdenes.
6,従,じゅう,お{店}の[従]{業員}に{声}をかける。,お{みせ}の[じゅう]{ぎょういん}に{こえ}をかける。,Talk to the store's employees.,Habla con los empleados de la tienda.
6,忘,わす,ぼくは[忘]れっぽいからメモをしているんだ。,ぼくは[わす]れっぽいからメモをしているんだ。,I'm forgetful so I take notes.,Soy olvidadizo así que tomo notas.
6,忠,ちゅう,{親}の[忠]{告}にしたがう。,{おや}の[ちゅう]{こく}にしたがう。,Follow your parents' advice.,Sigue los consejos de tus padres.
6,恩,おん,{困}っていたときに{助}けてもらった[恩]を{返}す。,{こま}っていたときに{たす}けてもらった[おん]を{かえ}す。,I would like to return the favor for someone who helped me when I was in trouble.,Me gustaría devolverle el favor a alguien que me ayudó cuando estaba en problemas.
6,憲,けん,{日本国}[憲]{法}の{三大原則}を{暗記}する。,{にっぽんこく}[けん]{ぽう}の{さんだいげんそく}を{あんき}する。,Memorize the three major principles of the Japanese Constitution.,Memorice los tres principios principales de la Constitución japonesa.
6,我,われ,[我]を{忘}れてゲームに{夢中}になる。,[われ]を{わす}れてゲームに{むちゅう}になる。,Lose yourself and get absorbed in the game.,Piérdete y déjate absorber por el juego.
6,批,ひ,スキャンダルで{政治家}が[批]{判}される。,スキャンダルで{せいじか}が[ひ]{はん}される。,Politicians are criticized for scandals.,Los políticos son criticados por los escándalos.
6,承,しょう,{上司}の[承]{認}をもらうために{書類}を{提出}する。,{じょうし}の[しょう]{にん}をもらうために{しょるい}を{ていしゅつ}する。,Submit documents for approval by your supervisor.,Envíe los documentos para la aprobación de su supervisor.
6,担,たん,[担]{任}の{先生}に{大事}なプリントをわたす。,[たん]{にん}の{せんせい}に{だいじ}なプリントをわたす。,Give important printouts to your homeroom teacher.,Entregue impresiones importantes a su maestro de aula.
6,拝,おが,お{地蔵}さんに{手}を{合}わせて[拝]む。,お{じぞう}さんに{て}を{あ}わせて[おが]む。,Put your hands together and worship the Jizo statue.,Junta las manos y adora la estatua de Jizo.
6,拝,はい,{上司}からペンを[拝]{借}する。,{じょうし}からペンを[はい]{しゃく}する。,Borrow a pen from your boss.,Pídele prestado un bolígrafo a tu jefe.
6,拡,かく,くしゃみでウイルスが{空気中}に[拡]{散}する。,くしゃみでウイルスが{くうきちゅう}に[かく]{さん}する。,Sneezing spreads the virus through the air.,Al estornudar se propaga el virus a través del aire.
6,捨,しゃ,{十}の{位}で{四}[捨]{五入}したときの{数}を{答}える。,{じゅう}の{くらい}で{し}[しゃ]{ごにゅう}したときの{かず}を{こた}える。,Answer the number when rounded to the nearest tenth.,Responde el número redondeado a la décima más cercana.
6,捨,す,コンビニで{使}い[捨]てのはしをもらう。,コンビニで{つか}い[す]てのはしをもらう。,Get disposable chopsticks at a convenience store.,Consigue palillos desechables en una tienda de conveniencia.
6,探,さが,{図書館}で{星}についての{本}を[探]す。,{としょかん}で{ほし}についての{ほん}を[さが]す。,Look for books about stars at the library.,Busque libros sobre estrellas en la biblioteca.
6,探,たん,[探]ていに{事件}の{解決}をいらいする。,[たん]ていに{じけん}の{かいけつ}をいらいする。,I need to find a solution to the case.,Necesito encontrar una solución al caso.
6,推,すい,{過去}のデータから{実験}の{結果}を[推]{測}する。,{かこ}のデータから{じっけん}の{けっか}を[すい]{そく}する。,Inferring the results of an experiment from past data.,Inferir los resultados de un experimento a partir de datos pasados.
6,揮,き,{学芸会}の{合奏}で{指}[揮]{者}をやったことがある。,{がくげいかい}の{がっそう}で{し}[き]{しゃ}をやったことがある。,I once served as a conductor for a school performance ensemble.,Una vez trabajé como director de un conjunto de espectáculos escolares.
6,操,そう,スマホを[操]{作}して{友達}に{写真}を{送}る。,スマホを[そう]{さ}して{ともだち}に{しゃしん}を{おく}る。,Use your smartphone to send photos to your friends.,Utilice su teléfono inteligente para enviar fotos a sus amigos.
6,敬,うやま,{先祖}を[敬]って{毎年}お{墓参}りに{行}く。,{せんぞ}を[うやま]って{まいとし}お{はかまい}りに{い}く。,I visit the graves of my ancestors every year to respect them.,Visito las tumbas de mis antepasados ​​todos los años para respetarlos.
6,敬,けい,{先生}には[敬]{語}を{使}って{話}す。,{せんせい}には[けい]{ご}を{つか}って{はな}す。,Speak to your teacher using honorific language.,Habla con tu profesor usando lenguaje honorífico.
6,敵,てき,ダンジョンの{中}で{強}[敵]に{出}くわす。,ダンジョンの{なか}で{きょう}[てき]に{で}くわす。,Encounter a strong enemy in the dungeon.,Encuentra un enemigo fuerte en la mazmorra.
6,映,うつ,{雨}が{降}った{後}の{水}たまりに、{青}い{空}が[映]っている。,{あめ}が{ふ}った{あと}の{みず}たまりに、{あお}い{そら}が[うつ]っている。,The blue sky is reflected in the puddle after it rains.,El cielo azul se refleja en el charco después de la lluvia.
6,映,えい,ねぼうした！{楽}しみにしていた[映]{画}に{間}に{合}わなくなってしまいそうだ。,ねぼうした！{たの}しみにしていた[えい]{が}に{ま}に{あ}わなくなってしまいそうだ。,I fell asleep! It looks like I won't be able to make it in time for the movie I was looking forward to.,¡Me quedé dormido! Parece que no podré llegar a tiempo para ver la película que esperaba.
6,晩,ばん,{旅先}の{旅館}で{一}[晩]{過}ごす。,{たびさき}の{りょかん}で{いち}[ばん]{す}ごす。,Spend the night at an inn while traveling.,Pase la noche en una posada mientras viaja.
6,暖,あたた,[暖]かくなり、{積}もっていた{雪}もとけた。,[あたた]かくなり、{つ}もっていた{ゆき}もとけた。,It was getting warmer and the snow that had piled up had melted.,Hacía más calor y la nieve acumulada se había derretido.
6,暖,あたた,{夜}が{明}けて[暖]かな{太陽}の{光}が{降}り{注}ぐ。,{よる}が{あ}けて[あたた]かな{たいよう}の{ひかり}が{ふ}り{そそ}ぐ。,Night falls and the warm sun shines down.,Cae la noche y brilla el cálido sol.
6,暖,だん,ハワイは{一年中}、{温}[暖]な{気候}だ。,ハワイは{いちねんちゅう}、{おん}[だん]な{きこう}だ。,Hawaii has a warm climate all year round.,Hawái tiene un clima cálido durante todo el año.
6,暮,く,{日}が[暮]れるまで{遊}びに{夢中}になる。,{ひ}が[く]れるまで{あそ}びに{むちゅう}になる。,They are absorbed in playing until the sun goes down.,Están absortos jugando hasta que se pone el sol.
6,朗,ろう,ニュースキャスターは{明}[朗]な{発音}が{大事}だ。,ニュースキャスターは{めい}[ろう]な{はつおん}が{だいじ}だ。,Clear pronunciation is important for newscasters.,La pronunciación clara es importante para los presentadores de noticias.
6,机,つくえ,[机]の{引}き{出}しに{日記}をかくしておく。,[つくえ]の{ひ}き{だ}しに{にっき}をかくしておく。,Keep your diary hidden in your desk drawer.,Mantenga su diario escondido en el cajón de su escritorio.
6,枚,まい,クラス{全員}に{配}るプリントの[枚]{数}を{確認}する。,クラス{ぜんいん}に{くば}るプリントの[まい]{すう}を{かくにん}する。,Check the number of handouts to hand out to each class member.,Verifique la cantidad de folletos para entregar a cada miembro de la clase.
6,染,そ,{服}が{絵}の{具}で{赤}く[染]まる。,{ふく}が{え}の{ぐ}で{あか}く[そ]まる。,Clothes are dyed red with paint.,La ropa está teñida de rojo con pintura.
6,株,かぶ,{木}こりが{切}り[株]にすわって{休}んだ。,{き}こりが{き}り[かぶ]にすわって{やす}んだ。,The woodcutter sat down on a stump and rested.,El leñador se sentó sobre un tocón y descansó.
6,棒,ぼう,ひまつぶしに[棒]{人間}の{落書}きをする。,ひまつぶしに[ぼう]{にんげん}の{らくが}きをする。,I doodle stick figures to kill time.,Garabato muñecos de palitos para matar el tiempo.
6,模,ぼ,{大規}[模]な{花火大会}が{開}かれる。,{だいき}[ぼ]な{はなびたいかい}が{ひら}かれる。,A large-scale fireworks display is held.,Se lleva a cabo un espectáculo de fuegos artificiales a gran escala.
6,模,も,{市松}[模]{様}のハンカチを{買}う。,{いちまつ}[も]{よう}のハンカチを{か}う。,Buy a checkered handkerchief.,Compra un pañuelo a cuadros.
6,権,けん,{日本}では{国}の{主}[権]を{国民}が{持}っている。,{にっぽん}では{くに}の{しゅ}[けん]を{こくみん}が{も}っている。,"In Japan, the people have the sovereignty of the country.","En Japón, el pueblo tiene la soberanía del país."
6,樹,じゅ,{広葉}[樹]{林}の{地図記号}を{忘}れる。,{こうよう}[じゅ]{りん}の{ちずきごう}を{わす}れる。,Forget the deciduous forest map symbol.,Olvídese del símbolo del mapa del bosque de madera dura.
6,欲,よく,かぜのせいで{食}[欲]が{出}ない。,かぜのせいで{しょく}[よく]が{で}ない。,I have no appetite because of my cold.,No tengo apetito debido a mi resfriado.
6,段,だん,{下}[段]の{引}き{出}しからくつ{下}を{取}り{出}す。,{げ}[だん]の{ひ}き{だ}しからくつ{した}を{と}り{だ}す。,Take out the socks from the bottom drawer.,Saca los calcetines del cajón inferior.
6,沿,えん,{潮}の{香}りのする[沿]{岸}の{町}を{散歩}する。,{しお}の{かお}りのする[えん]{がん}の{まち}を{さんぽ}する。,Stroll through the coastal town where you can smell the salty ocean.,Pasee por la ciudad costera donde podrá oler el océano salado.
6,沿,そ,ミシン{目}に[沿]って{少}しずつ、ていねいに{切}りはなす。,ミシン{め}に[そ]って{すこ}しずつ、ていねいに{き}りはなす。,Carefully cut it out little by little along the perforations.,Recorta con cuidado poco a poco por las perforaciones.
6,泉,いずみ,[泉]に{落}としたおのが{神様}の{頭}にぶつかる。,[いずみ]に{お}としたおのが{かみさま}の{あたま}にぶつかる。,The ax dropped into the fountain hits the god on the head.,El hacha arrojada a la fuente golpea al dios en la cabeza.
6,泉,せん,{温}[泉]{上}がりに{冷}たい{牛乳}を{飲}む。,{おん}[せん]{あ}がりに{つめ}たい{ぎゅうにゅう}を{の}む。,Drink cold milk after taking a hot spring.,Beba leche fría después de tomar una fuente termal.
6,洗,あら,{車}についたどろを[洗]い{流}す。,{くるま}についたどろを[あら]い{なが}す。,Wash away mud from your car.,Lave el barro de su automóvil.
6,洗,せん,{父}が[洗]{面所}でひげをそっている。,{ちち}が[せん]{めんじょ}でひげをそっている。,My father is shaving in the bathroom.,Mi padre se afeita en el baño.
6,派,は,{芸人}が[派]{手}な{衣}しょうを{着}て{登場}する。,{げいにん}が[は]{で}な{い}しょうを{き}て{とうじょう}する。,Comedians appear in flashy costumes.,Los comediantes aparecen con trajes llamativos.
6,済,さい,{全}ての{借金}を{返}[済]する。,{すべ}ての{しゃっきん}を{へん}[さい]する。,repay all debts.,pagar todas las deudas.
6,済,す,{仕事}を{午前}のうちに[済]ませる。,{しごと}を{ごぜん}のうちに[す]ませる。,Finish your work in the morning.,Termina tu trabajo por la mañana.
6,源,げん,パソコンの{電}[源]を{切}って{出}かける。,パソコンの{でん}[げん]を{き}って{で}かける。,Turn off your computer and go out.,Apaga tu computadora y sal.
6,源,みなもと,このひどいにおいの[源]はあのゴミ{箱}だ。,このひどいにおいの[みなもと]はあのゴミ{ばこ}だ。,The source of this terrible smell is that garbage can.,La fuente de este terrible olor es ese cubo de basura.
6,潮,しお,{海}からの[潮]{風}で{車}がさびてしまう。,{うみ}からの[しお]{かぜ}で{くるま}がさびてしまう。,The car rusts due to the sea breeze.,El coche se oxida por la brisa del mar.
6,潮,ちょう,お{祭}りの{盛}り{上}がりが{最高}[潮]に{達}する。,お{まつ}りの{も}り{あ}がりが{さいこう}[ちょう]に{たっ}する。,The excitement of the festival reaches its climax.,La emoción del festival llega a su clímax.
6,激,げき,{虫歯}のあるところから[激]{痛}がする。,{むしば}のあるところから[げき]{つう}がする。,I have severe pain from where the cavity is.,Tengo un dolor fuerte desde donde está la cavidad.
6,激,はげ,{口}げんかがどんどん[激]しくなっていった。,{くち}げんかがどんどん[はげ]しくなっていった。,The quarrel became more and more violent.,La pelea se volvió cada vez más violenta.
6,灰,はい,[灰]{色}の{絵}の{具}を{使}ってネズミの{絵}をかく。,[はい]{いろ}の{え}の{ぐ}を{つか}ってネズミの{え}をかく。,Draw a picture of a mouse using gray paint.,Haz un dibujo de un ratón con pintura gris.
6,熟,じゅく,{真}っ{赤}に[熟]したリンゴにかぶりつく。,{ま}っ{か}に[じゅく]したリンゴにかぶりつく。,Bite into a bright red ripe apple.,Muerde una manzana madura de color rojo brillante.
6,片,かた,ケンカになり、[片]っぱしからものを{投}げつける。,ケンカになり、[かた]っぱしからものを{な}げつける。,They get into a fight and throw things at each other.,Se pelean y se tiran cosas unos a otros.
6,班,はん,[班]ごとに{集}まって{話}し{合}いをする。,[はん]ごとに{あつ}まって{はな}し{あ}いをする。,Each group will meet and discuss.,Cada grupo se reunirá y discutirá.
6,異,い,{遠}い[異]{国}の{歴史}に{思}いをはせる。,{とお}い[い]{こく}の{れきし}に{おも}いをはせる。,Thinking about the history of distant countries.,Pensando en la historia de países lejanos.
6,異,こと,{吉田}くんとは[異]なる{意見}を{発表}する。,{よしだ}くんとは[こと]なる{いけん}を{はっぴょう}する。,Presents a different opinion from Yoshida-kun.,Presenta una opinión diferente a la de Yoshida-kun.
6,疑,うたが,{警察}に[疑]われてしまう。,{けいさつ}に[うたが]われてしまう。,The police will suspect you.,La policía sospechará de usted.
6,疑,ぎ,{図}かんで{調}べて[疑]{問}を{解決}する。,{ず}かんで{しら}べて[ぎ]{もん}を{かいけつ}する。,Examine the diagram and solve your questions.,Examina el diagrama y resuelve tus dudas.
6,痛,いた,{部活}でずっと{走}っていたから{足}が[痛]い。,{ぶかつ}でずっと{はし}っていたから{あし}が[いた]い。,My legs hurt from running all the time during my club activities.,Me duelen las piernas por correr todo el tiempo durante las actividades de mi club.
6,痛,いた,{雨}の{日}は{古傷}が[痛]む。,{あめ}の{ひ}は{ふるきず}が[いた]む。,Old wounds hurt on rainy days.,Las viejas heridas duelen en los días de lluvia.
6,痛,つう,{体}を{丸}めて{腹}[痛]をこらえる。,{からだ}を{まる}めて{ふく}[つう]をこらえる。,I curled up and fought back the pain in my stomach.,Me acurruqué y luché contra el dolor de estómago.
6,皇,おう,{大阪}に[皇]{子}がやってきたというニュースが{流}れる。,{おおさか}に[おう]{じ}がやってきたというニュースが{なが}れる。,There is news that a prince has come to Osaka.,Hay noticias de que ha llegado un príncipe a Osaka.
6,皇,こう,{旅行}の{中}で、{東京}にある[皇]{居}を{見学}する。,{りょこう}の{なか}で、{とうきょう}にある[こう]{きょ}を{けんがく}する。,"During my trip, I visited the Imperial Palace in Tokyo.",Durante mi viaje visité el Palacio Imperial de Tokio.
6,盛,も,{昨日}のパーティーはとても[盛]り{上}がった。,{きのう}のパーティーはとても[も]り{あ}がった。,Yesterday's party was very lively.,La fiesta de ayer estuvo muy animada.
6,盟,めい,{国際連合}には、ほぼ{全}ての{国}が{加}[盟]している。,{こくさいれんごう}には、ほぼ{すべ}ての{くに}が{か}[めい]している。,Almost all countries are members of the United Nations.,Casi todos los países son miembros de las Naciones Unidas.
6,看,かん,{入院中}に[看]{護師}さんと{仲良}くなった。,{にゅういんちゅう}に[かん]{ごし}さんと{なかよ}くなった。,I became friends with the nurses while I was in the hospital.,Me hice amiga de las enfermeras mientras estaba en el hospital.
6,砂,さ,[砂]{漠気候}の{地域}について{調}べる。,[さ]{ばくきこう}の{ちいき}について{しら}べる。,Find out about areas with desert climates.,Infórmate sobre zonas con climas desérticos.
6,砂,すな,{小}さい{子}たちが[砂]{場}で{遊}んでいる。,{ちい}さい{こ}たちが[すな]{ば}で{あそ}んでいる。,Small children are playing in the sandbox.,Los niños pequeños juegan en el arenero.
6,磁,じ,{方位}[磁]{針}がくるってしまった。,{ほうい}[じ]{しん}がくるってしまった。,The compass needle has turned.,La aguja de la brújula ha girado.
6,私,し,[私]{有地}に{勝手}に{入}る{人}を{注意}する。,[し]{ゆうち}に{かって}に{はい}る{ひと}を{ちゅうい}する。,Be wary of people entering private property.,Tenga cuidado con las personas que ingresan a propiedades privadas.
6,秘,ひ,{極}[秘]の{資料}がぬすまれてしまう。,{ごく}[ひ]の{しりょう}がぬすまれてしまう。,Top secret materials are stolen.,Se roban materiales ultrasecretos.
6,穀,こく,[穀]{物}を{主食}にしている。,[こく]{もつ}を{しゅしょく}にしている。,Their staple food is grains.,Su alimento básico son los cereales.
6,穴,あな,ドッキリで{芸人}さんが{落}とし[穴]に{落}ちる。,ドッキリで{げいにん}さんが{お}とし[あな]に{お}ちる。,A comedian falls into a trap due to a prank.,Un comediante cae en una trampa debido a una broma.
6,窓,そう,{卒業}した{学校}から{同}[窓]{会}の{案内}が{届}く。,{そつぎょう}した{がっこう}から{どう}[そう]{かい}の{あんない}が{とど}く。,You will receive information about alumni reunions from the school you graduated from.,Recibirás información sobre las reuniones de exalumnos de la escuela de la que te graduaste.
6,窓,まど,{市役所}の[窓]{口}に{書類}を{提出}する。,{しやくしょ}の[まど]{ぐち}に{しょるい}を{ていしゅつ}する。,Submit the documents at the city hall counter.,Presentar los documentos en el mostrador del ayuntamiento.
6,筋,きん,{運動会}の{次}の{日}に[筋]{肉痛}になった。,{うんどうかい}の{つぎ}の{ひ}に[きん]{にくつう}になった。,"The day after the sports day, my muscles hurt.","El día después de la jornada deportiva, me duelen los músculos."
6,筋,すじ,{背}[筋]を{真}っすぐのばして{身長}を{測}る。,{せ}[すじ]を{ま}っすぐのばして{しんちょう}を{はか}る。,Measure your height with your back straight.,Mide tu altura con la espalda recta.
6,策,さく,{手洗}いやうがいなどのインフルエンザ{対}[策]をする。,{てあら}いやうがいなどのインフルエンザ{たい}[さく]をする。,"Take precautions against influenza, such as washing your hands and gargling.","Tome precauciones contra la influenza, como lavarse las manos y hacer gárgaras."
6,簡,かん,[簡]{単}な{問題}だと{思}ったらひっかけ{問題}だった。,[かん]{たん}な{もんだい}だと{おも}ったらひっかけ{もんだい}だった。,"I thought it was an easy problem, but it turned out to be a trick question.","Pensé que era un problema fácil, pero resultó ser una pregunta capciosa."
6,糖,とう,ぶどう[糖]は{脳}みそのエネルギーになる。,ぶどう[とう]は{のう}みそのエネルギーになる。,Glucose provides energy for the brain.,La glucosa proporciona energía al cerebro.
6,系,けい,{家}[系]{図}が{倉庫}のおくから{見}つかった。,{か}[けい]{ず}が{そうこ}のおくから{み}つかった。,A family tree was found in a warehouse.,Se encontró un árbol genealógico en un almacén.
6,紅,こう,クッキーといっしょに[紅]{茶}を{飲}む。,クッキーといっしょに[こう]{ちゃ}を{の}む。,Drink tea with cookies.,Bebe té con galletas.
6,紅,べに,{焼}きそばに[紅]しょうがをのせて{食}べる。,{や}きそばに[べに]しょうがをのせて{た}べる。,Eat fried noodles with pickled ginger.,Come fideos fritos con jengibre encurtido.
6,納,おさ,{国}に{税金}を[納]める。,{くに}に{ぜいきん}を[おさ]める。,pay taxes to the country.,pagar impuestos al país.
6,納,のう,{注文}された{品物}を[納]{品}する。,{ちゅうもん}された{しなもの}を[のう]{ひん}する。,Deliver ordered items.,Entregar artículos pedidos.
6,純,じゅん,おにごっこのルールは{単}[純]だ。,おにごっこのルールは{たん}[じゅん]だ。,The rules of pretend play are simple.,Las reglas del juego imaginario son simples.
6,絹,きぬ,[絹]の{糸}で{編}んだスカーフを{首}に{巻}く。,[きぬ]の{いと}で{あ}んだスカーフを{くび}に{ま}く。,Wrap a scarf knitted from silk thread around your neck.,Envuelva una bufanda tejida con hilo de seda alrededor de su cuello.
6,縦,じゅう,{電車}を{操}[縦]して{駅}に{止}める。,{でんしゃ}を{そう}[じゅう]して{えき}に{と}める。,Control the train and stop it at the station.,Controla el tren y detenlo en la estación.
6,縦,たて,{背}の{順}で[縦]{一列}に{並}んですわる。,{せ}の{じゅん}で[たて]{かずなみ}に{なら}んですわる。,Sit in a vertical line in order of height.,Siéntese en línea vertical en orden de altura.
6,縮,しゅく,{近道}を{通}って{時間}を{短}[縮]する。,{ちかみち}を{とお}って{じかん}を{たん}[しゅく]する。,Save time by taking shortcuts.,Ahorre tiempo tomando atajos.
6,縮,ちぢ,{鉄球}が{冷}やされて[縮]んだ。,{てっきゅう}が{ひ}やされて[ちぢ]んだ。,The iron ball cooled and shrunk.,La bola de hierro se enfrió y se encogió.
6,署,しょ,{犯人}が{警察}[署]に{連行}される。,{はんにん}が{けいさつ}[しょ]に{れんこう}される。,The criminal is taken to the police station.,El delincuente es llevado a la comisaría.
6,翌,よく,{手術}をした[翌]{日}はずっとねていた。,{しゅじゅつ}をした[よく]{じつ}はずっとねていた。,"The day after the surgery, I slept for a long time.",El día después de la cirugía dormí mucho tiempo.
6,聖,せい,オリンピック{会場}に[聖]{火}がともされる。,オリンピック{かいじょう}に[せい]{か}がともされる。,The torch is lit at the Olympic venue.,Se enciende la antorcha en la sede olímpica.
6,肺,はい,[肺]の{病気}にかかってしまう。,[はい]の{びょうき}にかかってしまう。,I get a lung disease.,Tengo una enfermedad pulmonar.
6,胃,い,おなかが{痛}いから、[胃]{腸薬}を{飲}んだ。,おなかが{いた}いから、[い]{ちょうやく}を{の}んだ。,"I had a stomach ache, so I took some stomach medicine.","Me dolía el estómago, así que tomé un medicamento para el estómago."
6,背,せ,{孫}の{手}で[背]{中}をかく。,{まご}の{て}で[せ]{なか}をかく。,My grandson's hand scratches my back.,La mano de mi nieto me rasca la espalda.
6,背,せい,{久}しぶりに{会}った{親}せきと[背]{比}べする。,{ひさ}しぶりに{あ}った{しん}せきと[せい]{くら}べする。,Compare your height with a relative you haven't seen in a while.,Compara tu altura con la de un familiar que no has visto en mucho tiempo.
6,背,はい,{敵}が[背]{後}からおそいかかる。,{てき}が[はい]{ご}からおそいかかる。,The enemy approaches from behind.,El enemigo se acerca por detrás.
6,胸,きょう,{常}にちょう{戦}し{続}けるには、{度}[胸]が{大切}だ。,{つね}にちょう{せん}し{つづ}けるには、{ど}[きょう]が{たいせつ}だ。,Courage is important in order to keep fighting.,El coraje es importante para seguir luchando.
6,胸,むね,{卒業式}の{日}に{先生}が{言}った{言葉}を[胸]に{刻}む。,{そつぎょうしき}の{ひ}に{せんせい}が{い}った{ことば}を[むね]に{きざ}む。,I will keep in mind the words my teacher said on the day of my graduation ceremony.,Tendré presente las palabras que dijo mi maestra el día de mi ceremonia de graduación.
6,脳,のう,{各国}の{首}[脳]が{集}まって{話}し{合}う。,{かっこく}の{しゅ}[のう]が{あつ}まって{はな}し{あ}う。,The leaders of each country gather and discuss.,Los líderes de cada país se reúnen y discuten.
6,腸,ちょう,{胃}[腸]が{弱}くて、よくおなかが{痛}くなる。,{い}[ちょう]が{よわ}くて、よくおなかが{いた}くなる。,I have a weak stomach and often get stomach pains.,Tengo el estómago débil y a menudo me duele el estómago.
6,腹,はら,あいつ、[腹]{黒}いやつだから{気}をつけろよ。,あいつ、[はら]{ぐろ}いやつだから{き}をつけろよ。,"He's a black-hearted guy, so be careful.","Es un tipo desalmado, así que ten cuidado."
6,腹,ふく,あめを{食}べて、{空}[腹]{感}をごまかす。,あめを{た}べて、{くう}[ふく]{かん}をごまかす。,Eat candy to disguise your hunger.,Come dulces para disimular tu hambre.
6,臓,ぞう,{全力}で{走}ったから{心}[臓]がドキドキしている。,{ぜんりょく}で{はし}ったから{しん}[ぞう]がドキドキしている。,My heart is pounding because I ran as fast as I could.,Mi corazón late con fuerza porque corrí lo más rápido que pude.
6,臨,りん,{映画}で、[臨]{場感}のある{演出}にドキドキする。,{えいが}で、[りん]{じょうかん}のある{えんしゅつ}にドキドキする。,I get excited when I see a movie with a sense of realism.,Me emociono cuando veo una película con sensación de realismo.
6,至,いた,{部屋}の[至]る{所}にぬいぐるみが{置}いてある。,{へや}の[いた]る{ところ}にぬいぐるみが{お}いてある。,There are stuffed animals all over the room.,Hay animales de peluche por toda la habitación.
6,至,し,ここから{逆転}するのは[至]{難}のわざだ。,ここから{ぎゃくてん}するのは[し]{なん}のわざだ。,It will be extremely difficult to turn things around from here.,Será extremadamente difícil cambiar las cosas desde aquí.
6,舌,した,いらついて[舌]{打}ちしてしまう。,いらついて[した]{う}ちしてしまう。,I get irritated and click my tongue.,Me irrito y chasqueo la lengua.
6,若,わか,テレビ{番組}で[若]{者}の{意見}がしょうかいされる。,テレビ{ばんぐみ}で[わか]{もの}の{いけん}がしょうかいされる。,Young people's opinions are discussed on TV programs.,Las opiniones de los jóvenes se debaten en los programas de televisión.
6,著,ちょ,{好}きな{本}の[著]{者}にサインを{書}いてもらった。,{す}きな{ほん}の[ちょ]{しゃ}にサインを{か}いてもらった。,I got an autograph from the author of my favorite book.,Recibí un autógrafo del autor de mi libro favorito.
6,蒸,じょう,{水}[蒸]{気}が{空}の{上}で{雲}になる。,{すい}[じょう]{き}が{そら}の{うえ}で{くも}になる。,Water vapor forms clouds in the sky.,El vapor de agua forma nubes en el cielo.
6,蔵,ぞう,おじいさんがお{地}[蔵]さんにかさをかぶせる。,おじいさんがお{じ}[ぞう]さんにかさをかぶせる。,The old man covers the Jizo statue with an umbrella.,El anciano cubre la estatua de Jizo con un paraguas.
6,蚕,かいこ,[蚕]のまゆから{糸}をとる。,[かいこ]のまゆから{いと}をとる。,Taking thread from the cocoon of a silkworm.,Sacando hilo del capullo de un gusano de seda.
6,蚕,さん,{昔}の{群馬県}は{養}[蚕]がさかんだった。,{むかし}の{ぐんまけん}は{よう}[さん]がさかんだった。,Sericulture was popular in Gunma Prefecture in the past.,La sericultura era popular en la prefectura de Gunma en el pasado.
6,衆,しゅう,{公}[衆]{電話}はあまり{見}たことがない。,{こう}[しゅう]{でんわ}はあまり{み}たことがない。,I have never seen a public phone.,Nunca he visto un teléfono público.
6,裁,さい,[裁]{判所}の{前}に{人}だかりができる。,[さい]{ばんしょ}の{まえ}に{ひと}だかりができる。,A crowd forms in front of the courthouse.,Se forma una multitud frente al juzgado.
6,裁,さば,えんま{大王}によって{罪}が[裁]かれる。,えんま{だいおう}によって{つみ}が[さば]かれる。,Sin will be judged by King Enma.,El pecado será juzgado por el rey Enma.
6,装,そう,ちゃんとした{服}[装]でけっこん{式}に{出席}する。,ちゃんとした{ふく}[そう]でけっこん{しき}に{しゅっせき}する。,Attend the ceremony in proper attire.,Asista a la ceremonia con la vestimenta adecuada.
6,裏,うら,プリントの[裏]に{落書}きをする。,プリントの[うら]に{らくが}きをする。,Doodle on the back of the print.,Garabato en la parte posterior de la impresión.
6,補,おぎな,{人手}の{足}りなさをロボットで[補]う。,{ひとで}の{た}りなさをロボットで[おぎな]う。,Compensating for the lack of manpower with robots.,Compensar la falta de mano de obra con robots.
6,補,ほ,リーダーの{発表}を{助手}として[補]{助}する。,リーダーの{はっぴょう}を{じょしゅ}として[ほ]{じょ}する。,Assist the leader's presentation as an assistant.,Asistir en la presentación del líder como asistente.
6,視,し,{周}りからの[視]{線}を{気}にしてしまう。,{まわ}りからの[し]{せん}を{き}にしてしまう。,I worry about what people around me think.,Me preocupa lo que piensa la gente que me rodea.
6,覧,らん,{遊園地}で{観}[覧]{車}に{乗}る。,{ゆうえんち}で{かん}[らん]{しゃ}に{の}る。,Ride a Ferris wheel at an amusement park.,Montar en una noria en un parque de diversiones.
6,討,とう,{授業}で[討]{論会}を{行}う。,{じゅぎょう}で[とう]{ろんかい}を{おこな}う。,Hold a discussion session in class.,Realizar una sesión de discusión en clase.
6,訪,たず,[訪]ねてきたお{客}さんを{笑顔}でむかえる。,[たず]ねてきたお{きゃく}さんを{えがお}でむかえる。,Greet visitors with a smile.,Salude a los visitantes con una sonrisa.
6,訪,ほう,{遠}い{場所}からの{来}[訪]{者}。,{とお}い{ばしょ}からの{らい}[ほう]{しゃ}。,visitors from faraway places.,visitantes de lugares lejanos.
6,訳,やく,{英語}から{日本語}にほん[訳]された{本}を{読}む。,{えいご}から{にほんご}にほん[やく]された{ほん}を{よ}む。,Read books translated from English to Japanese.,Leer libros traducidos del inglés al japonés.
6,訳,わけ,どうすればそうなるのか、まるで[訳]が{分}からない。,どうすればそうなるのか、まるで[わけ]が{わ}からない。,I don't really understand how this can be done.,Realmente no entiendo cómo se puede hacer esto.
6,詞,し,{好}きな{曲}の{歌}[詞]を{覚}える。,{す}きな{きょく}の{か}[し]を{おぼ}える。,Memorize the lyrics of your favorite songs.,Memoriza las letras de tus canciones favoritas.
6,誌,し,{書}いた{日}[誌]を{先生}にわたして{帰}る。,{か}いた{にっ}[し]を{せんせい}にわたして{かえ}る。,I give the journal I wrote to my teacher and go home.,Le doy el diario que escribí a mi maestra y me voy a casa.
6,認,みと,かの{女}の{両親}にけっこんを[認]めてもらう。,かの{おんな}の{りょうしん}にけっこんを[みと]めてもらう。,Get the woman's parents to approve of it.,Consiga que los padres de la mujer lo aprueben.
6,誕,たん,{母}の[誕]{生日}プレゼントを{買}いに{行}く。,{はは}の[たん]{じょうび}プレゼントを{か}いに{い}く。,I'm going to buy a birthday present for my mother.,Voy a comprar un regalo de cumpleaños para mi madre.
6,誠,せい,お{客}さんに{対}して[誠]{実}な{商売}をする。,お{きゃく}さんに{たい}して[せい]{じつ}な{しょうばい}をする。,Conduct honest business with customers.,Realizamos negocios con integridad hacia nuestros clientes.
6,誤,あやま,[誤]った{県庁所在地}を{覚}えてしまう。,[あやま]った{けんちょうしょざいち}を{おぼ}えてしまう。,I remember the wrong prefectural capital location.,Recuerdo la ubicación equivocada de la capital de la prefectura.
6,誤,ご,[誤]{解}が{原因}で{大}ゲンカになった。,[ご]{かい}が{げんいん}で{おお}ゲンカになった。,A misunderstanding led to a big fight.,Un malentendido provocó una gran pelea.
6,論,ろん,この{重大}な{議}[論]は{何日}も{続}いた。,この{じゅうだい}な{ぎ}[ろん]は{なんにち}も{つづ}いた。,This serious discussion lasted for many days.,Esta seria discusión duró muchos días.
6,諸,しょ,{小笠原}[諸]{島}は{世界遺産}に{登録}されている。,{おがさわら}[しょ]{とう}は{せかいいさん}に{とうろく}されている。,The Ogasawara Islands are registered as a World Heritage Site.,Las islas Ogasawara están registradas como Patrimonio de la Humanidad.
6,警,けい,どろぼうがいたので[警]{察}に{通報}した。,どろぼうがいたので[けい]{さつ}に{つうほう}した。,"There was a thief, so I called the police.","Había un ladrón, así que llamé a la policía."
6,貴,き,{銭湯}で[貴]{重品}をコインロッカーに{預}ける。,{せんとう}で[き]{ちょうひん}をコインロッカーに{あず}ける。,Leave your valuables in a coin locker at the public bath.,Deje sus objetos de valor en un casillero con monedas en el baño público.
6,賃,ちん,{大家}さんに{今月}の{家}[賃]をわたす。,{おおや}さんに{こんげつ}の{や}[ちん]をわたす。,Give this month's rent to your landlord.,Entregue el alquiler de este mes a su arrendador.
6,退,しりぞ,{味方}の{活}やくで{敵}は[退]いていった。,{みかた}の{かつ}やくで{てき}は[しりぞ]いていった。,"Thanks to the efforts of our allies, the enemy retreated.","Gracias a los esfuerzos de nuestros aliados, el enemigo se retiró."
6,退,たい,お{札}でようかいを[退]{治}する。,お{さつ}でようかいを[たい]{じ}する。,Get rid of the monsters with bills.,Deshazte de los monstruos con billetes.
6,遺,い,ある[遺]せきから、とんでもないお{宝}が{見}つかった。,ある[い]せきから、とんでもないお{たから}が{み}つかった。,An incredible treasure was found in a certain ruin.,Un tesoro increíble fue encontrado en cierta ruina.
6,郵,ゆう,ポストから[郵]{便物}が{回収}される。,ポストから[ゆう]{びんぶつ}が{かいしゅう}される。,Mail is collected from the mailbox.,El correo se recoge del buzón.
6,郷,きょう,{旅行先}で[郷]{土料理}をごちそうしてもらった。,{りょこうさき}で[きょう]{どりょうり}をごちそうしてもらった。,I was treated to local cuisine while traveling.,Me obsequiaron con la cocina local mientras viajaba.
6,針,しん,[針]{路}を{東}にとって{船}が{出発}する。,[しん]{ろ}を{ひがし}にとって{ふね}が{しゅっぱつ}する。,The ship sets its course east and departs.,El barco pone rumbo al este y parte.
6,針,はり,{時計}の[針]が{六分}おくれている。,{とけい}の[はり]が{ろくふん}おくれている。,The clock's hands are six minutes behind.,Las manecillas del reloj tienen un retraso de seis minutos.
6,銭,せん,{家}のおふろがこわれたので[銭]{湯}に{行}く。,{いえ}のおふろがこわれたので[せん]{とう}に{い}く。,"My bathtub at home broke, so I went to a public bath.",La bañera de mi casa se rompió y fui a un baño público.
6,鋼,こう,[鋼]{鉄}のよろいを{着}ていくさに{出}る。,[こう]{てつ}のよろいを{き}ていくさに{で}る。,He goes out wearing armor of steel.,Sale con una armadura de acero.
6,閉,し,{窓}を[閉]め{忘}れたまま、ねむってしまう。,{まど}を[し]め{わす}れたまま、ねむってしまう。,I forgot to close the window and fell asleep.,Olvidé cerrar la ventana y me quedé dormido.
6,閉,と,まぶしい{光}に{思}わず{目}を[閉]じる。,まぶしい{ひかり}に{おも}わず{め}を[と]じる。,I closed my eyes involuntarily due to the bright light.,Cerré los ojos involuntariamente debido a la luz brillante.
6,閉,へい,お{客様}、そろそろ[閉]{店}の{時間}ですよ。,お{きゃくさま}、そろそろ[へい]{てん}の{じかん}ですよ。,"Dear customers, it's almost time to close.","Estimados clientes, ya casi es hora de cerrar."
6,閣,かく,にん{者}が{天守}[閣]にしのびこむ。,にん{じゃ}が{てんしゅ}[かく]にしのびこむ。,A ninja sneaks into the castle tower.,Un ninja se cuela en la torre del castillo.
6,降,お,{電車}を[降]りて{新幹線}に{乗}りかえる。,{でんしゃ}を[お]りて{しんかんせん}に{の}りかえる。,Get off the train and transfer to the Shinkansen.,Bajarse del tren y trasladarse al Shinkansen.
6,降,こう,いきなりの[降]{雨}でびしょぬれになった。,いきなりの[こう]{う}でびしょぬれになった。,I got drenched from the sudden rain.,Me empapé por la lluvia repentina.
6,降,ふ,[降]ってきた{鳥}のフンに{当}たりかける。,[ふ]ってきた{とり}のフンに{あ}たりかける。,It almost hits the falling bird droppings.,Casi golpea los excrementos de pájaros que caen.
6,陛,へい,{天皇}[陛]{下}から{国民}に{向}けたお{言葉}が{報道}される。,{てんのう}[へい]{か}から{こくみん}に{む}けたお{ことば}が{ほうどう}される。,Words from His Majesty the Emperor to the people will be reported.,Se comunicarán las palabras de Su Majestad el Emperador al pueblo.
6,除,じょ,{家}の{前}の{雪}を[除]{雪}する。,{いえ}の{まえ}の{ゆき}を[じょ]{せつ}する。,Remove the snow in front of the house.,Retire la nieve frente a la casa.
6,除,のぞ,じゃがいもから{芽}を{取}り[除]く。,じゃがいもから{め}を{と}り[のぞ]く。,Remove sprouts from potatoes.,Retire los brotes de las patatas.
6,障,しょう,{和室}の[障]{子}を{張}りかえる。,{わしつ}の[しょう]{じ}を{は}りかえる。,Replace the shoji in the Japanese-style room.,Reemplaza el shoji en la habitación de estilo japonés.
6,難,なん,テストで{最後}の[難]{問}に{苦戦}する。,テストで{さいご}の[なん]{もん}に{くせん}する。,Struggling with the last difficult question on the test.,Luchando con la última pregunta difícil del examen.
6,難,むずか,だれにも{解}けないくらい[難]しいめいろを{作}る。,だれにも{と}けないくらい[むずか]しいめいろを{つく}る。,Create a puzzle that is so difficult that no one can solve it.,Crea un rompecabezas que sea tan difícil que nadie pueda resolverlo.
6,革,かく,{昔}、イギリスで{産業}[革]{命}が{起}こった。,{むかし}、イギリスで{さんぎょう}[かく]{めい}が{お}こった。,"A long time ago, the Industrial Revolution occurred in England.",Hace mucho tiempo se produjo la Revolución Industrial en Inglaterra.
6,頂,いただ,せんぱいから{旅行}のおみやげを[頂]いた。,せんぱいから{りょこう}のおみやげを[いただ]いた。,I received a souvenir from my trip from Senpai.,Recibí un recuerdo de mi viaje de Senpai.
6,頂,いただき,{山}の[頂]に{雲}がかかる。,{やま}の[いただき]に{くも}がかかる。,Clouds hang over the top of the mountain.,Las nubes cuelgan sobre la cima de la montaña.
6,頂,ちょう,{富士山}の{山}[頂]からのながめは{絶景}だ。,{ふじやま}の{さん}[ちょう]からのながめは{ぜっけい}だ。,The view from the top of Mt. Fuji is spectacular.,La vista desde la cima del monte Fuji es espectacular.
6,預,あず,{銀行}にお{金}を[預]ける。,{ぎんこう}にお{かね}を[あず]ける。,deposit money in the bank.,depositar dinero en el banco.
6,預,あず,{飛行機}に{乗}る{前}に{荷物}を[預]かってもらう。,{ひこうき}に{の}る{まえ}に{にもつ}を[あず]かってもらう。,Please check your luggage before boarding the plane.,Por favor revise su equipaje antes de abordar el avión.
6,預,よ,[預]{金通帳}をタンスのおくにしまう。,[よ]{きんつうちょう}をタンスのおくにしまう。,I put my bankbook in the drawer.,Guardé mi libreta en el cajón.
6,骨,こつ,{工事現場}に{鉄}[骨]が{運}ばれてきた。,{こうじげんば}に{てっ}[こつ]が{はこ}ばれてきた。,Steel frames have been delivered to the construction site.,Se han entregado estructuras de acero al lugar de la construcción.
6,骨,ほね,{勢}いよく{転}んで[骨]にヒビが{入}ってしまった。,{いきお}いよく{ころ}んで[ほね]にヒビが{はい}ってしまった。,I fell down hard and cracked my bone.,Me caí fuerte y me rompí el hueso.
